"kept_as","member_index","matched_on","database","file","year","doi","pmid","title"
"R00001","0","first","Europe PMC","europepmc_2026-10-08.csv","2026","10.1016/j.hansur.2026.102759","42612822","Biomechanical comparison of scapholunate reconstruction techniques in a type II wrist model."
"R00001","487","pmid","PubMed/MEDLINE","pubmed_2026-10-08.nbib","2026","10.1016/j.hansur.2026.102759","42612822","Biomechanical comparison of scapholunate reconstruction techniques in a type II wrist model."
"R00002","1","first","Europe PMC","europepmc_2026-10-08.csv","2026","10.1016/j.jham.2026.100493","42662883","Long-term outcomes of SLIC 2 ligamentoplasty for chronic static scapholunate dissociation: a minimum 5-year follow-up study."
"R00002","482","pmid","PubMed/MEDLINE","pubmed_2026-10-08.nbib","2026","10.1016/j.jham.2026.100493","42662883","Long-term outcomes of SLIC 2 ligamentoplasty for chronic static scapholunate dissociation: a minimum 5-year follow-up study."
"R00003","2","first","Europe PMC","europepmc_2026-10-08.csv","2026","10.1177/17531934261466074","42487483","Primary and secondary stabilizers of the scapholunate joint: a systematic review of cadaveric ligament sectioning studies."
"R00003","494","pmid","PubMed/MEDLINE","pubmed_2026-10-08.nbib","2026","10.1177/17531934261466074","42487483","Primary and secondary stabilizers of the scapholunate joint: a systematic review of cadaveric ligament sectioning studies."
"R00005","4","first","Europe PMC","europepmc_2026-10-08.csv","2026","10.1016/j.jhsa.2025.12.024","41762192","Scapholunate Ligament Reconstruction with Suture Augmentation: a Biomechanical Analysis."
"R00005","535","pmid","PubMed/MEDLINE","pubmed_2026-10-08.nbib","2026","10.1016/j.jhsa.2025.12.024","41762192","Scapholunate Ligament Reconstruction with Suture Augmentation: a Biomechanical Analysis."
"R00006","5","first","Europe PMC","europepmc_2026-10-08.csv","2025","10.1007/s00402-025-06113-2","41359077","Scaphoid nonunion in the presence of a Scapho-Lunate coalition: a rare case report."
"R00006","555","pmid","PubMed/MEDLINE","pubmed_2026-10-08.nbib","2025","10.1007/s00402-025-06113-2","41359077","Scaphoid nonunion in the presence of a Scapho-Lunate coalition: a rare case report."
"R00007","6","first","Europe PMC","europepmc_2026-10-08.csv","2026","10.1177/17531934251403421","41355139","Mid-term outcomes of scapholunate ligament reconstruction with internal brace augmentation."
"R00007","558","pmid","PubMed/MEDLINE","pubmed_2026-10-08.nbib","2026","10.1177/17531934251403421","41355139","Mid-term outcomes of scapholunate ligament reconstruction with internal brace augmentation."
"R00008","7","first","Europe PMC","europepmc_2026-10-08.csv","2025","10.1055/s-0044-1793840","40395821","Treatment of Chronic Scapholunate Dissociation with FCR Tenodesis: A Systematic Review of the Results of MBT and 3LT Technique."
"R00008","605","pmid","PubMed/MEDLINE","pubmed_2026-10-08.nbib","2025","10.1055/s-0044-1793840","40395821","Treatment of Chronic Scapholunate Dissociation with FCR Tenodesis: A Systematic Review of the Results of MBT and 3LT Technique."
"R00009","8","first","Europe PMC","europepmc_2026-10-08.csv","2025","10.1016/j.jhsa.2025.07.022","40944679","Weight-Bearing Computed Tomography Analysis of Scapholunate Ligament Injury."
"R00009","576","pmid","PubMed/MEDLINE","pubmed_2026-10-08.nbib","2025","10.1016/j.jhsa.2025.07.022","40944679","Weight-Bearing Computed Tomography Analysis of Scapholunate Ligament Injury."
"R00010","9","first","Europe PMC","europepmc_2026-10-08.csv","2025","10.1016/j.jham.2025.100338","40895176","Challenges and complications of trans-osseous carpal tenodesis for scapholunate ligament tears."
"R00010","578","pmid","PubMed/MEDLINE","pubmed_2026-10-08.nbib","2025","10.1016/j.jham.2025.100338","40895176","Challenges and complications of trans-osseous carpal tenodesis for scapholunate ligament tears."
"R00011","10","first","Europe PMC","europepmc_2026-10-08.csv","2025","10.1002/jor.26049","39893567","Carpal Kinematics in the Normal, Scapholunate Ligament Deficient, and Surgically Reconstructed Wrist."
"R00011","625","pmid","PubMed/MEDLINE","pubmed_2026-10-08.nbib","2025","10.1002/jor.26049","39893567","Carpal Kinematics in the Normal, Scapholunate Ligament Deficient, and Surgically Reconstructed Wrist."
"R00012","11","first","Europe PMC","europepmc_2026-10-08.csv","2025","10.1186/s13018-025-06296-9","40983967","Do wrist anatomical differences predispose to scapholunate ligament injury? A case-control radiographic study."
"R00012","573","pmid","PubMed/MEDLINE","pubmed_2026-10-08.nbib","2025","10.1186/s13018-025-06296-9","40983967","Do wrist anatomical differences predispose to scapholunate ligament injury? A case-control radiographic study."
"R00013","12","first","Europe PMC","europepmc_2026-10-08.csv","2026","10.1055/a-2772-1406","42787900","Isolated Volar Scapholunate Ligament Tear Treated with Palmaris Longus Tenodesis."
"R00013","477","pmid","PubMed/MEDLINE","pubmed_2026-10-08.nbib","2026","10.1055/a-2772-1406","42787900","Isolated Volar Scapholunate Ligament Tear Treated with Palmaris Longus Tenodesis."
"R00014","13","first","Europe PMC","europepmc_2026-10-08.csv","2025","10.1016/j.jhsa.2024.10.019","39674944","Minimally Invasive Radiolunate Imbrication Neutralization (MIRLIN) Procedure."
"R00014","634","pmid","PubMed/MEDLINE","pubmed_2026-10-08.nbib","2025","10.1016/j.jhsa.2024.10.019","39674944","Minimally Invasive Radiolunate Imbrication Neutralization (MIRLIN) Procedure."
"R00015","14","first","Europe PMC","europepmc_2026-10-08.csv","2024","10.1016/j.hansur.2024.101762","39127156","Clinical, radiological and dynamic CT results of scapholunate intercarpal ligamentoplasty for scapholunate dissociation."
"R00015","656","pmid","PubMed/MEDLINE","pubmed_2026-10-08.nbib","2024","10.1016/j.hansur.2024.101762","39127156","Clinical, radiological and dynamic CT results of scapholunate intercarpal ligamentoplasty for scapholunate dissociation."
"R00016","15","first","Europe PMC","europepmc_2026-10-08.csv","2026","10.1177/15589447251395094","41904622","The Effect of Scaphoid Overstuffing on Radiocarpal Contact Pressures."
"R00016","520","pmid","PubMed/MEDLINE","pubmed_2026-10-08.nbib","2026","10.1177/15589447251395094","41904622","The Effect of Scaphoid Overstuffing on Radiocarpal Contact Pressures."
"R00017","16","first","Europe PMC","europepmc_2026-10-08.csv","2025","10.1016/j.jhsa.2025.07.037","40975829","Long-Term Surgical Outcomes of Dorsal Capsulodesis and Three-Ligament Tenodesis in Midcarpal Instability: A Mean Follow-Up of 8 Years."
"R00017","574","pmid","PubMed/MEDLINE","pubmed_2026-10-08.nbib","2025","10.1016/j.jhsa.2025.07.037","40975829","Long-Term Surgical Outcomes of Dorsal Capsulodesis and Three-Ligament Tenodesis in Midcarpal Instability: A Mean Follow-Up of 8 Years."
"R00018","17","first","Europe PMC","europepmc_2026-10-08.csv","2026","10.1016/j.jhsa.2026.01.025","41823917","Biomechanics of a Scapholunate Bridge Augmentation Technique Using All-Suture, Knotless Anchors."
"R00018","529","pmid","PubMed/MEDLINE","pubmed_2026-10-08.nbib","2026","10.1016/j.jhsa.2026.01.025","41823917","Biomechanics of a Scapholunate Bridge Augmentation Technique Using All-Suture, Knotless Anchors."
"R00019","18","first","Europe PMC","europepmc_2026-10-08.csv","2026","10.1007/s00132-026-04821-0","41989552","[Arthroscopic treatment of scapholunate injuries : Diagnosis, classification, and the 4R algorithm]."
"R00019","516","pmid","PubMed/MEDLINE","pubmed_2026-10-08.nbib","2026","10.1007/s00132-026-04821-0","41989552","[Arthroscopic treatment of scapholunate injuries : Diagnosis, classification, and the 4R algorithm]."
"R00020","19","first","Europe PMC","europepmc_2026-10-08.csv","2025","10.1016/j.jhsg.2025.01.010","40496408","A Biomechanical Comparison of Three Current Scapholunate Reconstruction Methods."
"R00020","600","pmid","PubMed/MEDLINE","pubmed_2026-10-08.nbib","2025","10.1016/j.jhsg.2025.01.010","40496408","A Biomechanical Comparison of Three Current Scapholunate Reconstruction Methods."
"R00021","20","first","Europe PMC","europepmc_2026-10-08.csv","2026","10.1177/17531934261464770","42433044","Radiographic alignment is not associated with patient-reported symptoms after 360° scapholunate ligament reconstruction."
"R00021","497","pmid","PubMed/MEDLINE","pubmed_2026-10-08.nbib","2026","10.1177/17531934261464770","42433044","Radiographic alignment is not associated with patient-reported symptoms after 360 degrees  scapholunate ligament reconstruction."
"R00022","21","first","Europe PMC","europepmc_2026-10-08.csv","2026","10.5704/moj.2603.023","42078979","Capitate Fracture with Scapholunate Ligament Rupture: A Case Report."
"R00022","514","pmid","PubMed/MEDLINE","pubmed_2026-10-08.nbib","2026","10.5704/moj.2603.023","42078979","Capitate Fracture with Scapholunate Ligament Rupture: A Case Report."
"R00023","22","first","Europe PMC","europepmc_2026-10-08.csv","2023","10.3390/bioengineering10111310","38002435","Biomechanical Comparisons of Different Reconstructive Techniques for Scapholunate Dissociation: A Cadaveric Study."
"R00023","713","pmid","PubMed/MEDLINE","pubmed_2026-10-08.nbib","2023","10.3390/bioengineering10111310","38002435","Biomechanical Comparisons of Different Reconstructive Techniques for Scapholunate Dissociation: A Cadaveric Study."
"R00024","23","first","Europe PMC","europepmc_2026-10-08.csv","2024","10.1016/j.jhsg.2023.11.003","38903845","Preliminary Outcomes of Scapholunate Ligament Augmentation with Internal Brace Technique."
"R00024","669","pmid","PubMed/MEDLINE","pubmed_2026-10-08.nbib","2024","10.1016/j.jhsg.2023.11.003","38903845","Preliminary Outcomes of Scapholunate Ligament Augmentation with Internal Brace Technique."
"R00025","24","first","Europe PMC","europepmc_2026-10-08.csv","2026","10.1055/a-2662-1273","41869482","Volar-Dorsal Arthroscopic Repair for Scapholunate Ligament Injuries: A Case Series and Treatment Algorithm."
"R00025","522","pmid","PubMed/MEDLINE","pubmed_2026-10-08.nbib","2026","10.1055/a-2662-1273","41869482","Volar-Dorsal Arthroscopic Repair for Scapholunate Ligament Injuries: A Case Series and Treatment Algorithm."
"R00026","25","first","Europe PMC","europepmc_2026-10-08.csv","2026","10.1177/17531934261428319","41808659","Functional and radiological outcomes of the all-dorsal technique for scapholunate ligament reconstruction."
"R00026","532","pmid","PubMed/MEDLINE","pubmed_2026-10-08.nbib","2026","10.1177/17531934261428319","41808659","Functional and radiological outcomes of the all-dorsal technique for scapholunate ligament reconstruction."
"R00027","26","first","Europe PMC","europepmc_2026-10-08.csv","2025","10.1016/j.jham.2025.100288","40529385","Stabilization of the scapholunate interval with interference fit screws: How to do it safely."
"R00027","596","pmid","PubMed/MEDLINE","pubmed_2026-10-08.nbib","2025","10.1016/j.jham.2025.100288","40529385","Stabilization of the scapholunate interval with interference fit screws: How to do it safely."
"R00028","27","first","Europe PMC","europepmc_2026-10-08.csv","2026","10.1097/bpo.0000000000003409","42438053","Outcomes of Distal Radius Autograft in Adolescent Scaphoid Nonunion Repair."
"R00028","496","pmid","PubMed/MEDLINE","pubmed_2026-10-08.nbib","2026","10.1097/bpo.0000000000003409","42438053","Outcomes of Distal Radius Autograft in Adolescent Scaphoid Nonunion Repair."
"R00029","28","first","Europe PMC","europepmc_2026-10-08.csv","2026","10.1155/cro/8733635","42370074","Radiocarpal Dislocation With Isolated Ulnar Translocation: Case Report and Review of the Literature."
"R00029","500","pmid","PubMed/MEDLINE","pubmed_2026-10-08.nbib","2026","10.1155/cro/8733635","42370074","Radiocarpal Dislocation With Isolated Ulnar Translocation: Case Report and Review of the Literature."
"R00030","29","first","Europe PMC","europepmc_2026-10-08.csv","2025","10.1016/j.eats.2025.103820","41220649","Arthroscopic Graft Reconstruction for Nonrepairable Scapholunate Ligament Injuries."
"R00030","566","pmid","PubMed/MEDLINE","pubmed_2026-10-08.nbib","2025","10.1016/j.eats.2025.103820","41220649","Arthroscopic Graft Reconstruction for Nonrepairable Scapholunate Ligament Injuries."
"R00031","30","first","Europe PMC","europepmc_2026-10-08.csv","2026","10.1055/a-2807-3475","42114702","State of the Art: Scapholunate Ligament Injuries."
"R00031","512","pmid","PubMed/MEDLINE","pubmed_2026-10-08.nbib","2026","10.1055/a-2807-3475","42114702","State of the Art: Scapholunate Ligament Injuries."
"R00032","31","first","Europe PMC","europepmc_2026-10-08.csv","2026","10.1177/17531934261425163","41816849","Scoping review of recent publications in surgical treatment of chronic high-grade scapholunate injury."
"R00032","530","pmid","PubMed/MEDLINE","pubmed_2026-10-08.nbib","2026","10.1177/17531934261425163","41816849","Scoping review of recent publications in surgical treatment of chronic high-grade scapholunate injury."
"R00033","32","first","Europe PMC","europepmc_2026-10-08.csv","2025","10.1097/prs.0000000000011489","38652927","Surgical Techniques in Nontraumatic Midcarpal Instability: Evaluating the Dorsal Capsulodesis and 3-Ligament Tenodesis Technique."
"R00033","679","pmid","PubMed/MEDLINE","pubmed_2026-10-08.nbib","2025","10.1097/prs.0000000000011489","38652927","Surgical Techniques in Nontraumatic Midcarpal Instability: Evaluating the Dorsal Capsulodesis and 3-Ligament Tenodesis Technique."
"R00034","33","first","Europe PMC","europepmc_2026-10-08.csv","2024","10.1016/j.jhsa.2023.12.012","38244024","One-Year Outcomes of the Anatomical Front and Back Reconstruction for Scapholunate Dissociation."
"R00034","701","pmid","PubMed/MEDLINE","pubmed_2026-10-08.nbib","2024","10.1016/j.jhsa.2023.12.012","38244024","One-Year Outcomes of the Anatomical Front and Back Reconstruction for Scapholunate Dissociation."
"R00035","34","first","Europe PMC","europepmc_2026-10-08.csv","2025","10.1097/bh9.0000000000000002","41637588","Scapholunate ligament injuries in the nonarthritic wrist."
"R00035","542","pmid","PubMed/MEDLINE","pubmed_2026-10-08.nbib","2025","10.1097/bh9.0000000000000002","41637588","Scapholunate ligament injuries in the nonarthritic wrist."
"R00037","36","first","Europe PMC","europepmc_2026-10-08.csv","2024","10.1097/sap.0000000000003942","38775363","Scapholunate Ligament Reconstruction With Internal Brace Augmentation Techniques for Chronic Scapholunate Dissociation: A Clinical Follow-up Study."
"R00037","678","pmid","PubMed/MEDLINE","pubmed_2026-10-08.nbib","2024","10.1097/sap.0000000000003942","38775363","Scapholunate Ligament Reconstruction With Internal Brace Augmentation Techniques for Chronic Scapholunate Dissociation: A Clinical Follow-up Study."
"R00038","37","first","Europe PMC","europepmc_2026-10-08.csv","2026","10.1016/j.jhsg.2026.101074","42404099","Ulnar Neuroma-in-Continuity Following Distal Radius Fracture: A Rare Complication Requiring Reconstruction with Nerve Allograft and Dynamic Tendon Transfer."
"R00038","498","pmid","PubMed/MEDLINE","pubmed_2026-10-08.nbib","2026","10.1016/j.jhsg.2026.101074","42404099","Ulnar Neuroma-in-Continuity Following Distal Radius Fracture: A Rare Complication Requiring Reconstruction with Nerve Allograft and Dynamic Tendon Transfer."
"R00039","38","first","Europe PMC","europepmc_2026-10-08.csv","2023","10.2106/jbjs.st.23.00028","38357471","Modified Brunelli Reconstruction for Scapholunate Ligament Dissociation."
"R00039","688","pmid","PubMed/MEDLINE","pubmed_2026-10-08.nbib","2023","10.2106/jbjs.st.23.00028","38357471","Modified Brunelli Reconstruction for Scapholunate Ligament Dissociation."
"R00040","39","first","Europe PMC","europepmc_2026-10-08.csv","2026","10.1177/15589447251387286","41310960","Evaluation of the Reduction and Association of the Scaphoid, Capitate, and Lunate Procedure: A Biomechanical Analysis."
"R00040","560","pmid","PubMed/MEDLINE","pubmed_2026-10-08.nbib","2026","10.1177/15589447251387286","41310960","Evaluation of the Reduction and Association of the Scaphoid, Capitate, and Lunate Procedure: A Biomechanical Analysis."
"R00041","40","first","Europe PMC","europepmc_2026-10-08.csv","2025","10.1007/s00590-025-04543-7","41085717","Spectrum of insertion patterns of the dorsal intercarpal ligament: findings from a cadaveric study."
"R00041","570","pmid","PubMed/MEDLINE","pubmed_2026-10-08.nbib","2025","10.1007/s00590-025-04543-7","41085717","Spectrum of insertion patterns of the dorsal intercarpal ligament: findings from a cadaveric study."
"R00042","41","first","Europe PMC","europepmc_2026-10-08.csv","2026","10.1142/s2424835526970015","41508624","A New Arthroscopic One-Needle-One-Suture Repair Technique for Scapholunate Instability."
"R00042","550","pmid","PubMed/MEDLINE","pubmed_2026-10-08.nbib","2026","10.1142/s2424835526970015","41508624","A New Arthroscopic One-Needle-One-Suture Repair Technique for Scapholunate Instability."
"R00043","42","first","Europe PMC","europepmc_2026-10-08.csv","2025","10.1177/15589447251391375","41320965","Mid-term Outcome of the All-Dorsal Augmented Scapholunate Ligament Reconstruction for Chronic Scapholunate Instability."
"R00043","559","pmid","PubMed/MEDLINE","pubmed_2026-10-08.nbib","2025","10.1177/15589447251391375","41320965","Mid-term Outcome of the All-Dorsal Augmented Scapholunate Ligament Reconstruction for Chronic Scapholunate Instability."
"R00044","43","first","Europe PMC","europepmc_2026-10-08.csv","2026","10.2106/jbjs.cc.25.00219","41538423","Arthroscopic Volar-Dorsal Scapholunate and Lunotriquetral Ligament Capsulorrhaphy for Midcarpal Instability: A Case Report."
"R00044","549","pmid","PubMed/MEDLINE","pubmed_2026-10-08.nbib","2026","10.2106/jbjs.cc.25.00219","41538423","Arthroscopic Volar-Dorsal Scapholunate and Lunotriquetral Ligament Capsulorrhaphy for Midcarpal Instability: A Case Report."
"R00045","44","first","Europe PMC","europepmc_2026-10-08.csv","2026","10.1155/cro/6146000","42326476","Renal Cell Carcinoma Metastasis to the Hamate Bone: A Case Report."
"R00045","503","pmid","PubMed/MEDLINE","pubmed_2026-10-08.nbib","2026","10.1155/cro/6146000","42326476","Renal Cell Carcinoma Metastasis to the Hamate Bone: A Case Report."
"R00046","45","first","Europe PMC","europepmc_2026-10-08.csv","2024","10.2106/jbjs.cc.23.00371","38181109","Scapholunate Ligament Rupture and Coincident Fracture Proximal Pole Scaphoid Presenting Late with Osteonecrosis: A Rare Case Report with Unique Management."
"R00046","704","pmid","PubMed/MEDLINE","pubmed_2026-10-08.nbib","2024","10.2106/jbjs.cc.23.00371","38181109","Scapholunate Ligament Rupture and Coincident Fracture Proximal Pole Scaphoid Presenting Late with Osteonecrosis: A Rare Case Report with Unique Management."
"R00047","46","first","Europe PMC","europepmc_2026-10-08.csv","2021","10.1016/j.jhsa.2021.05.030","34332817","Comparative Analysis of 3 Techniques of Scapholunate Reconstruction for Dorsal Intercalated Segment Instability."
"R00047","879","pmid","PubMed/MEDLINE","pubmed_2026-10-08.nbib","2021","10.1016/j.jhsa.2021.05.030","34332817","Comparative Analysis of 3 Techniques of Scapholunate Reconstruction for Dorsal Intercalated Segment Instability."
"R00048","47","first","Europe PMC","europepmc_2026-10-08.csv","2026","10.1016/j.injury.2026.113444","42296625","Volar marginal fragment escape in distal radius fractures. Results of salvage with a volar open wedge articular reorientation osteotomy."
"R00048","504","pmid","PubMed/MEDLINE","pubmed_2026-10-08.nbib","2026","10.1016/j.injury.2026.113444","42296625","Volar marginal fragment escape in distal radius fractures. Results of salvage with a volar open wedge articular reorientation osteotomy."
"R00049","48","first","Europe PMC","europepmc_2026-10-08.csv","2024","10.4055/cios24032","39364099","Dorsal Scapholunate Ligament Complex Reconstruction Using Suture Tape-Augmented Autologous Free Tendon Graft for Chronic Scapholunate Dissociation."
"R00049","646","pmid","PubMed/MEDLINE","pubmed_2026-10-08.nbib","2024","10.4055/cios24032","39364099","Dorsal Scapholunate Ligament Complex Reconstruction Using Suture Tape-Augmented Autologous Free Tendon Graft for Chronic Scapholunate Dissociation."
"R00050","49","first","Europe PMC","europepmc_2026-10-08.csv","2026","10.1055/a-2511-3111","41574154","Early Results of All-Dorsal Arthroscopic Scapholunate Ligamentoplasty."
"R00050","546","pmid","PubMed/MEDLINE","pubmed_2026-10-08.nbib","2026","10.1055/a-2511-3111","41574154","Early Results of All-Dorsal Arthroscopic Scapholunate Ligamentoplasty."
"R00051","50","first","Europe PMC","europepmc_2026-10-08.csv","2026","10.1177/15589447261430936","41933503","Scapholunate Injuries in the Context of Acute Scaphoid Fractures: A Systematic Literature Review."
"R00051","518","pmid","PubMed/MEDLINE","pubmed_2026-10-08.nbib","2026","10.1177/15589447261430936","41933503","Scapholunate Injuries in the Context of Acute Scaphoid Fractures: A Systematic Literature Review."
"R00052","51","first","Europe PMC","europepmc_2026-10-08.csv","2022","10.21873/cdp.10132","35813006","Fibulo-Scapho-Lunate Arthrodesis With Free Vascularized Fibular Graft for a Japanese Kyudo Archer With Osteosarcoma of the Left Distal Radius: A Case Report."
"R00052","811","pmid","PubMed/MEDLINE","pubmed_2026-10-08.nbib","2022","10.21873/cdp.10132","35813006","Fibulo-Scapho-Lunate Arthrodesis With Free Vascularized Fibular Graft for a Japanese Kyudo Archer With Osteosarcoma of the Left Distal Radius: A Case Report."
"R00053","52","first","Europe PMC","europepmc_2026-10-08.csv","2025","10.7717/peerj.19766","40860661","Robotic evaluation of a 3D-printed scaffold for reconstruction of scapholunate interosseous ligament rupture: a biomechanical cadaveric study."
"R00053","580","pmid","PubMed/MEDLINE","pubmed_2026-10-08.nbib","2025","10.7717/peerj.19766","40860661","Robotic evaluation of a 3D-printed scaffold for reconstruction of scapholunate interosseous ligament rupture: a biomechanical cadaveric study."
"R00054","53","first","Europe PMC","europepmc_2026-10-08.csv","2026","10.1177/15589447251414125","41693149","Reduction and Association of the Scaphoid and Lunate Versus Internal Brace for Scapholunate Ligament Reconstruction."
"R00054","539","pmid","PubMed/MEDLINE","pubmed_2026-10-08.nbib","2026","10.1177/15589447251414125","41693149","Reduction and Association of the Scaphoid and Lunate Versus Internal Brace for Scapholunate Ligament Reconstruction."
"R00055","54","first","Europe PMC","europepmc_2026-10-08.csv","2024","10.52628/90.2.12790","39440500","Surgical repair of posttraumatic injuries of the scapholunate ligament: A literature study."
"R00055","644","pmid","PubMed/MEDLINE","pubmed_2026-10-08.nbib","2024","10.52628/90.2.12790","39440500","Surgical repair of posttraumatic injuries of the scapholunate ligament: A literature study."
"R00056","55","first","Europe PMC","europepmc_2026-10-08.csv","2023","","37465482","Comparison of Treatment Options for Chronic Scapholunate Interosseous Ligament (SLIL): A Systematic Literature Review and Meta-Analysis."
"R00056","738","pmid","PubMed/MEDLINE","pubmed_2026-10-08.nbib","2023","","37465482","Comparison of Treatment Options for Chronic Scapholunate Interosseous Ligament (SLIL): A Systematic Literature Review and Meta-Analysis."
"R00057","56","first","Europe PMC","europepmc_2026-10-08.csv","2025","10.52628/91.2.14437","40878732","Comparing outcomes of dorsal capsulodesis techniques for chronic (pre-)dynamic scapholunate interosseus ligament tear repair: A systematic review."
"R00057","579","pmid","PubMed/MEDLINE","pubmed_2026-10-08.nbib","2025","10.52628/91.2.14437","40878732","Comparing outcomes of dorsal capsulodesis techniques for chronic (pre-)dynamic scapholunate interosseus ligament tear repair: A systematic review."
"R00058","57","first","Europe PMC","europepmc_2026-10-08.csv","2024","10.1097/prs.0000000000011290","38232221","Reconstruction of an Early-Stage Scapholunate Advanced Collapse Wrist with the 3-Ligament Tenodesis Procedure: A Controversial Reappraisal."
"R00058","702","pmid","PubMed/MEDLINE","pubmed_2026-10-08.nbib","2024","10.1097/prs.0000000000011290","38232221","Reconstruction of an Early-Stage Scapholunate Advanced Collapse Wrist with the 3-Ligament Tenodesis Procedure: A Controversial Reappraisal."
"R00059","58","first","Europe PMC","europepmc_2026-10-08.csv","2021","10.1007/s00276-021-02770-1","34121145","Finger abduction as a novel function of the extensor digitorum brevis manus muscle."
"R00059","890","pmid","PubMed/MEDLINE","pubmed_2026-10-08.nbib","2021","10.1007/s00276-021-02770-1","34121145","Finger abduction as a novel function of the extensor digitorum brevis manus muscle."
"R00060","59","first","Europe PMC","europepmc_2026-10-08.csv","2021","10.3390/jcm10071482","33918435","Comparison of Three Different Internal Brace Augmentation Techniques for Scapholunate Dissociation: A Cadaveric Biomechanical Study."
"R00060","901","pmid","PubMed/MEDLINE","pubmed_2026-10-08.nbib","2021","10.3390/jcm10071482","33918435","Comparison of Three Different Internal Brace Augmentation Techniques for Scapholunate Dissociation: A Cadaveric Biomechanical Study."
"R00061","60","first","Europe PMC","europepmc_2026-10-08.csv","2022","10.4055/cios22070","36518934","Biomechanical Analysis of Three Different Reconstruction Techniques for Scapholunate Instability: A Cadaveric Study."
"R00061","781","pmid","PubMed/MEDLINE","pubmed_2026-10-08.nbib","2022","10.4055/cios22070","36518934","Biomechanical Analysis of Three Different Reconstruction Techniques for Scapholunate Instability: A Cadaveric Study."
"R00064","63","first","Europe PMC","europepmc_2026-10-08.csv","2026","10.1177/15589447261469596","42592711","Asymmetry of the Intrinsic Scapholunate Articular Facets: A Cadaveric Morphometric Analysis."
"R00064","488","pmid","PubMed/MEDLINE","pubmed_2026-10-08.nbib","2026","10.1177/15589447261469596","42592711","Asymmetry of the Intrinsic Scapholunate Articular Facets: A Cadaveric Morphometric Analysis."
"R00065","64","first","Europe PMC","europepmc_2026-10-08.csv","2026","10.1177/17531934261472361","42613954","Arthroscopic treatment of scapholunate interosseous ligament injuries: a systematic review and meta-analysis."
"R00065","486","pmid","PubMed/MEDLINE","pubmed_2026-10-08.nbib","2026","10.1177/17531934261472361","42613954","Arthroscopic treatment of scapholunate interosseous ligament injuries: a systematic review and meta-analysis."
"R00066","65","first","Europe PMC","europepmc_2026-10-08.csv","2024","10.1177/17531934231219191","38069863","Mid-term outcomes of three commonly used surgical reconstructions for scapholunate instability."
"R00066","709","pmid","PubMed/MEDLINE","pubmed_2026-10-08.nbib","2024","10.1177/17531934231219191","38069863","Mid-term outcomes of three commonly used surgical reconstructions for scapholunate instability."
"R00067","66","first","Europe PMC","europepmc_2026-10-08.csv","2026","10.1055/a-2537-2648","41869477","Patient Outcomes Following Reduction and Association of the Scaphoid and Lunate: A Retrospective Cohort Study."
"R00067","524","pmid","PubMed/MEDLINE","pubmed_2026-10-08.nbib","2026","10.1055/a-2537-2648","41869477","Patient Outcomes Following Reduction and Association of the Scaphoid and Lunate: A Retrospective Cohort Study."
"R00068","67","first","Europe PMC","europepmc_2026-10-08.csv","2022","10.1148/rg.210123","34951835","Preoperative and Postoperative Imaging of Scapholunate Ligament Primary Repair and Modified Brunelli Reconstruction."
"R00068","850","pmid","PubMed/MEDLINE","pubmed_2026-10-08.nbib","2022","10.1148/rg.210123","34951835","Preoperative and Postoperative Imaging of Scapholunate Ligament Primary Repair and Modified Brunelli Reconstruction."
"R00069","68","first","Europe PMC","europepmc_2026-10-08.csv","2025","10.1016/j.eats.2024.103424","40548037","Modified Arthroscopic Volar Scapholunate Capsuloligamentous Repair in Chronic Severe but Reducible Volar Scapholunate Instability."
"R00069","595","pmid","PubMed/MEDLINE","pubmed_2026-10-08.nbib","2025","10.1016/j.eats.2024.103424","40548037","Modified Arthroscopic Volar Scapholunate Capsuloligamentous Repair in Chronic Severe but Reducible Volar Scapholunate Instability."
"R00070","69","first","Europe PMC","europepmc_2026-10-08.csv","2022","10.1055/s-0040-1717829","36016639","Difference in Carpal Alignment between Scapholunate Dissociation and Kienbock Disease: A Retrospective Study."
"R00070","946","pmid","PubMed/MEDLINE","pubmed_2026-10-08.nbib","2022","10.1055/s-0040-1717829","36016639","Difference in Carpal Alignment between Scapholunate Dissociation and Kienbock Disease: A Retrospective Study."
"R00071","70","first","Europe PMC","europepmc_2026-10-08.csv","2023","10.1007/s43465-023-00839-0","37006727","Current Concepts in Scapholunate Instability Without Arthritic Changes."
"R00071","761","pmid","PubMed/MEDLINE","pubmed_2026-10-08.nbib","2023","10.1007/s43465-023-00839-0","37006727","Current Concepts in Scapholunate Instability Without Arthritic Changes."
"R00072","71","first","Europe PMC","europepmc_2026-10-08.csv","2026","10.13107/jocr.2026.v16.i06.7498","42273459","Staged Reconstruction for Dorsal Hand and Wrist Shear Injury: A Case Report."
"R00072","507","pmid","PubMed/MEDLINE","pubmed_2026-10-08.nbib","2026","10.13107/jocr.2026.v16.i06.7498","42273459","Staged Reconstruction for Dorsal Hand and Wrist Shear Injury: A Case Report."
"R00073","72","first","Europe PMC","europepmc_2026-10-08.csv","2026","10.1002/mp.70667","42693752","Accuracy of motion quantification in dynamic CT images of the wrist joint across multiple CT vendors: A phantom study."
"R00073","480","pmid","PubMed/MEDLINE","pubmed_2026-10-08.nbib","2026","10.1002/mp.70667","42693752","Accuracy of motion quantification in dynamic CT images of the wrist joint across multiple CT vendors: A phantom study."
"R00074","73","first","Europe PMC","europepmc_2026-10-08.csv","2022","10.3389/fsurg.2022.917555","36117829","Non-traumatic scapholunate dissociation in a 10-year-old female: A case report."
"R00074","801","pmid","PubMed/MEDLINE","pubmed_2026-10-08.nbib","2022","10.3389/fsurg.2022.917555","36117829","Non-traumatic scapholunate dissociation in a 10-year-old female: A case report."
"R00075","74","first","Europe PMC","europepmc_2026-10-08.csv","2023","10.1055/s-0042-1758159","37223378","Evaluation of Scapholunate Injury and Repair with Dynamic (4D) CT: A Preliminary Report of Two Cases."
"R00075","747","pmid","PubMed/MEDLINE","pubmed_2026-10-08.nbib","2023","10.1055/s-0042-1758159","37223378","Evaluation of Scapholunate Injury and Repair with Dynamic (4D) CT: A Preliminary Report of Two Cases."
"R00076","75","first","Europe PMC","europepmc_2026-10-08.csv","2023","10.1097/gox.0000000000005061","37342305","Long-term Results of the Treatment of Scapholunate Instability with Dynamic Extensor Carpi Radialis Brevis Tenodesis."
"R00076","742","pmid","PubMed/MEDLINE","pubmed_2026-10-08.nbib","2023","10.1097/gox.0000000000005061","37342305","Long-term Results of the Treatment of Scapholunate Instability with Dynamic Extensor Carpi Radialis Brevis Tenodesis."
"R00077","76","first","Europe PMC","europepmc_2026-10-08.csv","2025","10.1007/s00402-024-05744-1","39751639","Do perilunate dislocations and fracture-dislocations result in different radiological outcomes following wrist alignment reconstruction? A single-center retrospective study including 51 patients with perilunate injuries."
"R00077","631","pmid","PubMed/MEDLINE","pubmed_2026-10-08.nbib","2025","10.1007/s00402-024-05744-1","39751639","Do perilunate dislocations and fracture-dislocations result in different radiological outcomes following wrist alignment reconstruction? A single-center retrospective study including 51 patients with perilunate injuries."
"R00078","77","first","Europe PMC","europepmc_2026-10-08.csv","2026","10.1016/j.anplas.2025.06.006","40750453","One stage custom made 3D vascularized bone reconstruction by free fibula transfert for large radiocarpal defect after wide gigantic cell tumor resection."
"R00078","585","pmid","PubMed/MEDLINE","pubmed_2026-10-08.nbib","2026","10.1016/j.anplas.2025.06.006","40750453","One stage custom made 3D vascularized bone reconstruction by free fibula transfert for large radiocarpal defect after wide gigantic cell tumor resection."
"R00079","78","first","Europe PMC","europepmc_2026-10-08.csv","2026","10.1002/atn2.70005","42383241","Arthroscopic-Assisted Suture Tape-Reinforced Triangular Fibrocartilage Complex Repair and Distal Radioulnar Ligament Augmentation Using a Modified Adams-Berger Technique."
"R00079","499","pmid","PubMed/MEDLINE","pubmed_2026-10-08.nbib","2026","10.1002/atn2.70005","42383241","Arthroscopic-Assisted Suture Tape-Reinforced Triangular Fibrocartilage Complex Repair and Distal Radioulnar Ligament Augmentation Using a Modified Adams-Berger Technique."
"R00080","79","first","Europe PMC","europepmc_2026-10-08.csv","2021","10.3389/fphys.2021.749372","35140623","Biomechanical Finite Element Method Model of the Proximal Carpal Row and Experimental Validation."
"R00080","837","pmid","PubMed/MEDLINE","pubmed_2026-10-08.nbib","2021","10.3389/fphys.2021.749372","35140623","Biomechanical Finite Element Method Model of the Proximal Carpal Row and Experimental Validation."
"R00082","81","first","Europe PMC","europepmc_2026-10-08.csv","2023","10.1016/j.hcl.2023.02.008","37453765","InternalBrace for Intercarpal Ligament Reconstruction."
"R00082","739","pmid","PubMed/MEDLINE","pubmed_2026-10-08.nbib","2023","10.1016/j.hcl.2023.02.008","37453765","InternalBrace for Intercarpal Ligament Reconstruction."
"R00083","82","first","Europe PMC","europepmc_2026-10-08.csv","2025","10.1177/17531934251326028","40145436","Dynamic wrist imaging: How it works and how to assess kinematic changes in wrists with scapholunate instability."
"R00083","616","pmid","PubMed/MEDLINE","pubmed_2026-10-08.nbib","2025","10.1177/17531934251326028","40145436","Dynamic wrist imaging: How it works and how to assess kinematic changes in wrists with scapholunate instability."
"R00084","83","first","Europe PMC","europepmc_2026-10-08.csv","2024","10.1016/j.jhsg.2024.08.015","39703583","Anatomic C Scapholunate Reconstruction Technique: For Complete Dissociation of the Scapholunate Interval."
"R00084","633","pmid","PubMed/MEDLINE","pubmed_2026-10-08.nbib","2024","10.1016/j.jhsg.2024.08.015","39703583","Anatomic C Scapholunate Reconstruction Technique: For Complete Dissociation of the Scapholunate Interval."
"R00085","84","first","Europe PMC","europepmc_2026-10-08.csv","2024","10.5435/jaaos-d-22-00703","40833339","Lunotriquetral Instability: Diagnosis, Management, and Current Concept Review."
"R00085","582","pmid","PubMed/MEDLINE","pubmed_2026-10-08.nbib","2024","10.5435/jaaos-d-22-00703","40833339","Lunotriquetral Instability: Diagnosis, Management, and Current Concept Review."
"R00087","86","first","Europe PMC","europepmc_2026-10-08.csv","2026","10.1055/a-2791-1415","42788186","Clinical, Radiographical, and Arthroscopic Features of Dorsal Tears of the TFCC."
"R00087","473","pmid","PubMed/MEDLINE","pubmed_2026-10-08.nbib","2026","10.1055/a-2791-1415","42788186","Clinical, Radiographical, and Arthroscopic Features of Dorsal Tears of the TFCC."
"R00088","87","first","Europe PMC","europepmc_2026-10-08.csv","2024","10.1016/j.tcr.2024.101056","39022749","Pure traumatic unstable radiocarpal dislocation over pre-existing ulnar impingement syndrome, extensively arched carpus and medially rotated scaphoid: An exceptional and complex case report."
"R00088","661","pmid","PubMed/MEDLINE","pubmed_2026-10-08.nbib","2024","10.1016/j.tcr.2024.101056","39022749","Pure traumatic unstable radiocarpal dislocation over pre-existing ulnar impingement syndrome, extensively arched carpus and medially rotated scaphoid: An exceptional and complex case report."
"R00089","88","first","Europe PMC","europepmc_2026-10-08.csv","2023","10.1016/j.eats.2023.03.005","37533927","Arthroscopy-Assisted Scapholunate Reconstruction With Internal Brace Augmentation."
"R00089","735","pmid","PubMed/MEDLINE","pubmed_2026-10-08.nbib","2023","10.1016/j.eats.2023.03.005","37533927","Arthroscopy-Assisted Scapholunate Reconstruction With Internal Brace Augmentation."
"R00090","89","first","Europe PMC","europepmc_2026-10-08.csv","2024","","38330555","Clinical Efficacy of Arthroscopic Transplantation of Palmaris Longus Tendon Combined with Early Accelerated Motion Rehabilitation After Scapholunate Ligament Reconstruction for Geissler Type IV Scapholunate Instability."
"R00090","691","pmid","PubMed/MEDLINE","pubmed_2026-10-08.nbib","2024","","38330555","Clinical Efficacy of Arthroscopic Transplantation of Palmaris Longus Tendon Combined with Early Accelerated Motion Rehabilitation After Scapholunate Ligament Reconstruction for Geissler Type IV Scapholunate Instability."
"R00091","90","first","Europe PMC","europepmc_2026-10-08.csv","2023","10.1186/s13018-023-04148-y","37670343","Arthroscopic scapholunate ligament repair and dorsal capsulodesis with suture anchor in acute and subacute scapholunate dissociation."
"R00091","731","pmid","PubMed/MEDLINE","pubmed_2026-10-08.nbib","2023","10.1186/s13018-023-04148-y","37670343","Arthroscopic scapholunate ligament repair and dorsal capsulodesis with suture anchor in acute and subacute scapholunate dissociation."
"R00092","91","first","Europe PMC","europepmc_2026-10-08.csv","2026","10.1016/j.jhsg.2025.100891","41446312","Temporary Dorsal Staple Fixation of Scapholunate Interosseous Ligament Repair and Reconstruction."
"R00092","554","pmid","PubMed/MEDLINE","pubmed_2026-10-08.nbib","2026","10.1016/j.jhsg.2025.100891","41446312","Temporary Dorsal Staple Fixation of Scapholunate Interosseous Ligament Repair and Reconstruction."
"R00093","92","first","Europe PMC","europepmc_2026-10-08.csv","2026","10.1016/j.jhsa.2026.07.007","42633591","The Efficacy of Transosseous Foveal Repair Combined With Dorsal Reinforcement in the Treatment of Chronic Triangular Fibrocartilage Complex Injury With Severe Distal Radioulnar Joint Instability."
"R00093","484","pmid","PubMed/MEDLINE","pubmed_2026-10-08.nbib","2026","10.1016/j.jhsa.2026.07.007","42633591","The Efficacy of Transosseous Foveal Repair Combined With Dorsal Reinforcement in the Treatment of Chronic Triangular Fibrocartilage Complex Injury With Severe Distal Radioulnar Joint Instability."
"R00095","94","first","Europe PMC","europepmc_2026-10-08.csv","2024","10.1016/j.jhsa.2022.09.012","36456426","Comparing Patient-Reported Outcomes on Three-Ligament Tenodesis Between Partial and Complete Scapholunate Ligament Injuries: A Cohort Study."
"R00095","786","pmid","PubMed/MEDLINE","pubmed_2026-10-08.nbib","2024","10.1016/j.jhsa.2022.09.012","36456426","Comparing Patient-Reported Outcomes on Three-Ligament Tenodesis Between Partial and Complete Scapholunate Ligament Injuries: A Cohort Study."
"R00096","95","first","Europe PMC","europepmc_2026-10-08.csv","2021","10.1007/s00402-020-03690-2","33251560","Radio-luno-triquetral bone-ligament transfer as an additional stabilizer in scapholunate-instability."
"R00096","930","pmid","PubMed/MEDLINE","pubmed_2026-10-08.nbib","2021","10.1007/s00402-020-03690-2","33251560","Radio-luno-triquetral bone-ligament transfer as an additional stabilizer in scapholunate-instability."
"R00097","96","first","Europe PMC","europepmc_2026-10-08.csv","2024","10.1016/j.jhsg.2023.10.004","38313608","Open Dislocation of the Scaphoid With an Associated Hamate Fracture and Fourth Metacarpal Fracture."
"R00097","693","pmid","PubMed/MEDLINE","pubmed_2026-10-08.nbib","2024","10.1016/j.jhsg.2023.10.004","38313608","Open Dislocation of the Scaphoid With an Associated Hamate Fracture and Fourth Metacarpal Fracture."
"R00098","97","first","Europe PMC","europepmc_2026-10-08.csv","2026","10.1016/j.jhsa.2025.12.013","41632070","Simultaneous Dual Prosthetic Replacement of Trapeziometacarpal and Scaphotrapezial-Trapezoid Joints in Pantrapezial Osteoarthritis: Midterm Results of a Combined Implant Strategy."
"R00098","543","pmid","PubMed/MEDLINE","pubmed_2026-10-08.nbib","2026","10.1016/j.jhsa.2025.12.013","41632070","Simultaneous Dual Prosthetic Replacement of Trapeziometacarpal and Scaphotrapezial-Trapezoid Joints in Pantrapezial Osteoarthritis: Midterm Results of a Combined Implant Strategy."
"R00099","98","first","Europe PMC","europepmc_2026-10-08.csv","2025","10.1055/s-0044-1785500","40395826","Complex Axial Carpal Dislocation with Scapholunate Ligament Injury."
"R00099","681","pmid","PubMed/MEDLINE","pubmed_2026-10-08.nbib","2025","10.1055/s-0044-1785500","40395826","Complex Axial Carpal Dislocation with Scapholunate Ligament Injury."
"R00101","100","first","Europe PMC","europepmc_2026-10-08.csv","2023","10.1016/j.jhsa.2023.06.016","37578401","Scapholunate Instability: Diagnosis and Management - Classification and Treatment Considerations - Part 2."
"R00101","733","pmid","PubMed/MEDLINE","pubmed_2026-10-08.nbib","2023","10.1016/j.jhsa.2023.06.016","37578401","Scapholunate Instability: Diagnosis and Management - Classification and Treatment Considerations - Part 2."
"R00102","101","first","Europe PMC","europepmc_2026-10-08.csv","2026","10.1155/cro/4981870","42571136","Outcomes of Pinning Without Ligament Repair for Perilunate Dislocations and Fracture-Dislocations: A Case Series of 11 Patients."
"R00102","490","pmid","PubMed/MEDLINE","pubmed_2026-10-08.nbib","2026","10.1155/cro/4981870","42571136","Outcomes of Pinning Without Ligament Repair for Perilunate Dislocations and Fracture-Dislocations: A Case Series of 11 Patients."
"R00103","102","first","Europe PMC","europepmc_2026-10-08.csv","2021","10.1097/md.0000000000026827","34559095","Scapholunate and lunotriquetral interosseous ligament augmentation with internal bracing in perilunate dislocation: Case reports."
"R00103","871","pmid","PubMed/MEDLINE","pubmed_2026-10-08.nbib","2021","10.1097/md.0000000000026827","34559095","Scapholunate and lunotriquetral interosseous ligament augmentation with internal bracing in perilunate dislocation: Case reports."
"R00104","103","first","Europe PMC","europepmc_2026-10-08.csv","2026","10.1111/vsu.70114","42047465","Biomechanical evaluation of carpal joint ligaments in the cat: An experimental and radiographic cadaveric study."
"R00104","515","pmid","PubMed/MEDLINE","pubmed_2026-10-08.nbib","2026","10.1111/vsu.70114","42047465","Biomechanical evaluation of carpal joint ligaments in the cat: An experimental and radiographic cadaveric study."
"R00105","104","first","Europe PMC","europepmc_2026-10-08.csv","2023","10.1007/s00590-022-03294-z","35608691","Review of surgical treatment for chronic scapholunate ligament reconstruction: a long-term study."
"R00105","820","pmid","PubMed/MEDLINE","pubmed_2026-10-08.nbib","2023","10.1007/s00590-022-03294-z","35608691","Review of surgical treatment for chronic scapholunate ligament reconstruction: a long-term study."
"R00106","105","first","Europe PMC","europepmc_2026-10-08.csv","2025","10.1007/s00256-024-04829-7","39560769","High-resolution volumetric dynamic magnetic resonance imaging of the wrist using an 8-channel flexible receive coil."
"R00106","639","pmid","PubMed/MEDLINE","pubmed_2026-10-08.nbib","2025","10.1007/s00256-024-04829-7","39560769","High-resolution volumetric dynamic magnetic resonance imaging of the wrist using an 8-channel flexible receive coil."
"R00107","106","first","Europe PMC","europepmc_2026-10-08.csv","2021","10.48095/ccachp202123","34034493","An Atypical Dorsal Perilunate Dislocation with No Scapho-Lunate Ligament Injury in Bilateral Complex Wrist Injury - a Case Report."
"R00107","897","pmid","PubMed/MEDLINE","pubmed_2026-10-08.nbib","2021","10.48095/ccachp202123","34034493","An Atypical Dorsal Perilunate Dislocation with No Scapho-Lunate Ligament Injury in Bilateral Complex Wrist Injury - a Case Report."
"R00108","107","first","Europe PMC","europepmc_2026-10-08.csv","2026","10.1186/s13244-026-02327-z","42343030","Wrist arthro-CT: don't forget to check the foveal attachment."
"R00108","502","pmid","PubMed/MEDLINE","pubmed_2026-10-08.nbib","2026","10.1186/s13244-026-02327-z","42343030","Wrist arthro-CT: don't forget to check the foveal attachment."
"R00109","108","first","Europe PMC","europepmc_2026-10-08.csv","2023","10.1007/s00590-022-03391-z","36112227","The tangential view described by Moneim to demonstrate scapholunate dissociation: an update."
"R00109","802","pmid","PubMed/MEDLINE","pubmed_2026-10-08.nbib","2023","10.1007/s00590-022-03391-z","36112227","The tangential view described by Moneim to demonstrate scapholunate dissociation: an update."
"R00110","109","first","Europe PMC","europepmc_2026-10-08.csv","2025","10.1055/s-0044-1790205","40995554","Arthroscopic Dorsal Round-Block Capsulo-Ligamentoplasty for Dynamic Scapholunate Instability: An Anatomical Study and Case Series."
"R00110","572","pmid","PubMed/MEDLINE","pubmed_2026-10-08.nbib","2025","10.1055/s-0044-1790205","40995554","Arthroscopic Dorsal Round-Block Capsulo-Ligamentoplasty for Dynamic Scapholunate Instability: An Anatomical Study and Case Series."
"R00111","110","first","Europe PMC","europepmc_2026-10-08.csv","2020","10.13107/jocr.2020.v10.i03.1758","33954142","Scapholunate Dissociation with Ulnar Impaction: A Case with Review of Literature."
"R00111","899","pmid","PubMed/MEDLINE","pubmed_2026-10-08.nbib","2020","10.13107/jocr.2020.v10.i03.1758","33954142","Scapholunate Dissociation with Ulnar Impaction: A Case with Review of Literature."
"R00112","111","first","Europe PMC","europepmc_2026-10-08.csv","2020","10.1097/bth.0000000000000286","33197166","Scapholunate Ligament Reconstruction With a Novel Technique for Passing Split Extensor Carpi Radialis Brevis Tendon Graft Through Bone Tunnels."
"R00112","933","pmid","PubMed/MEDLINE","pubmed_2026-10-08.nbib","2020","10.1097/bth.0000000000000286","33197166","Scapholunate Ligament Reconstruction With a Novel Technique for Passing Split Extensor Carpi Radialis Brevis Tendon Graft Through Bone Tunnels."
"R00113","112","first","Europe PMC","europepmc_2026-10-08.csv","2024","10.1177/17531934231192343","37751490","Anatomical front and back reconstruction sustains radiographic alignment: a comparison to three-ligament tenodesis."
"R00113","729","pmid","PubMed/MEDLINE","pubmed_2026-10-08.nbib","2024","10.1177/17531934231192343","37751490","Anatomical front and back reconstruction sustains radiographic alignment: a comparison to three-ligament tenodesis."
"R00114","113","first","Europe PMC","europepmc_2026-10-08.csv","2023","10.1016/j.hansur.2023.03.003","37004985","Treatment of chronic scapholunate instability according to the functional demand of the wrist."
"R00114","763","pmid","PubMed/MEDLINE","pubmed_2026-10-08.nbib","2023","10.1016/j.hansur.2023.03.003","37004985","Treatment of chronic scapholunate instability according to the functional demand of the wrist."
"R00115","114","first","Europe PMC","europepmc_2026-10-08.csv","2024","10.1016/j.tcr.2024.100998","38550963","An unusual wrist injury in a parkour-athlete: Transstyloid, transscaphoid, transtriquetral perilunate dislocation."
"R00115","683","pmid","PubMed/MEDLINE","pubmed_2026-10-08.nbib","2024","10.1016/j.tcr.2024.100998","38550963","An unusual wrist injury in a parkour-athlete: Transstyloid, transscaphoid, transtriquetral perilunate dislocation."
"R00116","115","first","Europe PMC","europepmc_2026-10-08.csv","2026","10.1055/a-2568-8362","42179698","Changes in Carpal Alignment after Surgery for Thumb Carpometacarpal Osteoarthritis: Comparative Analysis of Trapeziectomy with Ligament Reconstruction and Tendon Interposition Arthroplasty and Arthrodesis."
"R00116","612","pmid","PubMed/MEDLINE","pubmed_2026-10-08.nbib","2026","10.1055/a-2568-8362","42179698","Changes in Carpal Alignment after Surgery for Thumb Carpometacarpal Osteoarthritis: Comparative Analysis of Trapeziectomy with Ligament Reconstruction and Tendon Interposition Arthroplasty and Arthrodesis."
"R00117","116","first","Europe PMC","europepmc_2026-10-08.csv","2026","10.1142/s2424835526500207","41755662","Diagnostic Use of Four-Dimensional Computed Tomography in Scapholunate Ligament Tear Detection."
"R00117","537","pmid","PubMed/MEDLINE","pubmed_2026-10-08.nbib","2026","10.1142/s2424835526500207","41755662","Diagnostic Use of Four-Dimensional Computed Tomography in Scapholunate Ligament Tear Detection."
"R00118","117","first","Europe PMC","europepmc_2026-10-08.csv","2025","10.1016/j.jhsg.2025.100827","41356616","Surgical Treatments for Scapholunate Ligament Injuries and Development of Arthritis in the Wrist: A Systematic Review."
"R00118","556","pmid","PubMed/MEDLINE","pubmed_2026-10-08.nbib","2025","10.1016/j.jhsg.2025.100827","41356616","Surgical Treatments for Scapholunate Ligament Injuries and Development of Arthritis in the Wrist: A Systematic Review."
"R00119","118","first","Europe PMC","europepmc_2026-10-08.csv","2021","10.1016/j.eats.2021.05.022","34504760","Arthroscopic Scapholunate Synthetic Ligamentoplasty."
"R00119","873","pmid","PubMed/MEDLINE","pubmed_2026-10-08.nbib","2021","10.1016/j.eats.2021.05.022","34504760","Arthroscopic Scapholunate Synthetic Ligamentoplasty."
"R00120","119","first","Europe PMC","europepmc_2026-10-08.csv","2024","10.7759/cureus.59014","38800268","Scapholunate Advanced Collapse (SLAC) and Scaphoid Nonunion Advanced Collapse (SNAC): A Review of Treatment Options for Stage II."
"R00120","676","pmid","PubMed/MEDLINE","pubmed_2026-10-08.nbib","2024","10.7759/cureus.59014","38800268","Scapholunate Advanced Collapse (SLAC) and Scaphoid Nonunion Advanced Collapse (SNAC): A Review of Treatment Options for Stage II."
"R00121","120","first","Europe PMC","europepmc_2026-10-08.csv","2022","10.1097/prs.0000000000009736","36126203","Long-Term Outcomes of Arthroscope-Assisted Bone-Ligament-Bone Reconstruction for Nonstatic Scapholunate Ligament Injury."
"R00121","799","pmid","PubMed/MEDLINE","pubmed_2026-10-08.nbib","2022","10.1097/prs.0000000000009736","36126203","Long-Term Outcomes of Arthroscope-Assisted Bone-Ligament-Bone Reconstruction for Nonstatic Scapholunate Ligament Injury."
"R00122","121","first","Europe PMC","europepmc_2026-10-08.csv","2023","10.1016/j.hcl.2023.03.002","37453764","Management of Complex Hand and Wrist Ligament Injuries."
"R00122","740","pmid","PubMed/MEDLINE","pubmed_2026-10-08.nbib","2023","10.1016/j.hcl.2023.03.002","37453764","Management of Complex Hand and Wrist Ligament Injuries."
"R00123","122","first","Europe PMC","europepmc_2026-10-08.csv","2026","10.1016/j.jhsg.2025.100921","41584053","The Dorsal Scapholunate Ligament Complex: Anatomical Description and Correlation with Lunate Morphology."
"R00123","545","pmid","PubMed/MEDLINE","pubmed_2026-10-08.nbib","2026","10.1016/j.jhsg.2025.100921","41584053","The Dorsal Scapholunate Ligament Complex: Anatomical Description and Correlation with Lunate Morphology."
"R00124","123","first","Europe PMC","europepmc_2026-10-08.csv","2025","10.1177/10225536251340115","40329622","Radiological and clinical outcomes of patients diagnosed with intraosseous ganglion cysts of the lunate treated with arthroscopic dorsal ligamento capsulodesis with or without grafting: Minimum 1-year follow-up."
"R00124","607","pmid","PubMed/MEDLINE","pubmed_2026-10-08.nbib","2025","10.1177/10225536251340115","40329622","Radiological and clinical outcomes of patients diagnosed with intraosseous ganglion cysts of the lunate treated with arthroscopic dorsal ligamento capsulodesis with or without grafting: Minimum 1-year follow-up."
"R00125","124","first","Europe PMC","europepmc_2026-10-08.csv","2026","10.1016/j.jhsa.2026.04.020","42201271","Association of Extrinsic Ligament Injury with Diastasis in Scapholunate Ligament Injury."
"R00125","509","pmid","PubMed/MEDLINE","pubmed_2026-10-08.nbib","2026","10.1016/j.jhsa.2026.04.020","42201271","Association of Extrinsic Ligament Injury with Diastasis in Scapholunate Ligament Injury."
"R00126","125","first","Europe PMC","europepmc_2026-10-08.csv","2021","10.1016/j.ijscr.2021.106530","34749176","Bilateral traumatic scapholunate dissociation: Case report."
"R00126","864","pmid","PubMed/MEDLINE","pubmed_2026-10-08.nbib","2021","10.1016/j.ijscr.2021.106530","34749176","Bilateral traumatic scapholunate dissociation: Case report."
"R00127","126","first","Europe PMC","europepmc_2026-10-08.csv","2026","10.1097/bth.0000000000000553","41853841","Arthroscopic Treatment of Longitudinal ECU Tendon Tear: Technical Description."
"R00127","526","pmid","PubMed/MEDLINE","pubmed_2026-10-08.nbib","2026","10.1097/bth.0000000000000553","41853841","Arthroscopic Treatment of Longitudinal ECU Tendon Tear: Technical Description."
"R00128","127","first","Europe PMC","europepmc_2026-10-08.csv","2023","10.1016/j.eats.2023.05.010","37942107","All-Dorsal Arthroscopic Ligamentoplasty (ADAL) in Scapholunate Instability Management: Surgical Technique."
"R00128","717","pmid","PubMed/MEDLINE","pubmed_2026-10-08.nbib","2023","10.1016/j.eats.2023.05.010","37942107","All-Dorsal Arthroscopic Ligamentoplasty (ADAL) in Scapholunate Instability Management: Surgical Technique."
"R00129","128","first","Europe PMC","europepmc_2026-10-08.csv","2022","10.1007/s00402-022-04435-z","35411494","Did implementation of three ligament tenodesis improve patient outcome after chronic scapholunate instability? A retrospective study."
"R00129","829","pmid","PubMed/MEDLINE","pubmed_2026-10-08.nbib","2022","10.1007/s00402-022-04435-z","35411494","Did implementation of three ligament tenodesis improve patient outcome after chronic scapholunate instability? A retrospective study."
"R00130","129","first","Europe PMC","europepmc_2026-10-08.csv","2025","10.1016/j.jhsa.2023.07.008","37589620","Collapse After Carpal Bone Tunneling: An Underreported Complication?"
"R00130","732","pmid","PubMed/MEDLINE","pubmed_2026-10-08.nbib","2025","10.1016/j.jhsa.2023.07.008","37589620","Collapse After Carpal Bone Tunneling: An Underreported Complication?"
"R00131","130","first","Europe PMC","europepmc_2026-10-08.csv","2026","10.2340/jphs.v61.45517","41875014","Clinical outcomes of isolated ulnar shortening osteotomy for ulnar impaction syndrome with concomitant distal radioulnar joint instability."
"R00131","521","pmid","PubMed/MEDLINE","pubmed_2026-10-08.nbib","2026","10.2340/jphs.v61.45517","41875014","Clinical outcomes of isolated ulnar shortening osteotomy for ulnar impaction syndrome with concomitant distal radioulnar joint instability."
"R00132","131","first","Europe PMC","europepmc_2026-10-08.csv","2022","10.1016/j.jhsa.2022.07.001","36031464","Is Midcarpal Arthroscopy for Suspected Scapholunate Pathology Associated With Greater Interobserver Agreement and More Frequent Offer of Surgery?"
"R00132","805","pmid","PubMed/MEDLINE","pubmed_2026-10-08.nbib","2022","10.1016/j.jhsa.2022.07.001","36031464","Is Midcarpal Arthroscopy for Suspected Scapholunate Pathology Associated With Greater Interobserver Agreement and More Frequent Offer of Surgery?"
"R00133","132","first","Europe PMC","europepmc_2026-10-08.csv","2026","10.1142/s2424835526500049","41508612","Outcomes of Simultaneous Open Triangular Fibrocartilage Complex Repair with Extensor Carpi Ulnaris Stabilisation."
"R00133","551","pmid","PubMed/MEDLINE","pubmed_2026-10-08.nbib","2026","10.1142/s2424835526500049","41508612","Outcomes of Simultaneous Open Triangular Fibrocartilage Complex Repair with Extensor Carpi Ulnaris Stabilisation."
"R00134","133","first","Europe PMC","europepmc_2026-10-08.csv","2023","10.5435/jaaos-d-22-00777","37105177","Midcarpal Instability."
"R00134","752","pmid","PubMed/MEDLINE","pubmed_2026-10-08.nbib","2023","10.5435/jaaos-d-22-00777","37105177","Midcarpal Instability."
"R00135","134","first","Europe PMC","europepmc_2026-10-08.csv","2026","10.1016/j.jhsg.2026.100965","42093839","Pediatric Traumatic Dorsal Nondissociative Carpal Instability Following a Distal Radius Fracture: A Case Report of a Rare Complication."
"R00135","513","pmid","PubMed/MEDLINE","pubmed_2026-10-08.nbib","2026","10.1016/j.jhsg.2026.100965","42093839","Pediatric Traumatic Dorsal Nondissociative Carpal Instability Following a Distal Radius Fracture: A Case Report of a Rare Complication."
"R00136","135","first","Europe PMC","europepmc_2026-10-08.csv","2023","10.1007/s00256-023-04323-6","36951995","Scaphoid kinematics in scapholunate instability: a dynamic CT study."
"R00136","764","pmid","PubMed/MEDLINE","pubmed_2026-10-08.nbib","2023","10.1007/s00256-023-04323-6","36951995","Scaphoid kinematics in scapholunate instability: a dynamic CT study."
"R00137","136","first","Europe PMC","europepmc_2026-10-08.csv","2024","10.1016/j.jhsg.2024.02.005","38817753","Perilunate Dislocations: Cadaveric Model K-Wire Versus Compression Staple Fixation."
"R00137","674","pmid","PubMed/MEDLINE","pubmed_2026-10-08.nbib","2024","10.1016/j.jhsg.2024.02.005","38817753","Perilunate Dislocations: Cadaveric Model K-Wire Versus Compression Staple Fixation."
"R00138","137","first","Europe PMC","europepmc_2026-10-08.csv","2026","10.1016/j.hansur.2026.102640","41839394","Less is More in Acute Perilunate Injuries? Early Success with Arthroscopic-Assisted Fixation of The Proximal Row without Ligament Repair."
"R00138","527","pmid","PubMed/MEDLINE","pubmed_2026-10-08.nbib","2026","10.1016/j.hansur.2026.102640","41839394","Less is More in Acute Perilunate Injuries? Early Success with Arthroscopic-Assisted Fixation of The Proximal Row without Ligament Repair."
"R00139","138","first","Europe PMC","europepmc_2026-10-08.csv","2023","10.1177/17531934221135072","36329563","Scapholunate ligament reconstruction using the Internal Brace™: a patient-reported outcomes perspective."
"R00139","793","pmid","PubMed/MEDLINE","pubmed_2026-10-08.nbib","2023","10.1177/17531934221135072","36329563","Scapholunate ligament reconstruction using the Internal Brace: a patient-reported outcomes perspective."
"R00140","139","first","Europe PMC","europepmc_2026-10-08.csv","2026","10.1016/j.jhsa.2026.07.008","42627307","Adams-Berger Reconstruction for Chronic Distal Radioulnar Joint Instability: Prospective 12-Month Outcomes."
"R00140","485","pmid","PubMed/MEDLINE","pubmed_2026-10-08.nbib","2026","10.1016/j.jhsa.2026.07.008","42627307","Adams-Berger Reconstruction for Chronic Distal Radioulnar Joint Instability: Prospective 12-Month Outcomes."
"R00141","140","first","Europe PMC","europepmc_2026-10-08.csv","2025","10.1055/s-0044-1791501","40688638","Arthroscopic Suture Anchor Scapholunate Capsulodesis."
"R00141","588","pmid","PubMed/MEDLINE","pubmed_2026-10-08.nbib","2025","10.1055/s-0044-1791501","40688638","Arthroscopic Suture Anchor Scapholunate Capsulodesis."
"R00142","141","first","Europe PMC","europepmc_2026-10-08.csv","2026","10.1016/j.jcot.2026.103515","42291824","Side-to-side functional symmetry and radiographic stability after distal ulna resection with ECU tenodesis: A case series of grade III giant cell tumors."
"R00142","505","pmid","PubMed/MEDLINE","pubmed_2026-10-08.nbib","2026","10.1016/j.jcot.2026.103515","42291824","Side-to-side functional symmetry and radiographic stability after distal ulna resection with ECU tenodesis: A case series of grade III giant cell tumors."
"R00143","142","first","Europe PMC","europepmc_2026-10-08.csv","2025","10.1302/2633-1462.63.bjo-2024-0237.r1","40058401","The role of diagnostic wrist arthroscopy in suspected scapholunate ligament injury : a cohort study of 324 patients."
"R00143","620","pmid","PubMed/MEDLINE","pubmed_2026-10-08.nbib","2025","10.1302/2633-1462.63.bjo-2024-0237.r1","40058401","The role of diagnostic wrist arthroscopy in suspected scapholunate ligament injury : a cohort study of 324 patients."
"R00144","143","first","Europe PMC","europepmc_2026-10-08.csv","2020","10.1097/bth.0000000000000273","31693570","Dorsal Intercarpal Ligament Preserving Arthrotomy and Capsulodesis for Scapholunate Dissociation."
"R00144","992","pmid","PubMed/MEDLINE","pubmed_2026-10-08.nbib","2020","10.1097/bth.0000000000000273","31693570","Dorsal Intercarpal Ligament Preserving Arthrotomy and Capsulodesis for Scapholunate Dissociation."
"R00145","144","first","Europe PMC","europepmc_2026-10-08.csv","2021","10.1177/23094990211025830","34189986","Kinematic analysis of two scapholunate ligament reconstruction techniques."
"R00145","885","pmid","PubMed/MEDLINE","pubmed_2026-10-08.nbib","2021","10.1177/23094990211025830","34189986","Kinematic analysis of two scapholunate ligament reconstruction techniques."
"R00146","145","first","Europe PMC","europepmc_2026-10-08.csv","2024","10.1016/j.jht.2023.09.012","37852910","Influence of forearm rotation on the kinetic stabilizing efficiency of the muscles that control the scapholunate joint. Clinical application in proprioceptive and neuromuscular rehabilitation programs."
"R00146","722","pmid","PubMed/MEDLINE","pubmed_2026-10-08.nbib","2024","10.1016/j.jht.2023.09.012","37852910","Influence of forearm rotation on the kinetic stabilizing efficiency of the muscles that control the scapholunate joint. Clinical application in proprioceptive and neuromuscular rehabilitation programs."
"R00147","146","first","Europe PMC","europepmc_2026-10-08.csv","2026","10.1016/j.jham.2026.100495","42662240","Reconstructing the interosseous ligament: A technique using a single bundle synthetic tape."
"R00147","483","pmid","PubMed/MEDLINE","pubmed_2026-10-08.nbib","2026","10.1016/j.jham.2026.100495","42662240","Reconstructing the interosseous ligament: A technique using a single bundle synthetic tape."
"R00148","147","first","Europe PMC","europepmc_2026-10-08.csv","2024","10.1007/s12306-023-00787-w","37227663","Combined repair of scapholunate ligament (SL) and triangular fibrocartilage complex (TFCC) lesions in chronic trauma of the wrist: surgical treatment of 14 patients."
"R00148","744","pmid","PubMed/MEDLINE","pubmed_2026-10-08.nbib","2024","10.1007/s12306-023-00787-w","37227663","Combined repair of scapholunate ligament (SL) and triangular fibrocartilage complex (TFCC) lesions in chronic trauma of the wrist: surgical treatment of 14 patients."
"R00149","148","first","Europe PMC","europepmc_2026-10-08.csv","2023","10.1055/s-0042-1759729","37564624","Dorsal Scapholunate Ligament Reconstruction by Using Palmaris Longus Tendon Graft in Chronic Static Scapholunate Dissociations: Does It Yield Favorable Radiographic and Functional Results?"
"R00149","734","pmid","PubMed/MEDLINE","pubmed_2026-10-08.nbib","2023","10.1055/s-0042-1759729","37564624","Dorsal Scapholunate Ligament Reconstruction by Using Palmaris Longus Tendon Graft in Chronic Static Scapholunate Dissociations: Does It Yield Favorable Radiographic and Functional Results?"
"R00150","149","first","Europe PMC","europepmc_2026-10-08.csv","2026","10.1016/j.jhsa.2025.09.005","41105065","Ultrasonic Anchor-Assisted Restoration of the Scapholunate Ligament Complex: A Cadaveric Study."
"R00150","569","pmid","PubMed/MEDLINE","pubmed_2026-10-08.nbib","2026","10.1016/j.jhsa.2025.09.005","41105065","Ultrasonic Anchor-Assisted Restoration of the Scapholunate Ligament Complex: A Cadaveric Study."
"R00152","151","first","Europe PMC","europepmc_2026-10-08.csv","2022","10.1055/s-0041-1732411","35127266","Treatment Recommendations for Suspected Scapholunate Ligament Pathology."
"R00152","841","pmid","PubMed/MEDLINE","pubmed_2026-10-08.nbib","2022","10.1055/s-0041-1732411","35127266","Treatment Recommendations for Suspected Scapholunate Ligament Pathology."
"R00153","152","first","Europe PMC","europepmc_2026-10-08.csv","2023","10.1097/prs.0000000000009786","36219862","InternalBrace for Intercarpal Ligament Reconstruction."
"R00153","796","pmid","PubMed/MEDLINE","pubmed_2026-10-08.nbib","2023","10.1097/prs.0000000000009786","36219862","InternalBrace for Intercarpal Ligament Reconstruction."
"R00154","153","first","Europe PMC","europepmc_2026-10-08.csv","2022","10.22038/abjs.2021.59167.2944","35755786","Lunotriquetral Ligament Repair Using Augmented Internal Brace."
"R00154","815","pmid","PubMed/MEDLINE","pubmed_2026-10-08.nbib","2022","10.22038/abjs.2021.59167.2944","35755786","Lunotriquetral Ligament Repair Using Augmented Internal Brace."
"R00155","154","first","Europe PMC","europepmc_2026-10-08.csv","2026","10.1002/arj.70499","42669168","Distal Radius Morphology and Bone Mineral Density Show Significant Sex- and Age-Based Differences With Implications for Allograft Glenoid Reconstruction."
"R00155","481","pmid","PubMed/MEDLINE","pubmed_2026-10-08.nbib","2026","10.1002/arj.70499","42669168","Distal Radius Morphology and Bone Mineral Density Show Significant Sex- and Age-Based Differences With Implications for Allograft Glenoid Reconstruction."
"R00156","155","first","Europe PMC","europepmc_2026-10-08.csv","2023","10.1055/s-0042-1749164","36644724","Scapholunate Ligament Reconstruction without Immobilization Is Safe and Leads to Better Functional Results."
"R00156","774","pmid","PubMed/MEDLINE","pubmed_2026-10-08.nbib","2023","10.1055/s-0042-1749164","36644724","Scapholunate Ligament Reconstruction without Immobilization Is Safe and Leads to Better Functional Results."
"R00157","156","first","Europe PMC","europepmc_2026-10-08.csv","2025","10.1177/17531934251322716","40084565","CORRIGENDUM to 'Scapholunate ligament reconstruction using a part of the extensor carpi radialis brevis tendon through a dorsal approach'."
"R00157","619","pmid","PubMed/MEDLINE","pubmed_2026-10-08.nbib","2025","10.1177/17531934251322716","40084565","CORRIGENDUM to 'Scapholunate ligament reconstruction using a part of the extensor carpi radialis brevis tendon through a dorsal approach'."
"R00158","157","first","Europe PMC","europepmc_2026-10-08.csv","2023","10.1016/j.bioadv.2023.213397","37023566","Additively manufactured polyethylene terephthalate scaffolds for scapholunate interosseous ligament reconstruction."
"R00158","757","pmid","PubMed/MEDLINE","pubmed_2026-10-08.nbib","2023","10.1016/j.bioadv.2023.213397","37023566","Additively manufactured polyethylene terephthalate scaffolds for scapholunate interosseous ligament reconstruction."
"R00159","158","first","Europe PMC","europepmc_2026-10-08.csv","2025","10.3389/fsurg.2025.1454101","40421274","Union rate and clinical outcomes of second-try scaphoid reconstructions after failed primary scaphoid osteosynthesis or reconstruction. A retrospective, single-center cohort study of 52 patients."
"R00159","603","pmid","PubMed/MEDLINE","pubmed_2026-10-08.nbib","2025","10.3389/fsurg.2025.1454101","40421274","Union rate and clinical outcomes of second-try scaphoid reconstructions after failed primary scaphoid osteosynthesis or reconstruction. A retrospective, single-center cohort study of 52 patients."
"R00160","159","first","Europe PMC","europepmc_2026-10-08.csv","2023","10.13107/jocr.2023.v13.i10.3930","37885642","Isolated Hamate Dislocation: A Case Report and Technique Guide."
"R00160","720","pmid","PubMed/MEDLINE","pubmed_2026-10-08.nbib","2023","10.13107/jocr.2023.v13.i10.3930","37885642","Isolated Hamate Dislocation: A Case Report and Technique Guide."
"R00161","160","first","Europe PMC","europepmc_2026-10-08.csv","2021","10.1177/1753193420973883","33241724","Quantitative four-dimensional CT evaluation of scapholunate intercarpal ligamentoplasty for scapholunate dissociation: a cadaveric study."
"R00161","931","pmid","PubMed/MEDLINE","pubmed_2026-10-08.nbib","2021","10.1177/1753193420973883","33241724","Quantitative four-dimensional CT evaluation of scapholunate intercarpal ligamentoplasty for scapholunate dissociation: a cadaveric study."
"R00162","161","first","Europe PMC","europepmc_2026-10-08.csv","2020","10.2174/1573397115666181210170202","30526465","Changes in Scaphoid and Lunate Position and Loading at Two Wrist Pushup Positions."
"R00162","998","pmid","PubMed/MEDLINE","pubmed_2026-10-08.nbib","2020","10.2174/1573397115666181210170202","30526465","Changes in Scaphoid and Lunate Position and Loading at Two Wrist Pushup Positions."
"R00163","162","first","Europe PMC","europepmc_2026-10-08.csv","2023","10.1115/1.4056651","36628998","Non-Surgical Carpal Arch Space Augmentation for Median Nerve Decompression."
"R00163","775","pmid","PubMed/MEDLINE","pubmed_2026-10-08.nbib","2023","10.1115/1.4056651","36628998","Non-Surgical Carpal Arch Space Augmentation for Median Nerve Decompression."
"R00165","164","first","Europe PMC","europepmc_2026-10-08.csv","2024","10.1016/j.bjps.2024.09.071","39413585","Patient-reported outcomes and comprehensive assessment of wrist function after scaphoid reconstruction: A single-center retrospective study on 162 patients."
"R00165","645","pmid","PubMed/MEDLINE","pubmed_2026-10-08.nbib","2024","10.1016/j.bjps.2024.09.071","39413585","Patient-reported outcomes and comprehensive assessment of wrist function after scaphoid reconstruction: A single-center retrospective study on 162 patients."
"R00166","165","first","Europe PMC","europepmc_2026-10-08.csv","2021","10.1097/bth.0000000000000360","34265840","Suture-button Fixation and Arthroscopic Dorsal Ligamento-capsulodesis in Chronic Scapholunate Dissociation."
"R00166","882","pmid","PubMed/MEDLINE","pubmed_2026-10-08.nbib","2021","10.1097/bth.0000000000000360","34265840","Suture-button Fixation and Arthroscopic Dorsal Ligamento-capsulodesis in Chronic Scapholunate Dissociation."
"R00167","166","first","Europe PMC","europepmc_2026-10-08.csv","2025","10.1016/j.eats.2024.103333","40453007","All-Suture Knotless Suture Anchor Repair of Scapholunate Ligament: The Double-Pulley Repair."
"R00167","602","pmid","PubMed/MEDLINE","pubmed_2026-10-08.nbib","2025","10.1016/j.eats.2024.103333","40453007","All-Suture Knotless Suture Anchor Repair of Scapholunate Ligament: The Double-Pulley Repair."
"R00168","167","first","Europe PMC","europepmc_2026-10-08.csv","2024","10.7759/cureus.61892","38978923","Rehabilitation Protocol for Lunate Fracture in a Clinical Case Report."
"R00168","665","pmid","PubMed/MEDLINE","pubmed_2026-10-08.nbib","2024","10.7759/cureus.61892","38978923","Rehabilitation Protocol for Lunate Fracture in a Clinical Case Report."
"R00169","168","first","Europe PMC","europepmc_2026-10-08.csv","2026","10.1055/a-2686-1118","42524696","Long-Term Functional Outcomes After Volar Capsulodesis for Treatment of Scapholunate Ligament Injuries: An 18-Year Experience."
"R00169","492","pmid","PubMed/MEDLINE","pubmed_2026-10-08.nbib","2026","10.1055/a-2686-1118","42524696","Long-Term Functional Outcomes After Volar Capsulodesis for Treatment of Scapholunate Ligament Injuries: An 18-Year Experience."
"R00170","169","first","Europe PMC","europepmc_2026-10-08.csv","2025","10.1016/j.tcr.2025.101131","40027138","Isolated scaphoid dislocation and repair of the scapholunate ligament in acute trauma: A case report."
"R00170","622","pmid","PubMed/MEDLINE","pubmed_2026-10-08.nbib","2025","10.1016/j.tcr.2025.101131","40027138","Isolated scaphoid dislocation and repair of the scapholunate ligament in acute trauma: A case report."
"R00171","170","first","Europe PMC","europepmc_2026-10-08.csv","2023","10.1055/s-0043-1762930","37841355","Clinical Outcomes of Arthroscopic-Assisted Volar Scapholunate Capsulodesis: A Case Series."
"R00171","726","pmid","PubMed/MEDLINE","pubmed_2026-10-08.nbib","2023","10.1055/s-0043-1762930","37841355","Clinical Outcomes of Arthroscopic-Assisted Volar Scapholunate Capsulodesis: A Case Series."
"R00172","171","first","Europe PMC","europepmc_2026-10-08.csv","2026","10.5435/jaaos-d-25-00217","40720800","Clinical Outcomes of Different Surgical Methods for Campanacci Grade III and Recurrent Giant Cell Tumors of the Distal Radius."
"R00172","587","pmid","PubMed/MEDLINE","pubmed_2026-10-08.nbib","2026","10.5435/jaaos-d-25-00217","40720800","Clinical Outcomes of Different Surgical Methods for Campanacci Grade III and Recurrent Giant Cell Tumors of the Distal Radius."
"R00173","172","first","Europe PMC","europepmc_2026-10-08.csv","2026","10.1055/a-2710-9255","42787912","Revision Rates Following Scapholunate Ligament Repair and Reconstruction: A Multi-Institutional Database Study and Review of Literature."
"R00173","476","pmid","PubMed/MEDLINE","pubmed_2026-10-08.nbib","2026","10.1055/a-2710-9255","42787912","Revision Rates Following Scapholunate Ligament Repair and Reconstruction: A Multi-Institutional Database Study and Review of Literature."
"R00174","173","first","Europe PMC","europepmc_2026-10-08.csv","2022","10.5005/jp-journals-10080-1543","35734033","Chronic Isolated Dorsal Dislocation of the Lunate. A Rare Presentation of Carpal Instability."
"R00174","816","pmid","PubMed/MEDLINE","pubmed_2026-10-08.nbib","2022","10.5005/jp-journals-10080-1543","35734033","Chronic Isolated Dorsal Dislocation of the Lunate. A Rare Presentation of Carpal Instability."
"R00175","174","first","Europe PMC","europepmc_2026-10-08.csv","2021","10.1136/bcr-2020-241090","34244185","Short-term findings of a custom-made 3D-printed titanium partial scaphoid prosthesis and scapholunate interosseous ligament reconstruction."
"R00175","883","pmid","PubMed/MEDLINE","pubmed_2026-10-08.nbib","2021","10.1136/bcr-2020-241090","34244185","Short-term findings of a custom-made 3D-printed titanium partial scaphoid prosthesis and scapholunate interosseous ligament reconstruction."
"R00176","175","first","Europe PMC","europepmc_2026-10-08.csv","2023","10.1055/s-0043-1761608","37841358","BMP2 and GDF5 for Compartmentalized Regeneration of the Scapholunate Ligament."
"R00176","725","pmid","PubMed/MEDLINE","pubmed_2026-10-08.nbib","2023","10.1055/s-0043-1761608","37841358","BMP2 and GDF5 for Compartmentalized Regeneration of the Scapholunate Ligament."
"R00178","177","first","Europe PMC","europepmc_2026-10-08.csv","2026","10.1177/17531934261483321","42695530","Biomechanical comparison of suture materials across a bone tunnel edge."
"R00178","479","pmid","PubMed/MEDLINE","pubmed_2026-10-08.nbib","2026","10.1177/17531934261483321","42695530","Biomechanical comparison of suture materials across a bone tunnel edge."
"R00179","178","first","Europe PMC","europepmc_2026-10-08.csv","2026","10.1016/j.hansur.2026.102577","41548845","High rates of return-to-sport and work in military personnel after arthroscopic posterior capsuloplasty of the wrist."
"R00179","548","pmid","PubMed/MEDLINE","pubmed_2026-10-08.nbib","2026","10.1016/j.hansur.2026.102577","41548845","High rates of return-to-sport and work in military personnel after arthroscopic posterior capsuloplasty of the wrist."
"R00180","179","first","Europe PMC","europepmc_2026-10-08.csv","2024","10.1055/s-0043-1768134","39296662","Knotless Arthroscopic Dorsal Scapholunate Capsulodesis: A Simplified Technique."
"R00180","754","pmid","PubMed/MEDLINE","pubmed_2026-10-08.nbib","2024","10.1055/s-0043-1768134","39296662","Knotless Arthroscopic Dorsal Scapholunate Capsulodesis: A Simplified Technique."
"R00181","180","first","Europe PMC","europepmc_2026-10-08.csv","2026","10.1016/j.jhsg.2026.101060","42369084","Extensor Pollicis Longus Tendon Translocation with a History of Thumb Polydactyly Surgery."
"R00181","501","pmid","PubMed/MEDLINE","pubmed_2026-10-08.nbib","2026","10.1016/j.jhsg.2026.101060","42369084","Extensor Pollicis Longus Tendon Translocation with a History of Thumb Polydactyly Surgery."
"R00182","181","first","Europe PMC","europepmc_2026-10-08.csv","2026","10.1007/s00402-026-06456-4","42545580","Short- to mid-term clinical outcomes and return to sport and work after arthroscopic debridement of the extensor carpi radialis brevis in patients with chronic lateral epicondylopathy."
"R00182","491","pmid","PubMed/MEDLINE","pubmed_2026-10-08.nbib","2026","10.1007/s00402-026-06456-4","42545580","Short- to mid-term clinical outcomes and return to sport and work after arthroscopic debridement of the extensor carpi radialis brevis in patients with chronic lateral epicondylopathy."
"R00183","182","first","Europe PMC","europepmc_2026-10-08.csv","2026","10.1177/17531934261417561","41981955","Restoring balance in the distal radioulnar joint: advancements in minimally invasive surgical approaches."
"R00183","517","pmid","PubMed/MEDLINE","pubmed_2026-10-08.nbib","2026","10.1177/17531934261417561","41981955","Restoring balance in the distal radioulnar joint: advancements in minimally invasive surgical approaches."
"R00184","183","first","Europe PMC","europepmc_2026-10-08.csv","2025","10.1016/j.jhsa.2024.10.015","39665729","Front-to-Back Arthroscopic Repair of Complete Lunotriquetral Ligament Injuries: A Case Presentation and Algorithm for Arthroscopic Management of Intercarpal Ligament Injuries."
"R00184","635","pmid","PubMed/MEDLINE","pubmed_2026-10-08.nbib","2025","10.1016/j.jhsa.2024.10.015","39665729","Front-to-Back Arthroscopic Repair of Complete Lunotriquetral Ligament Injuries: A Case Presentation and Algorithm for Arthroscopic Management of Intercarpal Ligament Injuries."
"R00185","184","first","Europe PMC","europepmc_2026-10-08.csv","2026","10.1177/15589447251397007","41549351","The Impact of Scapholunate Angle Correction on Radiographic Union in Adult Scaphoid Nonunion Surgery: An Institutional Retrospective Cohort Study."
"R00185","547","pmid","PubMed/MEDLINE","pubmed_2026-10-08.nbib","2026","10.1177/15589447251397007","41549351","The Impact of Scapholunate Angle Correction on Radiographic Union in Adult Scaphoid Nonunion Surgery: An Institutional Retrospective Cohort Study."
"R00186","185","first","Europe PMC","europepmc_2026-10-08.csv","2026","10.1016/j.jhsa.2025.12.023","41686105","Triquetral Alignment: Measurement Techniques, Reliability, and Normal Values."
"R00186","541","pmid","PubMed/MEDLINE","pubmed_2026-10-08.nbib","2026","10.1016/j.jhsa.2025.12.023","41686105","Triquetral Alignment: Measurement Techniques, Reliability, and Normal Values."
"R00188","187","first","Europe PMC","europepmc_2026-10-08.csv","2021","10.1055/s-0041-1728802","34881103","Design Requirements for Scapholunate Interosseous Ligament Reconstruction."
"R00188","857","pmid","PubMed/MEDLINE","pubmed_2026-10-08.nbib","2021","10.1055/s-0041-1728802","34881103","Design Requirements for Scapholunate Interosseous Ligament Reconstruction."
"R00189","188","first","Europe PMC","europepmc_2026-10-08.csv","2022","10.1007/s43465-021-00454-x","35070144","Piezoelectric Bone Surgery. Overview in Applications and Proof of Feasibility in Hand and Plastic Surgery."
"R00189","846","pmid","PubMed/MEDLINE","pubmed_2026-10-08.nbib","2022","10.1007/s43465-021-00454-x","35070144","Piezoelectric Bone Surgery. Overview in Applications and Proof of Feasibility in Hand and Plastic Surgery."
"R00190","189","first","Europe PMC","europepmc_2026-10-08.csv","2026","10.1007/s00264-025-06732-9","41498921","Management of distal radius giant cell tumours using En-bloc resection, non-vascularized ipsilateral fibular head-shaft autograft, and distal radioulnar ligament reconstruction."
"R00190","552","pmid","PubMed/MEDLINE","pubmed_2026-10-08.nbib","2026","10.1007/s00264-025-06732-9","41498921","Management of distal radius giant cell tumours using En-bloc resection, non-vascularized ipsilateral fibular head-shaft autograft, and distal radioulnar ligament reconstruction."
"R00191","190","first","Europe PMC","europepmc_2026-10-08.csv","2025","10.1016/j.jhsa.2024.11.014","39772346","Scapholunate Kinematics After Combined Palmar and Dorsal Ligament Reconstruction: A Quantitative Evaluation Using Four-Dimensional Computed Tomography."
"R00191","630","pmid","PubMed/MEDLINE","pubmed_2026-10-08.nbib","2025","10.1016/j.jhsa.2024.11.014","39772346","Scapholunate Kinematics After Combined Palmar and Dorsal Ligament Reconstruction: A Quantitative Evaluation Using Four-Dimensional Computed Tomography."
"R00192","191","first","Europe PMC","europepmc_2026-10-08.csv","2021","10.1016/j.jhsg.2020.12.004","35415539","Motion and Strength Analysis of 2-Tine Staple and K-Wire Fixation in Scapholunate Ligament Stabilization in a Cadaver Model."
"R00192","912","pmid","PubMed/MEDLINE","pubmed_2026-10-08.nbib","2021","10.1016/j.jhsg.2020.12.004","35415539","Motion and Strength Analysis of 2-Tine Staple and K-Wire Fixation in Scapholunate Ligament Stabilization in a Cadaver Model."
"R00193","192","first","Europe PMC","europepmc_2026-10-08.csv","2024","10.1055/s-0043-1768931","38264128","Open Volar STT Ligament Reconstruction to Augment the Mathoulin's Arthroscopic Dorsal Capsuloligamentous Reconstruction: Technique Description and Case Reports."
"R00193","699","pmid","PubMed/MEDLINE","pubmed_2026-10-08.nbib","2024","10.1055/s-0043-1768931","38264128","Open Volar STT Ligament Reconstruction to Augment the Mathoulin's Arthroscopic Dorsal Capsuloligamentous Reconstruction: Technique Description and Case Reports."
"R00194","193","first","Europe PMC","europepmc_2026-10-08.csv","2023","10.1177/17531934221148009","36799288","Scapholunate instability: why are the surgical outcomes still so far from ideal?"
"R00194","772","pmid","PubMed/MEDLINE","pubmed_2026-10-08.nbib","2023","10.1177/17531934221148009","36799288","Scapholunate instability: why are the surgical outcomes still so far from ideal?"
"R00195","194","first","Europe PMC","europepmc_2026-10-08.csv","2025","10.1055/s-0044-1793831","41267946","Giant Cell Tumor of Capitate with Secondary Aneurysmal Bone Cyst: A Case Report."
"R00195","565","pmid","PubMed/MEDLINE","pubmed_2026-10-08.nbib","2025","10.1055/s-0044-1793831","41267946","Giant Cell Tumor of Capitate with Secondary Aneurysmal Bone Cyst: A Case Report."
"R00196","195","first","Europe PMC","europepmc_2026-10-08.csv","2025","10.1016/j.arthro.2025.05.005","40373884","Combined Transosseous and Capsular Repair Improves Grip Strength in Triangular Fibrocartilage Complex Tears: A Randomized Controlled Trial."
"R00196","606","pmid","PubMed/MEDLINE","pubmed_2026-10-08.nbib","2025","10.1016/j.arthro.2025.05.005","40373884","Combined Transosseous and Capsular Repair Improves Grip Strength in Triangular Fibrocartilage Complex Tears: A Randomized Controlled Trial."
"R00197","196","first","Europe PMC","europepmc_2026-10-08.csv","2024","10.1016/j.jpra.2024.03.009","38633374","Free hemi-hamate arthroplasty: A review of donor site outcomes."
"R00197","680","pmid","PubMed/MEDLINE","pubmed_2026-10-08.nbib","2024","10.1016/j.jpra.2024.03.009","38633374","Free hemi-hamate arthroplasty: A review of donor site outcomes."
"R00198","197","first","Europe PMC","europepmc_2026-10-08.csv","2026","10.1055/a-2640-4354","41869478","TFCC Foveal Reconstruction for Chronic DRUJ Instability Using a Single Limb Tendon Graft Technique: A Minimum 32-month Follow-up Study."
"R00198","523","pmid","PubMed/MEDLINE","pubmed_2026-10-08.nbib","2026","10.1055/a-2640-4354","41869478","TFCC Foveal Reconstruction for Chronic DRUJ Instability Using a Single Limb Tendon Graft Technique: A Minimum 32-month Follow-up Study."
"R00199","198","first","Europe PMC","europepmc_2026-10-08.csv","2026","10.1186/s12891-026-09939-y","42237126","Open versus arthroscopic management of acute and chronic distal radioulnar joint instability: a systematic review and meta-analysis."
"R00199","508","pmid","PubMed/MEDLINE","pubmed_2026-10-08.nbib","2026","10.1186/s12891-026-09939-y","42237126","Open versus arthroscopic management of acute and chronic distal radioulnar joint instability: a systematic review and meta-analysis."
"R00200","199","first","Europe PMC","europepmc_2026-10-08.csv","2021","10.1177/1753193420940498","32686557","Intercarpal ligamentoplasty for scapholunate dissociation: comparison of two techniques."
"R00200","959","pmid","PubMed/MEDLINE","pubmed_2026-10-08.nbib","2021","10.1177/1753193420940498","32686557","Intercarpal ligamentoplasty for scapholunate dissociation: comparison of two techniques."
"R00201","200","first","Europe PMC","europepmc_2026-10-08.csv","2025","10.1186/s12891-025-09246-y","41136948","Arthroscopic physeal-sparing TFCC foveal repair via a single extracapsular transverse bone tunnel in adolescents: a retrospective cohort study."
"R00201","567","pmid","PubMed/MEDLINE","pubmed_2026-10-08.nbib","2025","10.1186/s12891-025-09246-y","41136948","Arthroscopic physeal-sparing TFCC foveal repair via a single extracapsular transverse bone tunnel in adolescents: a retrospective cohort study."
"R00202","201","first","Europe PMC","europepmc_2026-10-08.csv","2021","10.1002/jor.24785","32579261","Multiphasic scaffold for scapholunate interosseous ligament reconstruction: A study in the rabbit knee."
"R00202","963","pmid","PubMed/MEDLINE","pubmed_2026-10-08.nbib","2021","10.1002/jor.24785","32579261","Multiphasic scaffold for scapholunate interosseous ligament reconstruction: A study in the rabbit knee."
"R00203","202","first","Europe PMC","europepmc_2026-10-08.csv","2024","10.1055/s-0043-1770079","38264135","Radial Midcarpal Instability Treated with Radioscaphocapitate Ligament Recession: A Case Report."
"R00203","697","pmid","PubMed/MEDLINE","pubmed_2026-10-08.nbib","2024","10.1055/s-0043-1770079","38264135","Radial Midcarpal Instability Treated with Radioscaphocapitate Ligament Recession: A Case Report."
"R00204","203","first","Europe PMC","europepmc_2026-10-08.csv","2026","10.1016/j.jhsa.2026.01.029","41811284","Postoperative Immobilization After Foveal Triangular Fibrocartilage Complex Repair: A Systematic Review and Meta-Analysis of Comparative Studies."
"R00204","531","pmid","PubMed/MEDLINE","pubmed_2026-10-08.nbib","2026","10.1016/j.jhsa.2026.01.029","41811284","Postoperative Immobilization After Foveal Triangular Fibrocartilage Complex Repair: A Systematic Review and Meta-Analysis of Comparative Studies."
"R00205","204","first","Europe PMC","europepmc_2026-10-08.csv","2025","10.1142/s2424835525500444","40583361","Management of Ulnar Wrist Pain Without Ulnar Plus Variance: A Comparative Study of Arthroscopic Triangular Fibrocartilage Complex Repair and Ulnar Shortening Osteotomy."
"R00205","592","pmid","PubMed/MEDLINE","pubmed_2026-10-08.nbib","2025","10.1142/s2424835525500444","40583361","Management of Ulnar Wrist Pain Without Ulnar Plus Variance: A Comparative Study of Arthroscopic Triangular Fibrocartilage Complex Repair and Ulnar Shortening Osteotomy."
"R00206","205","first","Europe PMC","europepmc_2026-10-08.csv","2021","10.1142/s2424835521500363","34380398","Non-Vascularized Tri-Cortical Iliac Crest Graft-A Reliable Option in the Management of Scaphoid Waist Non-Unions."
"R00206","877","pmid","PubMed/MEDLINE","pubmed_2026-10-08.nbib","2021","10.1142/s2424835521500363","34380398","Non-Vascularized Tri-Cortical Iliac Crest Graft-A Reliable Option in the Management of Scaphoid Waist Non-Unions."
"R00207","206","first","Europe PMC","europepmc_2026-10-08.csv","2025","10.1055/s-0044-1787157","40151781","Double Trouble: Malunited Distal Radius Fracture and Scapholunate Ligament Injury."
"R00207","615","pmid","PubMed/MEDLINE","pubmed_2026-10-08.nbib","2025","10.1055/s-0044-1787157","40151781","Double Trouble: Malunited Distal Radius Fracture and Scapholunate Ligament Injury."
"R00208","207","first","Europe PMC","europepmc_2026-10-08.csv","2021","10.1055/s-0041-1723792","34881102","Histomorphology of the Subregions of the Scapholunate Interosseous Ligament and Its Enthesis."
"R00208","858","pmid","PubMed/MEDLINE","pubmed_2026-10-08.nbib","2021","10.1055/s-0041-1723792","34881102","Histomorphology of the Subregions of the Scapholunate Interosseous Ligament and Its Enthesis."
"R00209","208","first","Europe PMC","europepmc_2026-10-08.csv","2023","10.1007/s12178-022-09819-7","36689137","Diagnosis and Management of Lunotriquetral Ligament Injuries."
"R00209","773","pmid","PubMed/MEDLINE","pubmed_2026-10-08.nbib","2023","10.1007/s12178-022-09819-7","36689137","Diagnosis and Management of Lunotriquetral Ligament Injuries."
"R00210","209","first","Europe PMC","europepmc_2026-10-08.csv","2025","10.1142/s2424835525500705","41309259","Suspected Scaphoid Fractures Investigated with Limited Sequence Wrist MRI Scans: A Prospective Cohort Study."
"R00210","561","pmid","PubMed/MEDLINE","pubmed_2026-10-08.nbib","2025","10.1142/s2424835525500705","41309259","Suspected Scaphoid Fractures Investigated with Limited Sequence Wrist MRI Scans: A Prospective Cohort Study."
"R00211","210","first","Europe PMC","europepmc_2026-10-08.csv","2025","10.1055/s-0044-1779448","40151772","Aptis Distal Radioulnar Joint Implant: Management of Remarkable Complications."
"R00211","694","pmid","PubMed/MEDLINE","pubmed_2026-10-08.nbib","2025","10.1055/s-0044-1779448","40151772","Aptis Distal Radioulnar Joint Implant: Management of Remarkable Complications."
"R00212","211","first","Europe PMC","europepmc_2026-10-08.csv","2023","10.21037/aoj-22-25","38529223","Bilateral carpal pilon-type fractures due to clenched fist trauma: a case report."
"R00212","778","pmid","PubMed/MEDLINE","pubmed_2026-10-08.nbib","2023","10.21037/aoj-22-25","38529223","Bilateral carpal pilon-type fractures due to clenched fist trauma: a case report."
"R00213","212","first","Europe PMC","europepmc_2026-10-08.csv","2022","10.1055/s-0041-1729634","35127259","Dorsal Spanning Plate for Perilunate Dislocations."
"R00213","842","pmid","PubMed/MEDLINE","pubmed_2026-10-08.nbib","2022","10.1055/s-0041-1729634","35127259","Dorsal Spanning Plate for Perilunate Dislocations."
"R00214","213","first","Europe PMC","europepmc_2026-10-08.csv","2025","","41270141","Sequelae of an acute Essex Lopresti lesion: a case report."
"R00214","563","pmid","PubMed/MEDLINE","pubmed_2026-10-08.nbib","2025","","41270141","Sequelae of an acute Essex Lopresti lesion: a case report."
"R00215","214","first","Europe PMC","europepmc_2026-10-08.csv","2026","10.1177/15589447261422499","41778455","Ambulatory Free Medial Femoral Condyle and Trochlea Flaps for Management of Scaphoid Fractures and Nonunions."
"R00215","534","pmid","PubMed/MEDLINE","pubmed_2026-10-08.nbib","2026","10.1177/15589447261422499","41778455","Ambulatory Free Medial Femoral Condyle and Trochlea Flaps for Management of Scaphoid Fractures and Nonunions."
"R00216","215","first","Europe PMC","europepmc_2026-10-08.csv","2025","10.1097/prs.0000000000011912","39636694","Outcomes of All-Dorsal Augmented Intercarpal Ligament Reconstruction."
"R00216","637","pmid","PubMed/MEDLINE","pubmed_2026-10-08.nbib","2025","10.1097/prs.0000000000011912","39636694","Outcomes of All-Dorsal Augmented Intercarpal Ligament Reconstruction."
"R00217","216","first","Europe PMC","europepmc_2026-10-08.csv","2024","10.1097/md.0000000000040057","39465789","Ligament reconstruction for distal radioulnar joint instability with the biomechanical analysis: A case report."
"R00217","642","pmid","PubMed/MEDLINE","pubmed_2026-10-08.nbib","2024","10.1097/md.0000000000040057","39465789","Ligament reconstruction for distal radioulnar joint instability with the biomechanical analysis: A case report."
"R00218","217","first","Europe PMC","europepmc_2026-10-08.csv","2025","10.7507/1002-1892.202410090","39848717","[Wrist arthroscopic Wafer surgery combined with triangular fibrocartilage complex insertion point reconstruction in treatment of Palmer type &lt;b&gt;Ⅱ&lt;/b&gt;C combined with type &lt;b&gt;Ⅰ&lt;/b&gt;B ulnar impingement syndrome]."
"R00218","627","pmid","PubMed/MEDLINE","pubmed_2026-10-08.nbib","2025","10.7507/1002-1892.202410090","39848717","[Wrist arthroscopic Wafer surgery combined with triangular fibrocartilage complex insertion point reconstruction in treatment of Palmer type ⅡC combined with type ⅠB ulnar impingement syndrome]."
"R00219","218","first","Europe PMC","europepmc_2026-10-08.csv","2022","10.1016/j.jhsg.2022.01.007","35601515","Minimum 5-Year Outcomes of Dorsal Intercarpal Ligament Capsulodesis With Scapholunate Interosseous Ligament Repair for Subacute and Chronic Static Scapholunate Instability: A Clinical Series of 5 Patients."
"R00219","821","pmid","PubMed/MEDLINE","pubmed_2026-10-08.nbib","2022","10.1016/j.jhsg.2022.01.007","35601515","Minimum 5-Year Outcomes of Dorsal Intercarpal Ligament Capsulodesis With Scapholunate Interosseous Ligament Repair for Subacute and Chronic Static Scapholunate Instability: A Clinical Series of 5 Patients."
"R00220","219","first","Europe PMC","europepmc_2026-10-08.csv","2021","10.1016/j.jhsa.2020.08.021","33162272","A Biomechanical Evaluation of the ECRL Tenodesis for Reconstruction of the Scapholunate Ligament."
"R00220","935","pmid","PubMed/MEDLINE","pubmed_2026-10-08.nbib","2021","10.1016/j.jhsa.2020.08.021","33162272","A Biomechanical Evaluation of the ECRL Tenodesis for Reconstruction of the Scapholunate Ligament."
"R00221","220","first","Europe PMC","europepmc_2026-10-08.csv","2024","10.5582/irdr.2024.01035","39220272","Skeletal computed tomography findings of upper extremities in middle-aged persons with thalidomide embryopathy."
"R00221","652","pmid","PubMed/MEDLINE","pubmed_2026-10-08.nbib","2024","10.5582/irdr.2024.01035","39220272","Skeletal computed tomography findings of upper extremities in middle-aged persons with thalidomide embryopathy."
"R00222","221","first","Europe PMC","europepmc_2026-10-08.csv","2025","10.1016/j.jhsg.2025.100857","41127220","Arthroscopic-Assisted Repair of the Triangular Fibrocartilage Complex."
"R00222","568","pmid","PubMed/MEDLINE","pubmed_2026-10-08.nbib","2025","10.1016/j.jhsg.2025.100857","41127220","Arthroscopic-Assisted Repair of the Triangular Fibrocartilage Complex."
"R00223","222","first","Europe PMC","europepmc_2026-10-08.csv","2023","10.1302/0301-620x.105b3.bjj-2022-0906.r1","36854344","Wide arthroscopic dorsal capsuloligamentous repair in patients with severe scapholunate instability."
"R00223","768","pmid","PubMed/MEDLINE","pubmed_2026-10-08.nbib","2023","10.1302/0301-620x.105b3.bjj-2022-0906.r1","36854344","Wide arthroscopic dorsal capsuloligamentous repair in patients with severe scapholunate instability."
"R00224","223","first","Europe PMC","europepmc_2026-10-08.csv","2026","10.1177/17531934261430112","41915479","Structural balance restoration in complex forearm problems using 3D technology."
"R00224","519","pmid","PubMed/MEDLINE","pubmed_2026-10-08.nbib","2026","10.1177/17531934261430112","41915479","Structural balance restoration in complex forearm problems using 3D technology."
"R00225","224","first","Europe PMC","europepmc_2026-10-08.csv","2022","10.1097/prs.0000000000008955","35157627","Outcomes after Bone-Ligament-Bone Intercarpal Ligament Reconstruction."
"R00225","836","pmid","PubMed/MEDLINE","pubmed_2026-10-08.nbib","2022","10.1097/prs.0000000000008955","35157627","Outcomes after Bone-Ligament-Bone Intercarpal Ligament Reconstruction."
"R00226","225","first","Europe PMC","europepmc_2026-10-08.csv","2025","10.1055/s-0044-1786161","40151785","Evaluation of Reliability of Dynamic Scapholunate Distance Measured on 4D CT-Acquired Images."
"R00226","614","pmid","PubMed/MEDLINE","pubmed_2026-10-08.nbib","2025","10.1055/s-0044-1786161","40151785","Evaluation of Reliability of Dynamic Scapholunate Distance Measured on 4D CT-Acquired Images."
"R00227","226","first","Europe PMC","europepmc_2026-10-08.csv","2026","10.1007/s00132-025-04746-0","41299104","[Arthroscopic scaphoid reconstruction in non-unions : Aspects for indication, technique, and results]."
"R00227","562","pmid","PubMed/MEDLINE","pubmed_2026-10-08.nbib","2026","10.1007/s00132-025-04746-0","41299104","[Arthroscopic scaphoid reconstruction in non-unions : Aspects for indication, technique, and results]."
"R00228","227","first","Europe PMC","europepmc_2026-10-08.csv","2026","10.1051/sicotj/2025069","41728890","Midcarpal tenodeses versus partial arthrodeses for stage II SLAC/SNAC wrists: Long-term outcomes from a single-surgeon comparative series."
"R00228","538","pmid","PubMed/MEDLINE","pubmed_2026-10-08.nbib","2026","10.1051/sicotj/2025069","41728890","Midcarpal tenodeses versus partial arthrodeses for stage II SLAC/SNAC wrists: Long-term outcomes from a single-surgeon comparative series."
"R00229","228","first","Europe PMC","europepmc_2026-10-08.csv","2026","10.1016/j.otsr.2025.104298","40409460","Three dimensional scapholunate distance assessment from biplanar radiographs: A feasibility study in clinical practice."
"R00229","604","pmid","PubMed/MEDLINE","pubmed_2026-10-08.nbib","2026","10.1016/j.otsr.2025.104298","40409460","Three dimensional scapholunate distance assessment from biplanar radiographs: A feasibility study in clinical practice."
"R00230","229","first","Europe PMC","europepmc_2026-10-08.csv","2020","10.1016/j.jhsa.2020.03.017","32434732","Internal Bracing Augmentation for Scapholunate Interosseous Ligament Repair: A Cadaveric Biomechanical Study."
"R00230","969","pmid","PubMed/MEDLINE","pubmed_2026-10-08.nbib","2020","10.1016/j.jhsa.2020.03.017","32434732","Internal Bracing Augmentation for Scapholunate Interosseous Ligament Repair: A Cadaveric Biomechanical Study."
"R00231","230","first","Europe PMC","europepmc_2026-10-08.csv","2025","10.1007/s00590-025-04232-5","40053100","Early functional outcomes following open reconstruction of the triangular fibrocartilage complex."
"R00231","621","pmid","PubMed/MEDLINE","pubmed_2026-10-08.nbib","2025","10.1007/s00590-025-04232-5","40053100","Early functional outcomes following open reconstruction of the triangular fibrocartilage complex."
"R00232","231","first","Europe PMC","europepmc_2026-10-08.csv","2020","10.1055/s-0040-1713656","33282534","Postoperative Pain Is Correlated with Scaphoid Dorsal Translation following Scapholunate Interosseous Ligament Reconstruction."
"R00232","927","pmid","PubMed/MEDLINE","pubmed_2026-10-08.nbib","2020","10.1055/s-0040-1713656","33282534","Postoperative Pain Is Correlated with Scaphoid Dorsal Translation following Scapholunate Interosseous Ligament Reconstruction."
"R00233","232","first","Europe PMC","europepmc_2026-10-08.csv","2021","10.13107/jocr.2021.v11.i06.2260","35437506","Case Study: Trans-styloid, Trans-scaphoid, Trans-triquetral, and Perilunate Dislocation."
"R00233","825","pmid","PubMed/MEDLINE","pubmed_2026-10-08.nbib","2021","10.13107/jocr.2021.v11.i06.2260","35437506","Case Study: Trans-styloid, Trans-scaphoid, Trans-triquetral, and Perilunate Dislocation."
"R00234","233","first","Europe PMC","europepmc_2026-10-08.csv","2025","10.1055/s-0044-1787180","40688641","Retinaculum Grafts in Scapholunate Ligament Reconstruction: A Systematic Review."
"R00234","672","pmid","PubMed/MEDLINE","pubmed_2026-10-08.nbib","2025","10.1055/s-0044-1787180","40688641","Retinaculum Grafts in Scapholunate Ligament Reconstruction: A Systematic Review."
"R00235","234","first","Europe PMC","europepmc_2026-10-08.csv","2026","10.1155/cro/1607267","41589218","Functional Elbow Reconstruction After Complete Ulnar Resection for Ewing's Sarcoma: Radial Neck Transposition as a Biomechanical Alternative."
"R00235","544","pmid","PubMed/MEDLINE","pubmed_2026-10-08.nbib","2026","10.1155/cro/1607267","41589218","Functional Elbow Reconstruction After Complete Ulnar Resection for Ewing's Sarcoma: Radial Neck Transposition as a Biomechanical Alternative."
"R00236","235","first","Europe PMC","europepmc_2026-10-08.csv","2025","10.1111/os.14324","39814377","Subcutaneous Pectoral Edema After Arthroscopic Labral Repair Despite Normal Irrigation Fluid Usage and Surgery Duration."
"R00236","629","pmid","PubMed/MEDLINE","pubmed_2026-10-08.nbib","2025","10.1111/os.14324","39814377","Subcutaneous Pectoral Edema After Arthroscopic Labral Repair Despite Normal Irrigation Fluid Usage and Surgery Duration."
"R00237","236","first","Europe PMC","europepmc_2026-10-08.csv","2024","10.1177/15589447231156210","37161279","Proximal Hamate Reconstruction of Proximal Pole Scaphoid Nonunion: A Case Series and Analysis of Clinical Outcomes."
"R00237","750","pmid","PubMed/MEDLINE","pubmed_2026-10-08.nbib","2024","10.1177/15589447231156210","37161279","Proximal Hamate Reconstruction of Proximal Pole Scaphoid Nonunion: A Case Series and Analysis of Clinical Outcomes."
"R00238","237","first","Europe PMC","europepmc_2026-10-08.csv","2020","10.1007/s00590-020-02706-2","32447458","Treatment of static scapholunate dissociation using a slip of the flexor carpi radialis."
"R00238","968","pmid","PubMed/MEDLINE","pubmed_2026-10-08.nbib","2020","10.1007/s00590-020-02706-2","32447458","Treatment of static scapholunate dissociation using a slip of the flexor carpi radialis."
"R00239","238","first","Europe PMC","europepmc_2026-10-08.csv","2025","10.1016/j.jhsa.2024.10.011","39601737","Collagen and Vascular Changes in the Scapholunate Ligament Following Injury: An Immunohistochemical Study."
"R00239","638","pmid","PubMed/MEDLINE","pubmed_2026-10-08.nbib","2025","10.1016/j.jhsa.2024.10.011","39601737","Collagen and Vascular Changes in the Scapholunate Ligament Following Injury: An Immunohistochemical Study."
"R00240","239","first","Europe PMC","europepmc_2026-10-08.csv","2024","10.2106/jbjs.cc.22.00757","38181106","Tripolar Dislocation: Elbow Terrible Triad-Essex-Lopresti Injury-Trans-scaphoid Perilunate Dislocation: A Case Report."
"R00240","705","pmid","PubMed/MEDLINE","pubmed_2026-10-08.nbib","2024","10.2106/jbjs.cc.22.00757","38181106","Tripolar Dislocation: Elbow Terrible Triad-Essex-Lopresti Injury-Trans-scaphoid Perilunate Dislocation: A Case Report."
"R00241","240","first","Europe PMC","europepmc_2026-10-08.csv","2020","10.1055/s-0040-1708861","33072433","Assessment of Flexion Elongation Relation and Type of Failure after Capsulodesis."
"R00241","939","pmid","PubMed/MEDLINE","pubmed_2026-10-08.nbib","2020","10.1055/s-0040-1708861","33072433","Assessment of Flexion Elongation Relation and Type of Failure after Capsulodesis."
"R00242","241","first","Europe PMC","europepmc_2026-10-08.csv","2023","10.1016/j.jhsg.2023.03.015","37521544","Volar Scapholunate Interosseous Ligament Reconstruction in Acute Traumatic Wrist: A Review of Volar-Based Repairs/Reconstructions."
"R00242","737","pmid","PubMed/MEDLINE","pubmed_2026-10-08.nbib","2023","10.1016/j.jhsg.2023.03.015","37521544","Volar Scapholunate Interosseous Ligament Reconstruction in Acute Traumatic Wrist: A Review of Volar-Based Repairs/Reconstructions."
"R00244","243","first","Europe PMC","europepmc_2026-10-08.csv","2025","10.1016/j.arthro.2024.12.002","39647673","Editorial Commentary: Symptomatic Recurrent Instability of the Distal Radioulnar Joint After Triangular Fibrocartilage Complex Repair in Patients With Ulnar-Sided Wrist Pain May Be Related to Generalized Laxity."
"R00244","636","pmid","PubMed/MEDLINE","pubmed_2026-10-08.nbib","2025","10.1016/j.arthro.2024.12.002","39647673","Editorial Commentary: Symptomatic Recurrent Instability of the Distal Radioulnar Joint After Triangular Fibrocartilage Complex Repair in Patients With Ulnar-Sided Wrist Pain May Be Related to Generalized Laxity."
"R00245","244","first","Europe PMC","europepmc_2026-10-08.csv","2024","10.1055/s-0043-1768925","38808189","Ulnar Buttress Arthroplasty without Ulnar Stump Stabilization for Giant Cell Tumor of Distal Ulna."
"R00245","675","pmid","PubMed/MEDLINE","pubmed_2026-10-08.nbib","2024","10.1055/s-0043-1768925","38808189","Ulnar Buttress Arthroplasty without Ulnar Stump Stabilization for Giant Cell Tumor of Distal Ulna."
"R00246","245","first","Europe PMC","europepmc_2026-10-08.csv","2026","10.1016/j.jhsa.2025.07.019","40848020","Cartilage Cap in Scaphoid Nonunions: An Indication of Stability and Biology?"
"R00246","581","pmid","PubMed/MEDLINE","pubmed_2026-10-08.nbib","2026","10.1016/j.jhsa.2025.07.019","40848020","Cartilage Cap in Scaphoid Nonunions: An Indication of Stability and Biology?"
"R00247","246","first","Europe PMC","europepmc_2026-10-08.csv","2026","10.1038/s41598-026-61518-2","42471356","Biomechanical stability of five fixation techniques for pediatric distal radius metaphyseal-diaphyseal junction fractures: a finite element analysis."
"R00247","495","pmid","PubMed/MEDLINE","pubmed_2026-10-08.nbib","2026","10.1038/s41598-026-61518-2","42471356","Biomechanical stability of five fixation techniques for pediatric distal radius metaphyseal-diaphyseal junction fractures: a finite element analysis."
"R00249","248","first","Europe PMC","europepmc_2026-10-08.csv","2026","10.1016/j.hansur.2026.102598","41687877","Sequential bilateral ulnar shortening osteotomy and arthroscopic triangular fibrocartilage complex foveal repair."
"R00249","540","pmid","PubMed/MEDLINE","pubmed_2026-10-08.nbib","2026","10.1016/j.hansur.2026.102598","41687877","Sequential bilateral ulnar shortening osteotomy and arthroscopic triangular fibrocartilage complex foveal repair."
"R00250","249","first","Europe PMC","europepmc_2026-10-08.csv","2025","10.1016/j.jhsa.2025.05.003","40580173","Long-Term Patient-Reported Outcomes of the Medial Femoral Trochlea Osteochondral Free Flap for Proximal Scaphoid Reconstruction."
"R00250","593","pmid","PubMed/MEDLINE","pubmed_2026-10-08.nbib","2025","10.1016/j.jhsa.2025.05.003","40580173","Long-Term Patient-Reported Outcomes of the Medial Femoral Trochlea Osteochondral Free Flap for Proximal Scaphoid Reconstruction."
"R00251","250","first","Europe PMC","europepmc_2026-10-08.csv","2025","10.4055/cios25084","41356554","Effect of Postoperative Immobilization Method on Outcomes Following Triangular Fibrocartilage Complex Transosseous Foveal Repair: Long-Arm Cast Versus Muenster Brace."
"R00251","557","pmid","PubMed/MEDLINE","pubmed_2026-10-08.nbib","2025","10.4055/cios25084","41356554","Effect of Postoperative Immobilization Method on Outcomes Following Triangular Fibrocartilage Complex Transosseous Foveal Repair: Long-Arm Cast Versus Muenster Brace."
"R00252","251","first","Europe PMC","europepmc_2026-10-08.csv","2023","10.1016/j.eats.2022.11.024","37013014","Surgical Technique: Wide Arthroscopic Dorsal Capsuloligamentous Repair for Advanced Scapholunate Instability."
"R00252","759","pmid","PubMed/MEDLINE","pubmed_2026-10-08.nbib","2023","10.1016/j.eats.2022.11.024","37013014","Surgical Technique: Wide Arthroscopic Dorsal Capsuloligamentous Repair for Advanced Scapholunate Instability."
"R00253","252","first","Europe PMC","europepmc_2026-10-08.csv","2023","10.2106/jbjs.cc.23.00285","38048407","Osteolysis After Augmented Scapholunate Ligament Reconstruction: A Report of 3 Cases."
"R00253","711","pmid","PubMed/MEDLINE","pubmed_2026-10-08.nbib","2023","10.2106/jbjs.cc.23.00285","38048407","Osteolysis After Augmented Scapholunate Ligament Reconstruction: A Report of 3 Cases."
"R00254","253","first","Europe PMC","europepmc_2026-10-08.csv","2020","10.5435/jaaosglobal-d-20-00092","33350621","Nuanced Trans-scaphoid, Perilunate Fracture Dislocations With Complete Scapholunate Dissociation: Two Cases With Proximal Row Preservation."
"R00254","925","pmid","PubMed/MEDLINE","pubmed_2026-10-08.nbib","2020","10.5435/jaaosglobal-d-20-00092","33350621","Nuanced Trans-scaphoid, Perilunate Fracture Dislocations With Complete Scapholunate Dissociation: Two Cases With Proximal Row Preservation."
"R00255","254","first","Europe PMC","europepmc_2026-10-08.csv","2024","10.1186/s12891-024-07809-z","39192239","Arthroscopic dual-bone tunnel repair for palmer type IB injuries of the triangular fibrocartilage complex."
"R00255","653","pmid","PubMed/MEDLINE","pubmed_2026-10-08.nbib","2024","10.1186/s12891-024-07809-z","39192239","Arthroscopic dual-bone tunnel repair for palmer type IB injuries of the triangular fibrocartilage complex."
"R00256","255","first","Europe PMC","europepmc_2026-10-08.csv","2020","10.1097/md.0000000000023451","33235132","Treatment of purely ligamentous dorsoulnar radiocarpal dislocation with ulnar translation of the carpus: A case report."
"R00256","932","pmid","PubMed/MEDLINE","pubmed_2026-10-08.nbib","2020","10.1097/md.0000000000023451","33235132","Treatment of purely ligamentous dorsoulnar radiocarpal dislocation with ulnar translation of the carpus: A case report."
"R00257","256","first","Europe PMC","europepmc_2026-10-08.csv","2023","10.1055/s-0043-1764159","37841361","Radiologic Evolution after Scapholunate Dorsal Capsulodesis for Chronic Tears."
"R00257","724","pmid","PubMed/MEDLINE","pubmed_2026-10-08.nbib","2023","10.1055/s-0043-1764159","37841361","Radiologic Evolution after Scapholunate Dorsal Capsulodesis for Chronic Tears."
"R00258","257","first","Europe PMC","europepmc_2026-10-08.csv","2024","10.7759/cureus.70449","39345807","Reconstructing the Future: Long-Term Outcome of a Case of Scaphoid Dislocation With Concurrent Hamate and Triquetrum Fractures."
"R00258","647","pmid","PubMed/MEDLINE","pubmed_2026-10-08.nbib","2024","10.7759/cureus.70449","39345807","Reconstructing the Future: Long-Term Outcome of a Case of Scaphoid Dislocation With Concurrent Hamate and Triquetrum Fractures."
"R00259","258","first","Europe PMC","europepmc_2026-10-08.csv","2025","10.1016/j.jse.2025.03.012","40258530","Internal joint stabilizer vs. stand-alone ligament repair in treatment of traumatic elbow instability: an age-matched analysis."
"R00259","608","pmid","PubMed/MEDLINE","pubmed_2026-10-08.nbib","2025","10.1016/j.jse.2025.03.012","40258530","Internal joint stabilizer vs. stand-alone ligament repair in treatment of traumatic elbow instability: an age-matched analysis."
"R00260","259","first","Europe PMC","europepmc_2026-10-08.csv","2023","10.1097/bth.0000000000000418","36382512","Arthroscopic Capsulodesis for the Treatment of Dynamic Scapholunate Dissociations."
"R00260","788","pmid","PubMed/MEDLINE","pubmed_2026-10-08.nbib","2023","10.1097/bth.0000000000000418","36382512","Arthroscopic Capsulodesis for the Treatment of Dynamic Scapholunate Dissociations."
"R00261","260","first","Europe PMC","europepmc_2026-10-08.csv","2025","10.1177/17531934241256792","38833541","An anatomical feasibility study using the first metatarsal head as a vascularized bone graft for proximal pole of scaphoid reconstruction."
"R00261","673","pmid","PubMed/MEDLINE","pubmed_2026-10-08.nbib","2025","10.1177/17531934241256792","38833541","An anatomical feasibility study using the first metatarsal head as a vascularized bone graft for proximal pole of scaphoid reconstruction."
"R00262","261","first","Europe PMC","europepmc_2026-10-08.csv","2025","10.1097/gox.0000000000006963","40672794","Soft Tissue Stabilization of Midcarpal Instability in Ehlers-Danlos Patients Using a Cadaveric Tendon Graft."
"R00262","591","pmid","PubMed/MEDLINE","pubmed_2026-10-08.nbib","2025","10.1097/gox.0000000000006963","40672794","Soft Tissue Stabilization of Midcarpal Instability in Ehlers-Danlos Patients Using a Cadaveric Tendon Graft."
"R00263","262","first","Europe PMC","europepmc_2026-10-08.csv","2026","10.1055/a-2506-6910","41869467","Kinematics of the Distal Radioulnar Joint: A Dynamic CT Analysis."
"R00263","626","pmid","PubMed/MEDLINE","pubmed_2026-10-08.nbib","2026","10.1055/a-2506-6910","41869467","Kinematics of the Distal Radioulnar Joint: A Dynamic CT Analysis."
"R00264","263","first","Europe PMC","europepmc_2026-10-08.csv","2023","10.1016/j.injury.2023.03.025","37005136","Dumontier group 2 radiocarpal fracture-dislocation: The results of open reduction and fixation without volar ligament repair."
"R00264","762","pmid","PubMed/MEDLINE","pubmed_2026-10-08.nbib","2023","10.1016/j.injury.2023.03.025","37005136","Dumontier group 2 radiocarpal fracture-dislocation: The results of open reduction and fixation without volar ligament repair."
"R00265","264","first","Europe PMC","europepmc_2026-10-08.csv","2026","10.1177/15589447251329563","40241241","Ulnar Extrinsic Ligament Tears: Clinical Presentation, Surgical Management, and Outcomes of Surgical Repair Extending Into Long-term Follow-up."
"R00265","610","pmid","PubMed/MEDLINE","pubmed_2026-10-08.nbib","2026","10.1177/15589447251329563","40241241","Ulnar Extrinsic Ligament Tears: Clinical Presentation, Surgical Management, and Outcomes of Surgical Repair Extending Into Long-term Follow-up."
"R00266","265","first","Europe PMC","europepmc_2026-10-08.csv","2022","10.1097/gox.0000000000004430","35813107","Technique for Reconstruction of Midcarpal Instability Associated with Lunotriquetral Coalition."
"R00266","810","pmid","PubMed/MEDLINE","pubmed_2026-10-08.nbib","2022","10.1097/gox.0000000000004430","35813107","Technique for Reconstruction of Midcarpal Instability Associated with Lunotriquetral Coalition."
"R00267","266","first","Europe PMC","europepmc_2026-10-08.csv","2025","10.22038/abjs.2024.79732.3644","39980798","Non-repairable Scaphoid Proximal Pole Nonunion Reconstruction by Hamate Arthroplasty: A Case Series Study."
"R00267","623","pmid","PubMed/MEDLINE","pubmed_2026-10-08.nbib","2025","10.22038/abjs.2024.79732.3644","39980798","Non-repairable Scaphoid Proximal Pole Nonunion Reconstruction by Hamate Arthroplasty: A Case Series Study."
"R00268","267","first","Europe PMC","europepmc_2026-10-08.csv","2025","10.7759/cureus.89904","40951038","Complex Femoral Reconstruction in an Osteoporotic Elderly Patient: From Trochanteric Femoral Nailing Fixation to Hemiarthroplasty."
"R00268","575","pmid","PubMed/MEDLINE","pubmed_2026-10-08.nbib","2025","10.7759/cureus.89904","40951038","Complex Femoral Reconstruction in an Osteoporotic Elderly Patient: From Trochanteric Femoral Nailing Fixation to Hemiarthroplasty."
"R00269","268","first","Europe PMC","europepmc_2026-10-08.csv","2022","10.1016/j.jhsa.2022.07.002","36055872","Is Early Active Motion After 3-Ligament Tenodesis Noninferior to Late Active Motion? A Prospective, Multicenter Cohort Study."
"R00269","804","pmid","PubMed/MEDLINE","pubmed_2026-10-08.nbib","2022","10.1016/j.jhsa.2022.07.002","36055872","Is Early Active Motion After 3-Ligament Tenodesis Noninferior to Late Active Motion? A Prospective, Multicenter Cohort Study."
"R00270","269","first","Europe PMC","europepmc_2026-10-08.csv","2020","10.1177/1753193420911338","32216521","Dorsal intercarpal ligament capsulodesis: a retrospective study of 120 patients according to types of chronic scapholunate instability."
"R00270","975","pmid","PubMed/MEDLINE","pubmed_2026-10-08.nbib","2020","10.1177/1753193420911338","32216521","Dorsal intercarpal ligament capsulodesis: a retrospective study of 120 patients according to types of chronic scapholunate instability."
"R00271","270","first","Europe PMC","europepmc_2026-10-08.csv","2021","10.3928/01477447-20210415-04","34039212","Long-term Outcomes of Delayed Scapholunate Ligament Repair After Complete Rupture of the Ligament."
"R00271","896","pmid","PubMed/MEDLINE","pubmed_2026-10-08.nbib","2021","10.3928/01477447-20210415-04","34039212","Long-term Outcomes of Delayed Scapholunate Ligament Repair After Complete Rupture of the Ligament."
"R00273","272","first","Europe PMC","europepmc_2026-10-08.csv","2020","10.1016/j.otsr.2020.07.008","33160877","Modification of matched distal ulnar resection for distal radio-ulnar joint arthropathy: Analysis of distal instability and radio-ulnar convergence."
"R00273","936","pmid","PubMed/MEDLINE","pubmed_2026-10-08.nbib","2020","10.1016/j.otsr.2020.07.008","33160877","Modification of matched distal ulnar resection for distal radio-ulnar joint arthropathy: Analysis of distal instability and radio-ulnar convergence."
"R00274","273","first","Europe PMC","europepmc_2026-10-08.csv","2020","10.1016/j.jhsa.2020.03.012","32327335","Technical Errors in the Implantation of the Scapholunate Axis Method (SLAM) Resulting in Avascular Necrosis of the Lunate."
"R00274","973","pmid","PubMed/MEDLINE","pubmed_2026-10-08.nbib","2020","10.1016/j.jhsa.2020.03.012","32327335","Technical Errors in the Implantation of the Scapholunate Axis Method (SLAM) Resulting in Avascular Necrosis of the Lunate."
"R00275","274","first","Europe PMC","europepmc_2026-10-08.csv","2025","10.3390/jcm14113729","40507491","Analysis of the Correlation Between Postoperative MRI Findings, Patient-Reported Outcome Measures, and Residual Pain After Arthroscopic TFCC Repair-A Pilot Study."
"R00275","597","pmid","PubMed/MEDLINE","pubmed_2026-10-08.nbib","2025","10.3390/jcm14113729","40507491","Analysis of the Correlation Between Postoperative MRI Findings, Patient-Reported Outcome Measures, and Residual Pain After Arthroscopic TFCC Repair-A Pilot Study."
"R00276","275","first","Europe PMC","europepmc_2026-10-08.csv","2023","10.1177/17531934221143679","36621934","Scapholunate ligament reconstruction using a part of the extensor carpi radialis brevis tendon through a dorsal approach."
"R00276","777","pmid","PubMed/MEDLINE","pubmed_2026-10-08.nbib","2023","10.1177/17531934221143679","36621934","Scapholunate ligament reconstruction using a part of the extensor carpi radialis brevis tendon through a dorsal approach."
"R00277","276","first","Europe PMC","europepmc_2026-10-08.csv","2023","10.3390/healthcare11243123","38132013","Treatment of Scaphoid Non-Unions with Custom-Made 3D-Printed Titanium Partial and Total Scaphoid Prostheses and Scaphoid Interosseous Ligament Reconstruction."
"R00277","708","pmid","PubMed/MEDLINE","pubmed_2026-10-08.nbib","2023","10.3390/healthcare11243123","38132013","Treatment of Scaphoid Non-Unions with Custom-Made 3D-Printed Titanium Partial and Total Scaphoid Prostheses and Scaphoid Interosseous Ligament Reconstruction."
"R00278","277","first","Europe PMC","europepmc_2026-10-08.csv","2025","10.1016/j.jhsg.2025.100744","40497276","Restoring Wrist Stability: A Case Report on Sigmoid Notch Osteoplasty and Distal Radial Ulnar Joint Reconstruction Using Allograft."
"R00278","598","pmid","PubMed/MEDLINE","pubmed_2026-10-08.nbib","2025","10.1016/j.jhsg.2025.100744","40497276","Restoring Wrist Stability: A Case Report on Sigmoid Notch Osteoplasty and Distal Radial Ulnar Joint Reconstruction Using Allograft."
"R00280","279","first","Europe PMC","europepmc_2026-10-08.csv","2024","10.13107/jocr.2024.v14.i02.4216","38420234","The Novel Technique of Reconstruction of Neglected Distal Radioulnar Joint Dislocation in a Case of Two Months Old Midshaft Galeazzi Fracture Dislocation without Use of Tendon Graft - A Case Report."
"R00280","685","pmid","PubMed/MEDLINE","pubmed_2026-10-08.nbib","2024","10.13107/jocr.2024.v14.i02.4216","38420234","The Novel Technique of Reconstruction of Neglected Distal Radioulnar Joint Dislocation in a Case of Two Months Old Midshaft Galeazzi Fracture Dislocation without Use of Tendon Graft - A Case Report."
"R00281","280","first","Europe PMC","europepmc_2026-10-08.csv","2025","10.1016/j.jhsa.2024.02.012","39001768","Biomechanical Analysis of Transosseous Repair Versus Combined Transosseous With Capsular Repair for Triangular Fibrocartilage Complex Tears With Instability."
"R00281","664","pmid","PubMed/MEDLINE","pubmed_2026-10-08.nbib","2025","10.1016/j.jhsa.2024.02.012","39001768","Biomechanical Analysis of Transosseous Repair Versus Combined Transosseous With Capsular Repair for Triangular Fibrocartilage Complex Tears With Instability."
"R00282","281","first","Europe PMC","europepmc_2026-10-08.csv","2021","10.1302/0301-620x.103b5.bjj-2020-1964.r2","33934641","Scapholunate ligament 360° procedure."
"R00282","900","pmid","PubMed/MEDLINE","pubmed_2026-10-08.nbib","2021","10.1302/0301-620x.103b5.bjj-2020-1964.r2","33934641","Scapholunate ligament 360 degrees  procedure."
"R00283","282","first","Europe PMC","europepmc_2026-10-08.csv","2020","10.1177/1753193420940170","32659132","Re: Blackburn J, et al. Hand-Wrist Study Group. Three-ligament tenodesis for chronic scapholunate injuries: short-term outcomes in 203 patients. J Hand Surg Eur. 2020, 45: 383-8."
"R00283","962","pmid","PubMed/MEDLINE","pubmed_2026-10-08.nbib","2020","10.1177/1753193420940170","32659132","Re: Blackburn J, et al. Hand-Wrist Study Group. Three-ligament tenodesis for chronic scapholunate injuries: short-term outcomes in 203 patients. J Hand Surg Eur. 2020, 45: 383-8."
"R00284","283","first","Europe PMC","europepmc_2026-10-08.csv","2024","10.1016/j.jhsa.2022.09.009","36841664","Foveal Triangular Fibrocartilage Complex Tear Repair With Nonabsorbent Suture Tape."
"R00284","770","pmid","PubMed/MEDLINE","pubmed_2026-10-08.nbib","2024","10.1016/j.jhsa.2022.09.009","36841664","Foveal Triangular Fibrocartilage Complex Tear Repair With Nonabsorbent Suture Tape."
"R00285","284","first","Europe PMC","europepmc_2026-10-08.csv","2026","10.1055/a-2640-4196","42524602","Ulnar Impaction Syndrome Secondary to Chronic Monteggia Fracture: A Case Report."
"R00285","493","pmid","PubMed/MEDLINE","pubmed_2026-10-08.nbib","2026","10.1055/a-2640-4196","42524602","Ulnar Impaction Syndrome Secondary to Chronic Monteggia Fracture: A Case Report."
"R00286","285","first","Europe PMC","europepmc_2026-10-08.csv","2025","10.1007/s00402-025-06002-8","40767920","Diagnostic wrist arthroscopy: findings in patients suspected of TFCC lesions."
"R00286","583","pmid","PubMed/MEDLINE","pubmed_2026-10-08.nbib","2025","10.1007/s00402-025-06002-8","40767920","Diagnostic wrist arthroscopy: findings in patients suspected of TFCC lesions."
"R00287","286","first","Europe PMC","europepmc_2026-10-08.csv","2021","10.1177/1558944719895616","31965865","Autologous Osteoligamentous Reconstruction of Scaphoid Proximal Pole With Metatarsal Head and Collateral Ligament: Cadaver Anatomic Description of Novel Surgical Technique."
"R00287","982","pmid","PubMed/MEDLINE","pubmed_2026-10-08.nbib","2021","10.1177/1558944719895616","31965865","Autologous Osteoligamentous Reconstruction of Scaphoid Proximal Pole With Metatarsal Head and Collateral Ligament: Cadaver Anatomic Description of Novel Surgical Technique."
"R00288","287","first","Europe PMC","europepmc_2026-10-08.csv","2025","10.1016/j.jhsg.2025.100806","41036257","Extensor Retinaculum Capsulorrhaphy and Suture Repair for Ulnocarpal and Distal Radioulnar Joint Instability: One-Year Results."
"R00288","571","pmid","PubMed/MEDLINE","pubmed_2026-10-08.nbib","2025","10.1016/j.jhsg.2025.100806","41036257","Extensor Retinaculum Capsulorrhaphy and Suture Repair for Ulnocarpal and Distal Radioulnar Joint Instability: One-Year Results."
"R00289","288","first","Europe PMC","europepmc_2026-10-08.csv","2025","10.1016/j.jhsg.2025.01.015","40496411","Treatment With an Osteochondral Graft From the Olecranon for a Fernandez Classification Type 4 Distal Radial Fracture."
"R00289","599","pmid","PubMed/MEDLINE","pubmed_2026-10-08.nbib","2025","10.1016/j.jhsg.2025.01.015","40496411","Treatment With an Osteochondral Graft From the Olecranon for a Fernandez Classification Type 4 Distal Radial Fracture."
"R00290","289","first","Europe PMC","europepmc_2026-10-08.csv","2026","10.1055/a-2622-5102","42179700","Radial- versus Ulnar-Based Extensor Retinaculum Reconstruction for Extensor Carpi Ulnaris Instability: A Cadaveric Study."
"R00290","511","pmid","PubMed/MEDLINE","pubmed_2026-10-08.nbib","2026","10.1055/a-2622-5102","42179700","Radial- versus Ulnar-Based Extensor Retinaculum Reconstruction for Extensor Carpi Ulnaris Instability: A Cadaveric Study."
"R00291","290","first","Europe PMC","europepmc_2026-10-08.csv","2024","10.1016/j.eats.2024.103028","39233801","Arthroscopic Midcarpal Suture Anchor Repair of Dorsal Intercarpal Ligament Avulsion."
"R00291","651","pmid","PubMed/MEDLINE","pubmed_2026-10-08.nbib","2024","10.1016/j.eats.2024.103028","39233801","Arthroscopic Midcarpal Suture Anchor Repair of Dorsal Intercarpal Ligament Avulsion."
"R00292","291","first","Europe PMC","europepmc_2026-10-08.csv","2024","10.1055/s-0043-1762931","38505206","A Novel Technique Using the Dorsal Capsule of the Distal Radioulnar Joint for Extensor Carpi Ulnaris Tendon Subsheath Reconstruction."
"R00292","684","pmid","PubMed/MEDLINE","pubmed_2026-10-08.nbib","2024","10.1055/s-0043-1762931","38505206","A Novel Technique Using the Dorsal Capsule of the Distal Radioulnar Joint for Extensor Carpi Ulnaris Tendon Subsheath Reconstruction."
"R00293","292","first","Europe PMC","europepmc_2026-10-08.csv","2021","10.1016/j.jhsa.2020.06.017","32811693","Suture Tape Augmentation for Scapholunate Ligament Repair: A Biomechanical Study."
"R00293","948","pmid","PubMed/MEDLINE","pubmed_2026-10-08.nbib","2021","10.1016/j.jhsa.2020.06.017","32811693","Suture Tape Augmentation for Scapholunate Ligament Repair: A Biomechanical Study."
"R00294","293","first","Europe PMC","europepmc_2026-10-08.csv","2024","10.1055/s-0043-1769934","39027026","Arthroscopic Debridement for Treatment of Chronic Dynamic Scaphoid Instability."
"R00294","660","pmid","PubMed/MEDLINE","pubmed_2026-10-08.nbib","2024","10.1055/s-0043-1769934","39027026","Arthroscopic Debridement for Treatment of Chronic Dynamic Scaphoid Instability."
"R00295","294","first","Europe PMC","europepmc_2026-10-08.csv","2023","10.21037/atm-22-6598","36846016","Surgical management of acute combined injuries of the ipsilateral wrist and elbow joints."
"R00295","769","pmid","PubMed/MEDLINE","pubmed_2026-10-08.nbib","2023","10.21037/atm-22-6598","36846016","Surgical management of acute combined injuries of the ipsilateral wrist and elbow joints."
"R00296","295","first","Europe PMC","europepmc_2026-10-08.csv","2025","10.3238/arztebl.m2025.0054","40232194","Instability of the Distal Radioulnar Joint."
"R00296","611","pmid","PubMed/MEDLINE","pubmed_2026-10-08.nbib","2025","10.3238/arztebl.m2025.0054","40232194","Instability of the Distal Radioulnar Joint."
"R00297","296","first","Europe PMC","europepmc_2026-10-08.csv","2024","10.1097/ms9.0000000000001874","38576909","Neglected volar Barton fracture in adult managed in a rural setting: a case report."
"R00297","682","pmid","PubMed/MEDLINE","pubmed_2026-10-08.nbib","2024","10.1097/ms9.0000000000001874","38576909","Neglected volar Barton fracture in adult managed in a rural setting: a case report."
"R00298","297","first","Europe PMC","europepmc_2026-10-08.csv","2024","10.1016/j.jhsa.2022.08.028","36625632","Ligament-Sparing Volar Radiocarpal Arthrotomy During Distal Radius Fracture Repair: Biomechanical Implications on Wrist Stability in a Cadaveric Model."
"R00298","776","pmid","PubMed/MEDLINE","pubmed_2026-10-08.nbib","2024","10.1016/j.jhsa.2022.08.028","36625632","Ligament-Sparing Volar Radiocarpal Arthrotomy During Distal Radius Fracture Repair: Biomechanical Implications on Wrist Stability in a Cadaveric Model."
"R00299","298","first","Europe PMC","europepmc_2026-10-08.csv","2022","10.1016/j.jhsa.2021.04.024","34176708","Traumatic Nondissociative Carpal Instability: A Case Series."
"R00299","886","pmid","PubMed/MEDLINE","pubmed_2026-10-08.nbib","2022","10.1016/j.jhsa.2021.04.024","34176708","Traumatic Nondissociative Carpal Instability: A Case Series."
"R00300","299","first","Europe PMC","europepmc_2026-10-08.csv","2020","10.1016/j.jhsa.2019.11.018","32111464","Carpal Instability Nondissociative Following Acute Wrist Fractures."
"R00300","979","pmid","PubMed/MEDLINE","pubmed_2026-10-08.nbib","2020","10.1016/j.jhsa.2019.11.018","32111464","Carpal Instability Nondissociative Following Acute Wrist Fractures."
"R00302","301","first","Europe PMC","europepmc_2026-10-08.csv","2024","10.1177/17531934231218608","38315134","Complications after arthroscopic triangular fibrocartilage complex (TFCC) surgery."
"R00302","692","pmid","PubMed/MEDLINE","pubmed_2026-10-08.nbib","2024","10.1177/17531934231218608","38315134","Complications after arthroscopic triangular fibrocartilage complex (TFCC) surgery."
"R00303","302","first","Europe PMC","europepmc_2026-10-08.csv","2025","10.1007/s00590-025-04252-1","40137999","Systematic review of radiocarpal dislocations: epidemiology, treatment modalities, and outcomes."
"R00303","617","pmid","PubMed/MEDLINE","pubmed_2026-10-08.nbib","2025","10.1007/s00590-025-04252-1","40137999","Systematic review of radiocarpal dislocations: epidemiology, treatment modalities, and outcomes."
"R00304","303","first","Europe PMC","europepmc_2026-10-08.csv","2024","10.1097/bth.0000000000000454","38380473","An All-Arthroscopic Technique of Repairing Foveal Tears of the Triangular Fibrocartilage Complex Using a Bone Anchor-Repair Made Simple."
"R00304","687","pmid","PubMed/MEDLINE","pubmed_2026-10-08.nbib","2024","10.1097/bth.0000000000000454","38380473","An All-Arthroscopic Technique of Repairing Foveal Tears of the Triangular Fibrocartilage Complex Using a Bone Anchor-Repair Made Simple."
"R00305","304","first","Europe PMC","europepmc_2026-10-08.csv","2025","10.1016/j.arthro.2024.10.040","39521390","Generalized Joint Laxity Increases the Risk of Recurrence of Distal Radioulnar Joint Instability after Arthroscopic Foveal Repair of the Triangular Fibrocartilage Complex."
"R00305","641","pmid","PubMed/MEDLINE","pubmed_2026-10-08.nbib","2025","10.1016/j.arthro.2024.10.040","39521390","Generalized Joint Laxity Increases the Risk of Recurrence of Distal Radioulnar Joint Instability after Arthroscopic Foveal Repair of the Triangular Fibrocartilage Complex."
"R00306","305","first","Europe PMC","europepmc_2026-10-08.csv","2023","10.2340/17453674.2023.11957","37114362","Minimal invasions: is wrist arthroscopy supported by evidence? A systematic review and meta-analysis."
"R00306","751","pmid","PubMed/MEDLINE","pubmed_2026-10-08.nbib","2023","10.2340/17453674.2023.11957","37114362","Minimal invasions: is wrist arthroscopy supported by evidence? A systematic review and meta-analysis."
"R00307","306","first","Europe PMC","europepmc_2026-10-08.csv","2022","10.1177/1558944720939198","32666846","Effect of Trapeziectomy on Carpal Stability."
"R00307","961","pmid","PubMed/MEDLINE","pubmed_2026-10-08.nbib","2022","10.1177/1558944720939198","32666846","Effect of Trapeziectomy on Carpal Stability."
"R00308","307","first","Europe PMC","europepmc_2026-10-08.csv","2025","10.1055/a-2500-9797","41267956","Outcome of Arthroscopic Dorsal Peripheral Repairs of the Triangular Fibrocartilage with a Positive Hook Test and an Intact Foveal Ligament."
"R00308","564","pmid","PubMed/MEDLINE","pubmed_2026-10-08.nbib","2025","10.1055/a-2500-9797","41267956","Outcome of Arthroscopic Dorsal Peripheral Repairs of the Triangular Fibrocartilage with a Positive Hook Test and an Intact Foveal Ligament."
"R00309","308","first","Europe PMC","europepmc_2026-10-08.csv","2024","10.1055/s-0044-1786525","39296655","Proximal Scaphoid Reconstruction Techniques Comparison of Three Techniques for Proximal Scaphoid Recontruction."
"R00309","648","pmid","PubMed/MEDLINE","pubmed_2026-10-08.nbib","2024","10.1055/s-0044-1786525","39296655","Proximal Scaphoid Reconstruction Techniques Comparison of Three Techniques for Proximal Scaphoid Recontruction."
"R00311","310","first","Europe PMC","europepmc_2026-10-08.csv","2022","10.1016/j.jhsg.2021.10.007","35434576","Outcomes of Acute Versus Subacute Scapholunate Ligament Repair."
"R00311","826","pmid","PubMed/MEDLINE","pubmed_2026-10-08.nbib","2022","10.1016/j.jhsg.2021.10.007","35434576","Outcomes of Acute Versus Subacute Scapholunate Ligament Repair."
"R00312","311","first","Europe PMC","europepmc_2026-10-08.csv","2024","10.1016/j.jor.2023.11.007","38059049","Morphometry of sigmoid notch: A novel method of shape assessment for clinical practice."
"R00312","710","pmid","PubMed/MEDLINE","pubmed_2026-10-08.nbib","2024","10.1016/j.jor.2023.11.007","38059049","Morphometry of sigmoid notch: A novel method of shape assessment for clinical practice."
"R00313","312","first","Europe PMC","europepmc_2026-10-08.csv","2025","10.1016/j.jhsa.2025.04.022","40464734","Proximal Pole Scaphoid Fracture Nonunion Treated With Ipsilateral Hamate Transfer: A Case Series."
"R00313","601","pmid","PubMed/MEDLINE","pubmed_2026-10-08.nbib","2025","10.1016/j.jhsa.2025.04.022","40464734","Proximal Pole Scaphoid Fracture Nonunion Treated With Ipsilateral Hamate Transfer: A Case Series."
"R00314","313","first","Europe PMC","europepmc_2026-10-08.csv","2024","10.1016/j.jhsa.2022.08.015","36253197","Ligament-Sparing Volar Radiocarpal Arthrotomy During Distal Radius Fracture Repair: Anatomical Description and Quantification of Articular Surface Area Visualized in a Cadaveric Model."
"R00314","795","pmid","PubMed/MEDLINE","pubmed_2026-10-08.nbib","2024","10.1016/j.jhsa.2022.08.015","36253197","Ligament-Sparing Volar Radiocarpal Arthrotomy During Distal Radius Fracture Repair: Anatomical Description and Quantification of Articular Surface Area Visualized in a Cadaveric Model."
"R00315","314","first","Europe PMC","europepmc_2026-10-08.csv","2024","10.1055/s-0043-1770952","38264132","Radially Displaced Perilunate Injuries: A Report of Two Cases."
"R00315","698","pmid","PubMed/MEDLINE","pubmed_2026-10-08.nbib","2024","10.1055/s-0043-1770952","38264132","Radially Displaced Perilunate Injuries: A Report of Two Cases."
"R00316","315","first","Europe PMC","europepmc_2026-10-08.csv","2024","10.1016/j.jhsa.2023.12.010","38300191","Comparing the Outcomes of Suture Anchor Repair and Rein-Type Capsular Suture for Triangular Fibrocartilage Complex Foveal Tears With a Minimum 2-Year Follow-Up."
"R00316","695","pmid","PubMed/MEDLINE","pubmed_2026-10-08.nbib","2024","10.1016/j.jhsa.2023.12.010","38300191","Comparing the Outcomes of Suture Anchor Repair and Rein-Type Capsular Suture for Triangular Fibrocartilage Complex Foveal Tears With a Minimum 2-Year Follow-Up."
"R00317","316","first","Europe PMC","europepmc_2026-10-08.csv","2021","10.1007/s00064-021-00715-w","34106290","[Resection arthoplasty of the trapezium with ligament reconstruction and tendon interposition and variations]."
"R00317","894","pmid","PubMed/MEDLINE","pubmed_2026-10-08.nbib","2021","10.1007/s00064-021-00715-w","34106290","[Resection arthoplasty of the trapezium with ligament reconstruction and tendon interposition and variations]."
"R00318","317","first","Europe PMC","europepmc_2026-10-08.csv","2024","10.1177/15589447231168908","37226412","Extensor Carpi Ulnaris Instability: A Comprehensive Review of Pathology and Operative Techniques."
"R00318","745","pmid","PubMed/MEDLINE","pubmed_2026-10-08.nbib","2024","10.1177/15589447231168908","37226412","Extensor Carpi Ulnaris Instability: A Comprehensive Review of Pathology and Operative Techniques."
"R00319","318","first","Europe PMC","europepmc_2026-10-08.csv","2025","10.1016/j.jhsa.2023.10.002","38043032","Immunohistochemical Investigation of Mechanoreceptors Within the Injured Scapholunate Ligament."
"R00319","712","pmid","PubMed/MEDLINE","pubmed_2026-10-08.nbib","2025","10.1016/j.jhsa.2023.10.002","38043032","Immunohistochemical Investigation of Mechanoreceptors Within the Injured Scapholunate Ligament."
"R00320","319","first","Europe PMC","europepmc_2026-10-08.csv","2020","10.1016/j.jcot.2020.06.001","32742122","TFCC injuries: How we treat?"
"R00320","953","pmid","PubMed/MEDLINE","pubmed_2026-10-08.nbib","2020","10.1016/j.jcot.2020.06.001","32742122","TFCC injuries: How we treat?"
"R00321","320","first","Europe PMC","europepmc_2026-10-08.csv","2024","10.3390/jcm13102766","38792310","Clinical Outcomes and Failure Rate of Triangular Fibrocartilage Complex Foveal Repair Were Comparable between Arthroscopic and Open Techniques."
"R00321","677","pmid","PubMed/MEDLINE","pubmed_2026-10-08.nbib","2024","10.3390/jcm13102766","38792310","Clinical Outcomes and Failure Rate of Triangular Fibrocartilage Complex Foveal Repair Were Comparable between Arthroscopic and Open Techniques."
"R00322","321","first","Europe PMC","europepmc_2026-10-08.csv","2025","10.1055/s-0043-1776002","39896904","Arthroscopic Examination of the Triangular Fibrocartilage Complex in Galeazzi Injuries: Revisiting a Complex Injury."
"R00322","714","pmid","PubMed/MEDLINE","pubmed_2026-10-08.nbib","2025","10.1055/s-0043-1776002","39896904","Arthroscopic Examination of the Triangular Fibrocartilage Complex in Galeazzi Injuries: Revisiting a Complex Injury."
"R00323","322","first","Europe PMC","europepmc_2026-10-08.csv","2024","10.1016/j.jhsg.2024.03.011","39166194","Arthroscopic-Assisted Repair of the Triangular Fibrocartilage Complex."
"R00323","655","pmid","PubMed/MEDLINE","pubmed_2026-10-08.nbib","2024","10.1016/j.jhsg.2024.03.011","39166194","Arthroscopic-Assisted Repair of the Triangular Fibrocartilage Complex."
"R00324","323","first","Europe PMC","europepmc_2026-10-08.csv","2024","10.1016/j.radcr.2024.06.013","39040830","A variant of perilunate dislocation: A case report and literature review."
"R00324","658","pmid","PubMed/MEDLINE","pubmed_2026-10-08.nbib","2024","10.1016/j.radcr.2024.06.013","39040830","A variant of perilunate dislocation: A case report and literature review."
"R00325","324","first","Europe PMC","europepmc_2026-10-08.csv","2022","10.52312/jdrs.2022.765","36345195","Treatment of acute distal radioulnar joint instability with distal oblique bundle augmentation of the interosseous membrane by suture-button suspension: A case series."
"R00325","791","pmid","PubMed/MEDLINE","pubmed_2026-10-08.nbib","2022","10.52312/jdrs.2022.765","36345195","Treatment of acute distal radioulnar joint instability with distal oblique bundle augmentation of the interosseous membrane by suture-button suspension: A case series."
"R00327","326","first","Europe PMC","europepmc_2026-10-08.csv","2024","10.1177/15589447231151259","36802849","Is the Repair of Acute Scapholunate Injuries Associated With Distal Radius Fractures Necessary at the Time of Osteosynthesis? A Systematic Review and Meta-Analysis."
"R00327","771","pmid","PubMed/MEDLINE","pubmed_2026-10-08.nbib","2024","10.1177/15589447231151259","36802849","Is the Repair of Acute Scapholunate Injuries Associated With Distal Radius Fractures Necessary at the Time of Osteosynthesis? A Systematic Review and Meta-Analysis."
"R00328","327","first","Europe PMC","europepmc_2026-10-08.csv","2024","10.1016/j.bjps.2024.08.050","39241678","Vascularized hemi-hamate graft: Anatomic description of a novel pedicled osteo-chondro-ligamentous flap for proximal scaphoid reconstruction."
"R00328","649","pmid","PubMed/MEDLINE","pubmed_2026-10-08.nbib","2024","10.1016/j.bjps.2024.08.050","39241678","Vascularized hemi-hamate graft: Anatomic description of a novel pedicled osteo-chondro-ligamentous flap for proximal scaphoid reconstruction."
"R00329","328","first","Europe PMC","europepmc_2026-10-08.csv","2021","10.1142/s242483552150034x","34380400","A Modified Extensor Carpi Ulnaris Tenodesis with the Sauvé-Kapandji Procedure."
"R00329","876","pmid","PubMed/MEDLINE","pubmed_2026-10-08.nbib","2021","10.1142/s242483552150034x","34380400","A Modified Extensor Carpi Ulnaris Tenodesis with the Sauve-Kapandji Procedure."
"R00330","329","first","Europe PMC","europepmc_2026-10-08.csv","2025","10.1016/j.jhsa.2024.04.016","38934992","Adjunctive Dorsal Spanning Plate Fixation in the Stabilization of Perilunate Dislocations."
"R00330","666","pmid","PubMed/MEDLINE","pubmed_2026-10-08.nbib","2025","10.1016/j.jhsa.2024.04.016","38934992","Adjunctive Dorsal Spanning Plate Fixation in the Stabilization of Perilunate Dislocations."
"R00331","330","first","Europe PMC","europepmc_2026-10-08.csv","2024","10.1016/j.hansur.2023.10.004","38393765","Description of WALANT technique in open bone and ligament wrist surgery."
"R00331","686","pmid","PubMed/MEDLINE","pubmed_2026-10-08.nbib","2024","10.1016/j.hansur.2023.10.004","38393765","Description of WALANT technique in open bone and ligament wrist surgery."
"R00332","331","first","Europe PMC","europepmc_2026-10-08.csv","2024","10.1177/1759720x241287373","39444595","Computed tomography-current status and future directions for arthritis imaging."
"R00332","643","pmid","PubMed/MEDLINE","pubmed_2026-10-08.nbib","2024","10.1177/1759720x241287373","39444595","Computed tomography-current status and future directions for arthritis imaging."
"R00333","332","first","Europe PMC","europepmc_2026-10-08.csv","2024","10.1016/j.jos.2022.11.015","36599741","Ligamentoplasty using the ulnotriquetral ligament with wafer procedure for chronic triangular fibrocartilage complex foveal tear: Short-tem outcome."
"R00333","779","pmid","PubMed/MEDLINE","pubmed_2026-10-08.nbib","2024","10.1016/j.jos.2022.11.015","36599741","Ligamentoplasty using the ulnotriquetral ligament with wafer procedure for chronic triangular fibrocartilage complex foveal tear: Short-tem outcome."
"R00334","333","first","Europe PMC","europepmc_2026-10-08.csv","2023","10.3390/jcm12206574","37892712","Comparative Analysis of Treatment Outcomes: Modified Ulnar Gutter Slab vs. Sugar Tong Slab for Distal Radioulnar Joint Instability Following Triangular Fibrocartilage Complex Repair."
"R00334","719","pmid","PubMed/MEDLINE","pubmed_2026-10-08.nbib","2023","10.3390/jcm12206574","37892712","Comparative Analysis of Treatment Outcomes: Modified Ulnar Gutter Slab vs. Sugar Tong Slab for Distal Radioulnar Joint Instability Following Triangular Fibrocartilage Complex Repair."
"R00335","334","first","Europe PMC","europepmc_2026-10-08.csv","2023","10.1016/j.arthro.2022.09.004","36543420","Editorial Commentary: In Cases of Concurrent Triangular Fibrocartilage Complex Tears and Ulnar Styloid Process Fracture Nonunions, We May Neither Need to Excise nor Repair the Ulnar Styloid Fracture Nonunion Fragment."
"R00335","780","pmid","PubMed/MEDLINE","pubmed_2026-10-08.nbib","2023","10.1016/j.arthro.2022.09.004","36543420","Editorial Commentary: In Cases of Concurrent Triangular Fibrocartilage Complex Tears and Ulnar Styloid Process Fracture Nonunions, We May Neither Need to Excise nor Repair the Ulnar Styloid Fracture Nonunion Fragment."
"R00336","335","first","Europe PMC","europepmc_2026-10-08.csv","2024","10.7759/cureus.65405","39188445","Low Back Pain Caused by Traction Peripheral Neuropathy Due to Chronic Ankle Instability: Three Clinical Cases."
"R00336","654","pmid","PubMed/MEDLINE","pubmed_2026-10-08.nbib","2024","10.7759/cureus.65405","39188445","Low Back Pain Caused by Traction Peripheral Neuropathy Due to Chronic Ankle Instability: Three Clinical Cases."
"R00337","336","first","Europe PMC","europepmc_2026-10-08.csv","2021","10.1177/1753193420956319","32954904","Scapholunate injuries: challenging existing dogmas in anatomy and surgical techniques."
"R00337","947","pmid","PubMed/MEDLINE","pubmed_2026-10-08.nbib","2021","10.1177/1753193420956319","32954904","Scapholunate injuries: challenging existing dogmas in anatomy and surgical techniques."
"R00338","337","first","Europe PMC","europepmc_2026-10-08.csv","2022","10.1097/bth.0000000000000365","34411040","Arthroscopic Triangular Fibrocartilage Complex Reconstruction Using a Palmaris Longus Tendon Graft."
"R00338","875","pmid","PubMed/MEDLINE","pubmed_2026-10-08.nbib","2022","10.1097/bth.0000000000000365","34411040","Arthroscopic Triangular Fibrocartilage Complex Reconstruction Using a Palmaris Longus Tendon Graft."
"R00339","338","first","Europe PMC","europepmc_2026-10-08.csv","2025","10.1055/s-0043-1778061","40395825","Primary Arthroscopy-Assisted Foveal Repair of Triangular Fibrocartilage Complex Associated with Acute Distal Radius Fractures in Young Adults."
"R00339","696","pmid","PubMed/MEDLINE","pubmed_2026-10-08.nbib","2025","10.1055/s-0043-1778061","40395825","Primary Arthroscopy-Assisted Foveal Repair of Triangular Fibrocartilage Complex Associated with Acute Distal Radius Fractures in Young Adults."
"R00340","339","first","Europe PMC","europepmc_2026-10-08.csv","2023","10.1016/j.jhsa.2023.03.013","37178067","Osteochondral Autograft Transplantation for Proximal Pole Scaphoid Nonunions."
"R00340","749","pmid","PubMed/MEDLINE","pubmed_2026-10-08.nbib","2023","10.1016/j.jhsa.2023.03.013","37178067","Osteochondral Autograft Transplantation for Proximal Pole Scaphoid Nonunions."
"R00341","340","first","Europe PMC","europepmc_2026-10-08.csv","2024","10.1016/j.jham.2024.100052","39035856","Surgical treatment for acute longitudinal radioulnar dissociation with humeral capitellar fracture: A case report."
"R00341","659","pmid","PubMed/MEDLINE","pubmed_2026-10-08.nbib","2024","10.1016/j.jham.2024.100052","39035856","Surgical treatment for acute longitudinal radioulnar dissociation with humeral capitellar fracture: A case report."
"R00342","341","first","Europe PMC","europepmc_2026-10-08.csv","2022","10.1016/j.hansur.2022.04.001","35490986","Repair of the dorsal capsuloligamentous scapholunate septum during arthroscopic resection of painful dorsal wrist ganglion cyst: Comparative analysis of two techniques."
"R00342","824","pmid","PubMed/MEDLINE","pubmed_2026-10-08.nbib","2022","10.1016/j.hansur.2022.04.001","35490986","Repair of the dorsal capsuloligamentous scapholunate septum during arthroscopic resection of painful dorsal wrist ganglion cyst: Comparative analysis of two techniques."
"R00343","342","first","Europe PMC","europepmc_2026-10-08.csv","2024","10.3389/fbioe.2024.1482747","39834631","Comparative study regarding the stability of a proximal ulnar stump with or without distal oblique bundle reconstruction during the Sauvé‒Kapandji procedure: a finite-element analysis."
"R00343","628","pmid","PubMed/MEDLINE","pubmed_2026-10-08.nbib","2024","10.3389/fbioe.2024.1482747","39834631","Comparative study regarding the stability of a proximal ulnar stump with or without distal oblique bundle reconstruction during the Sauve‒Kapandji procedure: a finite-element analysis."
"R00345","344","first","Europe PMC","europepmc_2026-10-08.csv","2024","10.1142/s2424835524500292","39005174","Perilunate Fracture-Dislocation: Results at Mean Follow-Up of 7 Years after ORIF."
"R00345","663","pmid","PubMed/MEDLINE","pubmed_2026-10-08.nbib","2024","10.1142/s2424835524500292","39005174","Perilunate Fracture-Dislocation: Results at Mean Follow-Up of 7 Years after ORIF."
"R00346","345","first","Europe PMC","europepmc_2026-10-08.csv","2025","10.1055/s-0044-1787179","40995547","Medium-Term Patient-Reported Outcomes after Surgical Management of Perilunate Injury: A Multiinstitutional Experience."
"R00346","668","pmid","PubMed/MEDLINE","pubmed_2026-10-08.nbib","2025","10.1055/s-0044-1787179","40995547","Medium-Term Patient-Reported Outcomes after Surgical Management of Perilunate Injury: A Multiinstitutional Experience."
"R00347","346","first","Europe PMC","europepmc_2026-10-08.csv","2024","10.1016/j.jham.2024.100067","39234380","NanoScope wrist arthroscopy under wide-awake local anesthesia with no tourniquet: A prospective series of 30 consecutive patients."
"R00347","650","pmid","PubMed/MEDLINE","pubmed_2026-10-08.nbib","2024","10.1016/j.jham.2024.100067","39234380","NanoScope wrist arthroscopy under wide-awake local anesthesia with no tourniquet: A prospective series of 30 consecutive patients."
"R00348","347","first","Europe PMC","europepmc_2026-10-08.csv","2021","10.1016/j.jhsa.2020.10.032","33423852","The Biomechanical Effects of Augmentation With Flat Braided Suture on Dorsal Intercarpal Ligament Capsulodesis for Scapholunate Instability."
"R00348","921","pmid","PubMed/MEDLINE","pubmed_2026-10-08.nbib","2021","10.1016/j.jhsa.2020.10.032","33423852","The Biomechanical Effects of Augmentation With Flat Braided Suture on Dorsal Intercarpal Ligament Capsulodesis for Scapholunate Instability."
"R00349","348","first","Europe PMC","europepmc_2026-10-08.csv","2024","10.1016/j.hcl.2023.08.003","37979994","Management of Ulnar Styloid Nonunions."
"R00349","715","pmid","PubMed/MEDLINE","pubmed_2026-10-08.nbib","2024","10.1016/j.hcl.2023.08.003","37979994","Management of Ulnar Styloid Nonunions."
"R00350","349","first","Europe PMC","europepmc_2026-10-08.csv","2024","10.1055/s-0043-1768133","39027024","Partial Scapholunate Interosseous Ligament Injuries: A Systematic Review of Treatment Options."
"R00350","755","pmid","PubMed/MEDLINE","pubmed_2026-10-08.nbib","2024","10.1055/s-0043-1768133","39027024","Partial Scapholunate Interosseous Ligament Injuries: A Systematic Review of Treatment Options."
"R00351","350","first","Europe PMC","europepmc_2026-10-08.csv","2024","10.1016/j.jhsa.2022.10.010","36372596","Styloid Ulna Window Approach for Repair of Avulsed Foveal Attachment of Triangular Fibrocartilage Complex."
"R00351","789","pmid","PubMed/MEDLINE","pubmed_2026-10-08.nbib","2024","10.1016/j.jhsa.2022.10.010","36372596","Styloid Ulna Window Approach for Repair of Avulsed Foveal Attachment of Triangular Fibrocartilage Complex."
"R00352","351","first","Europe PMC","europepmc_2026-10-08.csv","2022","10.1016/j.jhsa.2021.05.015","34217554","Triangular Vascularized Free Fibula Flap for Massive Carpal Reconstruction."
"R00352","884","pmid","PubMed/MEDLINE","pubmed_2026-10-08.nbib","2022","10.1016/j.jhsa.2021.05.015","34217554","Triangular Vascularized Free Fibula Flap for Massive Carpal Reconstruction."
"R00353","352","first","Europe PMC","europepmc_2026-10-08.csv","2022","10.1177/17531934211030861","34293945","Revolutions in arthroscopic wrist surgeries."
"R00353","881","pmid","PubMed/MEDLINE","pubmed_2026-10-08.nbib","2022","10.1177/17531934211030861","34293945","Revolutions in arthroscopic wrist surgeries."
"R00354","353","first","Europe PMC","europepmc_2026-10-08.csv","2023","10.1016/j.otsr.2022.103403","36108817","Three-dimensional reconstruction of the hand from biplanar X-rays: Assessment of accuracy and reliability."
"R00354","803","pmid","PubMed/MEDLINE","pubmed_2026-10-08.nbib","2023","10.1016/j.otsr.2022.103403","36108817","Three-dimensional reconstruction of the hand from biplanar X-rays: Assessment of accuracy and reliability."
"R00355","354","first","Europe PMC","europepmc_2026-10-08.csv","2022","10.13107/jocr.2022.v12.i11.3418","37013243","Outcome Analysis of En bloc Resection and Reconstruction by Non-vascularized Proximal Fibular Autograft in Giant Cell Tumor of Distal Radius supplemented with Brachytherapy."
"R00355","758","pmid","PubMed/MEDLINE","pubmed_2026-10-08.nbib","2022","10.13107/jocr.2022.v12.i11.3418","37013243","Outcome Analysis of En bloc Resection and Reconstruction by Non-vascularized Proximal Fibular Autograft in Giant Cell Tumor of Distal Radius supplemented with Brachytherapy."
"R00356","355","first","Europe PMC","europepmc_2026-10-08.csv","2024","10.1007/s00064-024-00850-0","39078520","[Central band reconstruction in Essex-Lopresti lesions]."
"R00356","657","pmid","PubMed/MEDLINE","pubmed_2026-10-08.nbib","2024","10.1007/s00064-024-00850-0","39078520","[Central band reconstruction in Essex-Lopresti lesions]."
"R00357","356","first","Europe PMC","europepmc_2026-10-08.csv","2024","10.1007/s13193-024-01990-2","39555363","A Short Course of Preoperative Denosumab Injection Followed by Surgery in High-Risk Giant Cell Tumors of the Extremities: A Retrospective Study."
"R00357","640","pmid","PubMed/MEDLINE","pubmed_2026-10-08.nbib","2024","10.1007/s13193-024-01990-2","39555363","A Short Course of Preoperative Denosumab Injection Followed by Surgery in High-Risk Giant Cell Tumors of the Extremities: A Retrospective Study."
"R00358","357","first","Europe PMC","europepmc_2026-10-08.csv","2024","","38846505","Scaphoid Fractures Requiring Bone Graft: Does Graft Source Matter?"
"R00358","671","pmid","PubMed/MEDLINE","pubmed_2026-10-08.nbib","2024","","38846505","Scaphoid Fractures Requiring Bone Graft: Does Graft Source Matter?"
"R00359","358","first","Europe PMC","europepmc_2026-10-08.csv","2023","10.1111/os.13760","37254251","A Novel Surgical Technique for Neglected Volar Dislocation of the Lunate: Cases Report and Literature Review."
"R00359","743","pmid","PubMed/MEDLINE","pubmed_2026-10-08.nbib","2023","10.1111/os.13760","37254251","A Novel Surgical Technique for Neglected Volar Dislocation of the Lunate: Cases Report and Literature Review."
"R00360","359","first","Europe PMC","europepmc_2026-10-08.csv","1993","","38190471","Mucopolysaccharidosis Type VII"
"R00360","706","pmid","PubMed/MEDLINE","pubmed_2026-10-08.nbib","1993","","38190471","Mucopolysaccharidosis Type VII."
"R00361","360","first","Europe PMC","europepmc_2026-10-08.csv","2022","10.22038/abjs.2021.57194.2833","35291239","Distal Radioulnar Joint Instability: Diagnosis and Treatment."
"R00361","832","pmid","PubMed/MEDLINE","pubmed_2026-10-08.nbib","2022","10.22038/abjs.2021.57194.2833","35291239","Distal Radioulnar Joint Instability: Diagnosis and Treatment."
"R00362","361","first","Europe PMC","europepmc_2026-10-08.csv","2023","10.1007/s00402-023-04846-6","37012506","The corticocancellous press fit iliac crest bone dowel for recalcitrant scaphoid nonunion: analysis of union rate and clinical outcome."
"R00362","760","pmid","PubMed/MEDLINE","pubmed_2026-10-08.nbib","2023","10.1007/s00402-023-04846-6","37012506","The corticocancellous press fit iliac crest bone dowel for recalcitrant scaphoid nonunion: analysis of union rate and clinical outcome."
"R00363","362","first","Europe PMC","europepmc_2026-10-08.csv","2021","10.1007/s00590-020-02864-3","33417053","The 50 most cited papers in chronic scapholunate reconstruction: a bibliometric analysis."
"R00363","922","pmid","PubMed/MEDLINE","pubmed_2026-10-08.nbib","2021","10.1007/s00590-020-02864-3","33417053","The 50 most cited papers in chronic scapholunate reconstruction: a bibliometric analysis."
"R00365","364","first","Europe PMC","europepmc_2026-10-08.csv","2025","10.1016/j.jhsa.2023.05.004","37354193","All-Inside Versus Outside-in Repair of Triangular Fibrocartilage Complex Peripheral Tears."
"R00365","741","pmid","PubMed/MEDLINE","pubmed_2026-10-08.nbib","2025","10.1016/j.jhsa.2023.05.004","37354193","All-Inside Versus Outside-in Repair of Triangular Fibrocartilage Complex Peripheral Tears."
"R00366","365","first","Europe PMC","europepmc_2026-10-08.csv","2023","10.1055/s-0042-1757441","37223389","Clinical Outcomes of Arthroscopic Ligament-Sparing Dorsal Capsulodesis for Partial Scapholunate Ligament Tear."
"R00366","746","pmid","PubMed/MEDLINE","pubmed_2026-10-08.nbib","2023","10.1055/s-0042-1757441","37223389","Clinical Outcomes of Arthroscopic Ligament-Sparing Dorsal Capsulodesis for Partial Scapholunate Ligament Tear."
"R00367","366","first","Europe PMC","europepmc_2026-10-08.csv","2021","10.1055/s-0040-1722331","34109065","Long-Term Results of Arthroscopic Capsular Shrinkage for Palmar Midcarpal Instability of the Wrist."
"R00367","893","pmid","PubMed/MEDLINE","pubmed_2026-10-08.nbib","2021","10.1055/s-0040-1722331","34109065","Long-Term Results of Arthroscopic Capsular Shrinkage for Palmar Midcarpal Instability of the Wrist."
"R00368","367","first","Europe PMC","europepmc_2026-10-08.csv","2020","","32017736","Scapholunate Ligament Injury: Management Strategies From Occult Injury to Arthritis."
"R00368","981","pmid","PubMed/MEDLINE","pubmed_2026-10-08.nbib","2020","","32017736","Scapholunate Ligament Injury: Management Strategies From Occult Injury to Arthritis."
"R00369","368","first","Europe PMC","europepmc_2026-10-08.csv","2022","10.2106/jbjs.rvw.21.00212","35263316","Essex-Lopresti Lesions and Longitudinal Radioulnar Instability: A Narrative Review."
"R00369","833","pmid","PubMed/MEDLINE","pubmed_2026-10-08.nbib","2022","10.2106/jbjs.rvw.21.00212","35263316","Essex-Lopresti Lesions and Longitudinal Radioulnar Instability: A Narrative Review."
"R00370","369","first","Europe PMC","europepmc_2026-10-08.csv","2020","10.1016/j.ocl.2019.09.002","31739882","Current Techniques in Scapholunate Ligament Reconstruction."
"R00370","986","pmid","PubMed/MEDLINE","pubmed_2026-10-08.nbib","2020","10.1016/j.ocl.2019.09.002","31739882","Current Techniques in Scapholunate Ligament Reconstruction."
"R00371","370","first","Europe PMC","europepmc_2026-10-08.csv","2020","10.1097/bth.0000000000000261","31436757","Chronic Reducible Scapholunate Ligament Dissociation: A Simple Surgical Technique for a Complex Injury."
"R00371","995","pmid","PubMed/MEDLINE","pubmed_2026-10-08.nbib","2020","10.1097/bth.0000000000000261","31436757","Chronic Reducible Scapholunate Ligament Dissociation: A Simple Surgical Technique for a Complex Injury."
"R00372","371","first","Europe PMC","europepmc_2026-10-08.csv","2023","10.1016/j.otsr.2022.103465","36942792","Distal radioulnar joint instability: Diagnosis and treatment of acute and chronic lesions."
"R00372","765","pmid","PubMed/MEDLINE","pubmed_2026-10-08.nbib","2023","10.1016/j.otsr.2022.103465","36942792","Distal radioulnar joint instability: Diagnosis and treatment of acute and chronic lesions."
"R00373","372","first","Europe PMC","europepmc_2026-10-08.csv","2022","10.12998/wjcc.v10.i1.331","35071536","Lunate dislocation with avulsed triquetral fracture: A case report."
"R00373","845","pmid","PubMed/MEDLINE","pubmed_2026-10-08.nbib","2022","10.12998/wjcc.v10.i1.331","35071536","Lunate dislocation with avulsed triquetral fracture: A case report."
"R00374","373","first","Europe PMC","europepmc_2026-10-08.csv","2023","10.1016/j.ijscr.2023.109059","37976713","Ligament reconstruction with modified suture anchor fixation technique for chronic distal radioulnar joint instability: A case report and literature review."
"R00374","716","pmid","PubMed/MEDLINE","pubmed_2026-10-08.nbib","2023","10.1016/j.ijscr.2023.109059","37976713","Ligament reconstruction with modified suture anchor fixation technique for chronic distal radioulnar joint instability: A case report and literature review."
"R00375","374","first","Europe PMC","europepmc_2026-10-08.csv","2023","10.20471/acc.2023.62.s3.10","40337652","OPERATIVE TECHNIQUE FOR RECONSTRUCTION OF DISTAL ULNA AFTER GIANT CELL TUMOUR RESECTION."
"R00375","736","pmid","PubMed/MEDLINE","pubmed_2026-10-08.nbib","2023","10.20471/acc.2023.62.s3.10","40337652","OPERATIVE TECHNIQUE FOR RECONSTRUCTION OF DISTAL ULNA AFTER GIANT CELL TUMOUR RESECTION."
"R00377","376","first","Europe PMC","europepmc_2026-10-08.csv","2022","10.1177/17531934211056854","34763553","Arthroscopic one-tunnel transosseous reconstruction of chronic triangular fibrocartilage complex foveal tears: outcomes in 12 patients."
"R00377","863","pmid","PubMed/MEDLINE","pubmed_2026-10-08.nbib","2022","10.1177/17531934211056854","34763553","Arthroscopic one-tunnel transosseous reconstruction of chronic triangular fibrocartilage complex foveal tears: outcomes in 12 patients."
"R00378","377","first","Europe PMC","europepmc_2026-10-08.csv","2021","10.1016/j.jhsg.2020.11.001","35415529","Dorsal Bone-Ligament-Bone Reconstruction of Chronic Lunotriquetral Instability: Biomechanical Testing."
"R00378","928","pmid","PubMed/MEDLINE","pubmed_2026-10-08.nbib","2021","10.1016/j.jhsg.2020.11.001","35415529","Dorsal Bone-Ligament-Bone Reconstruction of Chronic Lunotriquetral Instability: Biomechanical Testing."
"R00380","379","first","Europe PMC","europepmc_2026-10-08.csv","2023","10.1055/s-0042-1757765","36926213","All-Arthroscopic Triangular Fibrocartilage Complex Ligamentoplasty: Technique and Results."
"R00380","766","pmid","PubMed/MEDLINE","pubmed_2026-10-08.nbib","2023","10.1055/s-0042-1757765","36926213","All-Arthroscopic Triangular Fibrocartilage Complex Ligamentoplasty: Technique and Results."
"R00382","381","first","Europe PMC","europepmc_2026-10-08.csv","2022","10.1055/s-0041-1735884","36504537","Scaphoid Dislocation Reconstruction with Scapholunotriquetral Ligament Tenodesis."
"R00382","865","pmid","PubMed/MEDLINE","pubmed_2026-10-08.nbib","2022","10.1055/s-0041-1735884","36504537","Scaphoid Dislocation Reconstruction with Scapholunotriquetral Ligament Tenodesis."
"R00383","382","first","Europe PMC","europepmc_2026-10-08.csv","2024","10.1016/j.jhsa.2022.08.019","36333244","Lateral Femoral Trochlea Osteochondral Flap Reconstruction of Proximal Pole Scaphoid Nonunions."
"R00383","792","pmid","PubMed/MEDLINE","pubmed_2026-10-08.nbib","2024","10.1016/j.jhsa.2022.08.019","36333244","Lateral Femoral Trochlea Osteochondral Flap Reconstruction of Proximal Pole Scaphoid Nonunions."
"R00384","383","first","Europe PMC","europepmc_2026-10-08.csv","2021","10.1016/j.jhsa.2020.11.002","33357986","A Case of Short Radiolunate Avulsion Injury: Magnetic Resonance Diagnosis and Surgical Reconstruction."
"R00384","924","pmid","PubMed/MEDLINE","pubmed_2026-10-08.nbib","2021","10.1016/j.jhsa.2020.11.002","33357986","A Case of Short Radiolunate Avulsion Injury: Magnetic Resonance Diagnosis and Surgical Reconstruction."
"R00385","384","first","Europe PMC","europepmc_2026-10-08.csv","2020","10.13107/jocr.2020.v10.i06.1856","33489961","Management of Forearm Deformity by Limb Reconstruction System in Children with Multiple Exostosis - A case Report."
"R00385","915","pmid","PubMed/MEDLINE","pubmed_2026-10-08.nbib","2020","10.13107/jocr.2020.v10.i06.1856","33489961","Management of Forearm Deformity by Limb Reconstruction System in Children with Multiple Exostosis - A case Report."
"R00386","385","first","Europe PMC","europepmc_2026-10-08.csv","2021","10.1097/corr.0000000000001425","32701771","What Is the Diagnostic Accuracy of Flat-panel Cone-beam CT Arthrography for Diagnosis of Scapholunate Ligament Tears?"
"R00386","957","pmid","PubMed/MEDLINE","pubmed_2026-10-08.nbib","2021","10.1097/corr.0000000000001425","32701771","What Is the Diagnostic Accuracy of Flat-panel Cone-beam CT Arthrography for Diagnosis of Scapholunate Ligament Tears?"
"R00387","386","first","Europe PMC","europepmc_2026-10-08.csv","2021","10.1055/s-0041-1728803","34881111","Arthroscopic Repair of the Dorsal Intercarpal Ligament Detachment from the Scaphoid."
"R00387","855","pmid","PubMed/MEDLINE","pubmed_2026-10-08.nbib","2021","10.1055/s-0041-1728803","34881111","Arthroscopic Repair of the Dorsal Intercarpal Ligament Detachment from the Scaphoid."
"R00388","387","first","Europe PMC","europepmc_2026-10-08.csv","2023","10.1007/s00402-022-04728-3","36515709","Clinical outcome and survival rate of the Herbert ulnar head prosthesis for reconstruction of the distal radioulnar joint depending on co-morbidity and different indications."
"R00388","782","pmid","PubMed/MEDLINE","pubmed_2026-10-08.nbib","2023","10.1007/s00402-022-04728-3","36515709","Clinical outcome and survival rate of the Herbert ulnar head prosthesis for reconstruction of the distal radioulnar joint depending on co-morbidity and different indications."
"R00389","388","first","Europe PMC","europepmc_2026-10-08.csv","2021","10.1016/j.hcl.2021.06.004","34602131","Triangular Fibrocartilage Complex Injuries in Children and Adolescents."
"R00389","869","pmid","PubMed/MEDLINE","pubmed_2026-10-08.nbib","2021","10.1016/j.hcl.2021.06.004","34602131","Triangular Fibrocartilage Complex Injuries in Children and Adolescents."
"R00390","389","first","Europe PMC","europepmc_2026-10-08.csv","2023","10.1155/2023/3534849","36874928","Minimally Invasive Plating of Distal Radius Fracture: A Series of 42 Cases and Review of Current Literature."
"R00390","767","pmid","PubMed/MEDLINE","pubmed_2026-10-08.nbib","2023","10.1155/2023/3534849","36874928","Minimally Invasive Plating of Distal Radius Fracture: A Series of 42 Cases and Review of Current Literature."
"R00391","390","first","Europe PMC","europepmc_2026-10-08.csv","2021","10.1080/2000656x.2021.1874398","33507130","There is motion between the scaphoid and the lunate during the dart-throwing motion."
"R00391","914","pmid","PubMed/MEDLINE","pubmed_2026-10-08.nbib","2021","10.1080/2000656x.2021.1874398","33507130","There is motion between the scaphoid and the lunate during the dart-throwing motion."
"R00392","391","first","Europe PMC","europepmc_2026-10-08.csv","2022","10.1097/bth.0000000000000384","35696616","Anatomical 3 Ligaments Reconstruction for Symptomatic Thumb Carpometacarpal Joint Instability."
"R00392","818","pmid","PubMed/MEDLINE","pubmed_2026-10-08.nbib","2022","10.1097/bth.0000000000000384","35696616","Anatomical 3 Ligaments Reconstruction for Symptomatic Thumb Carpometacarpal Joint Instability."
"R00393","392","first","Europe PMC","europepmc_2026-10-08.csv","2022","10.1177/17531934221108452","35765759","The impact of previous surgery on scaphoid nonunion reconstruction: a retrospective study of 95 cases."
"R00393","814","pmid","PubMed/MEDLINE","pubmed_2026-10-08.nbib","2022","10.1177/17531934221108452","35765759","The impact of previous surgery on scaphoid nonunion reconstruction: a retrospective study of 95 cases."
"R00394","393","first","Europe PMC","europepmc_2026-10-08.csv","2023","10.1016/j.jos.2021.11.016","34922806","Do triangular fibrocartilage complex foveal injuries affect the clinical outcome of ulnar shortening osteotomy for ulnar impaction syndrome?"
"R00394","851","pmid","PubMed/MEDLINE","pubmed_2026-10-08.nbib","2023","10.1016/j.jos.2021.11.016","34922806","Do triangular fibrocartilage complex foveal injuries affect the clinical outcome of ulnar shortening osteotomy for ulnar impaction syndrome?"
"R00395","394","first","Europe PMC","europepmc_2026-10-08.csv","2022","10.1016/j.jhsa.2022.01.021","35341629","Arthroscopic-Assisted Foveal Reattachment of Triangular Fibrocartilage Complex Tears With Distal Radioulnar Joint Instability: A Comparison of Suture Anchors and Transosseous Sutures."
"R00395","831","pmid","PubMed/MEDLINE","pubmed_2026-10-08.nbib","2022","10.1016/j.jhsa.2022.01.021","35341629","Arthroscopic-Assisted Foveal Reattachment of Triangular Fibrocartilage Complex Tears With Distal Radioulnar Joint Instability: A Comparison of Suture Anchors and Transosseous Sutures."
"R00396","395","first","Europe PMC","europepmc_2026-10-08.csv","2023","10.7759/cureus.36656","37102009","Hand Replantation With Dorsal Spanning Plate Following a Self-Inflicted Radiocarpal Amputation."
"R00396","753","pmid","PubMed/MEDLINE","pubmed_2026-10-08.nbib","2023","10.7759/cureus.36656","37102009","Hand Replantation With Dorsal Spanning Plate Following a Self-Inflicted Radiocarpal Amputation."
"R00397","396","first","Europe PMC","europepmc_2026-10-08.csv","2023","10.1186/s12957-023-03173-9","37723520","Reconstruction with a double-constrained implant design after complex shoulder extra-articular resection."
"R00397","730","pmid","PubMed/MEDLINE","pubmed_2026-10-08.nbib","2023","10.1186/s12957-023-03173-9","37723520","Reconstruction with a double-constrained implant design after complex shoulder extra-articular resection."
"R00398","397","first","Europe PMC","europepmc_2026-10-08.csv","2024","10.1177/03635465231210938","38164671","Distal Radius Allograft for Glenohumeral Instability: A Novel Osteochondral Allograft Reconstruction Option in the Setting of Glenoid Bone Loss."
"R00398","707","pmid","PubMed/MEDLINE","pubmed_2026-10-08.nbib","2024","10.1177/03635465231210938","38164671","Distal Radius Allograft for Glenohumeral Instability: A Novel Osteochondral Allograft Reconstruction Option in the Setting of Glenoid Bone Loss."
"R00399","398","first","Europe PMC","europepmc_2026-10-08.csv","2024","10.1055/s-0042-1756499","39027020","Symptomatic Radial-Sided Tears of the Triangular Fibrocartilage Complex: An All-Arthroscopic Repair Using Bone Anchors."
"R00399","790","pmid","PubMed/MEDLINE","pubmed_2026-10-08.nbib","2024","10.1055/s-0042-1756499","39027020","Symptomatic Radial-Sided Tears of the Triangular Fibrocartilage Complex: An All-Arthroscopic Repair Using Bone Anchors."
"R00400","399","first","Europe PMC","europepmc_2026-10-08.csv","2021","10.1007/s00330-021-08024-3","34003353","Improved diagnostic accuracy for ulnar-sided TFCC lesions with radial reformation of 3D sequences in wrist MR arthrography."
"R00400","898","pmid","PubMed/MEDLINE","pubmed_2026-10-08.nbib","2021","10.1007/s00330-021-08024-3","34003353","Improved diagnostic accuracy for ulnar-sided TFCC lesions with radial reformation of 3D sequences in wrist MR arthrography."
"R00401","400","first","Europe PMC","europepmc_2026-10-08.csv","2020","10.1055/s-0040-1710502","32760612","Arthroscopic Reinsertion of Acute Injuries of the Scapholunate Ligament Technique and Results."
"R00401","952","pmid","PubMed/MEDLINE","pubmed_2026-10-08.nbib","2020","10.1055/s-0040-1710502","32760612","Arthroscopic Reinsertion of Acute Injuries of the Scapholunate Ligament Technique and Results."
"R00402","401","first","Europe PMC","europepmc_2026-10-08.csv","2022","10.1016/j.eats.2022.06.011","36311329","Arthroscopic TFCC Ulnar Bone Tunnel Foveal Repair in Adult Patients."
"R00402","794","pmid","PubMed/MEDLINE","pubmed_2026-10-08.nbib","2022","10.1016/j.eats.2022.06.011","36311329","Arthroscopic TFCC Ulnar Bone Tunnel Foveal Repair in Adult Patients."
"R00403","402","first","Europe PMC","europepmc_2026-10-08.csv","2021","10.1371/journal.pone.0256528","34797871","Finite element analysis of the performance of additively manufactured scaffolds for scapholunate ligament reconstruction."
"R00403","860","pmid","PubMed/MEDLINE","pubmed_2026-10-08.nbib","2021","10.1371/journal.pone.0256528","34797871","Finite element analysis of the performance of additively manufactured scaffolds for scapholunate ligament reconstruction."
"R00404","403","first","Europe PMC","europepmc_2026-10-08.csv","2021","10.1097/bth.0000000000000343","34779422","Vascularized Ulnar Transposition and Ulno-scapholunate Fusion for Reconstructing Campanacci Grade 3 Giant Cell Tumor of Distal Radius: Technique and a Series of 5 Cases."
"R00404","862","pmid","PubMed/MEDLINE","pubmed_2026-10-08.nbib","2021","10.1097/bth.0000000000000343","34779422","Vascularized Ulnar Transposition and Ulno-scapholunate Fusion for Reconstructing Campanacci Grade 3 Giant Cell Tumor of Distal Radius: Technique and a Series of 5 Cases."
"R00405","404","first","Europe PMC","europepmc_2026-10-08.csv","2022","10.1302/0301-620x.104b2.bjj-2021-0592.r2","35094578","Postoperative immobilization using a short-arm cast in the semisupination position is appropriate after arthroscopic triangular fibrocartilage complex foveal repair."
"R00405","844","pmid","PubMed/MEDLINE","pubmed_2026-10-08.nbib","2022","10.1302/0301-620x.104b2.bjj-2021-0592.r2","35094578","Postoperative immobilization using a short-arm cast in the semisupination position is appropriate after arthroscopic triangular fibrocartilage complex foveal repair."
"R00406","405","first","Europe PMC","europepmc_2026-10-08.csv","2021","10.1055/s-0041-1726408","34631291","Experience with Diagnosis and Management of Distal Radioulnar Joint Instability."
"R00406","866","pmid","PubMed/MEDLINE","pubmed_2026-10-08.nbib","2021","10.1055/s-0041-1726408","34631291","Experience with Diagnosis and Management of Distal Radioulnar Joint Instability."
"R00407","406","first","Europe PMC","europepmc_2026-10-08.csv","2022","10.3389/fvets.2022.816529","35187145","A Large Animal Model for Orthopedic Foot and Ankle Research."
"R00407","835","pmid","PubMed/MEDLINE","pubmed_2026-10-08.nbib","2022","10.3389/fvets.2022.816529","35187145","A Large Animal Model for Orthopedic Foot and Ankle Research."
"R00409","408","first","Europe PMC","europepmc_2026-10-08.csv","2023","10.1097/rli.0000000000000908","35976763","Computed Tomography: State-of-the-Art Advancements in Musculoskeletal Imaging."
"R00409","807","pmid","PubMed/MEDLINE","pubmed_2026-10-08.nbib","2023","10.1097/rli.0000000000000908","35976763","Computed Tomography: State-of-the-Art Advancements in Musculoskeletal Imaging."
"R00410","409","first","Europe PMC","europepmc_2026-10-08.csv","2023","10.1055/s-0043-1764346","37841350","Stabilization of the Distal Radioulnar Joint Using the TightRope Implant: A Distal Oblique Bundle Augmentation."
"R00410","727","pmid","PubMed/MEDLINE","pubmed_2026-10-08.nbib","2023","10.1055/s-0043-1764346","37841350","Stabilization of the Distal Radioulnar Joint Using the TightRope Implant: A Distal Oblique Bundle Augmentation."
"R00411","410","first","Europe PMC","europepmc_2026-10-08.csv","2021","10.1016/j.jhsa.2020.12.005","33526293","Outcomes Associated With Scapholunate Ligament Injury Following Intra-Articular Distal Radius Fractures."
"R00411","913","pmid","PubMed/MEDLINE","pubmed_2026-10-08.nbib","2021","10.1016/j.jhsa.2020.12.005","33526293","Outcomes Associated With Scapholunate Ligament Injury Following Intra-Articular Distal Radius Fractures."
"R00412","411","first","Europe PMC","europepmc_2026-10-08.csv","2020","10.1177/1753193420942668","32706604","Outcomes after anatomic reconstruction of the radioulnar ligaments for distal radioulnar joint instability."
"R00412","955","pmid","PubMed/MEDLINE","pubmed_2026-10-08.nbib","2020","10.1177/1753193420942668","32706604","Outcomes after anatomic reconstruction of the radioulnar ligaments for distal radioulnar joint instability."
"R00413","412","first","Europe PMC","europepmc_2026-10-08.csv","2020","10.1177/1753193420927882","32515266","Arthroscopic thermal stabilization for distal radioulnar joint instability: 3 to 19 years follow-up."
"R00413","965","pmid","PubMed/MEDLINE","pubmed_2026-10-08.nbib","2020","10.1177/1753193420927882","32515266","Arthroscopic thermal stabilization for distal radioulnar joint instability: 3 to 19 years follow-up."
"R00414","413","first","Europe PMC","europepmc_2026-10-08.csv","2020","10.1016/j.hcl.2020.07.005","33040955","Acute Distal Radioulnar Joint Instability: Evaluation and Treatment."
"R00414","941","pmid","PubMed/MEDLINE","pubmed_2026-10-08.nbib","2020","10.1016/j.hcl.2020.07.005","33040955","Acute Distal Radioulnar Joint Instability: Evaluation and Treatment."
"R00415","414","first","Europe PMC","europepmc_2026-10-08.csv","2022","10.1177/1558944720918342","32463300","Radiographic Incidence and Functional Outcomes of Distal Radius Fractures Undergoing Volar Plate Fixation With Concomitant Scapholunate Widening: A Prospective Analysis."
"R00415","967","pmid","PubMed/MEDLINE","pubmed_2026-10-08.nbib","2022","10.1177/1558944720918342","32463300","Radiographic Incidence and Functional Outcomes of Distal Radius Fractures Undergoing Volar Plate Fixation With Concomitant Scapholunate Widening: A Prospective Analysis."
"R00416","415","first","Europe PMC","europepmc_2026-10-08.csv","2023","10.1055/s-0043-1760753","37841362","Scaphoid Length Loss Following Nonunion Is Associated with Dorsal Intercalated Segment Instability."
"R00416","723","pmid","PubMed/MEDLINE","pubmed_2026-10-08.nbib","2023","10.1055/s-0043-1760753","37841362","Scaphoid Length Loss Following Nonunion Is Associated with Dorsal Intercalated Segment Instability."
"R00417","416","first","Europe PMC","europepmc_2026-10-08.csv","2021","10.3390/jcm10112363","34072171","Arthroscopic Treatment Results of Triangular Fibrocartilage Complex Tears in Adolescents: A Systematic Review."
"R00417","895","pmid","PubMed/MEDLINE","pubmed_2026-10-08.nbib","2021","10.3390/jcm10112363","34072171","Arthroscopic Treatment Results of Triangular Fibrocartilage Complex Tears in Adolescents: A Systematic Review."
"R00418","417","first","Europe PMC","europepmc_2026-10-08.csv","2020","10.1097/bth.0000000000000332","33900059","Fascial Epicondylar Augmentation in Cases of Cubital Tunnel Syndrome With Ulnar Nerve Instability."
"R00418","902","pmid","PubMed/MEDLINE","pubmed_2026-10-08.nbib","2020","10.1097/bth.0000000000000332","33900059","Fascial Epicondylar Augmentation in Cases of Cubital Tunnel Syndrome With Ulnar Nerve Instability."
"R00419","418","first","Europe PMC","europepmc_2026-10-08.csv","2022","10.13107/jocr.2022.v12.i02.2686","36199732","Lunate Dislocation with Flexor Pollicis Longus Avulsion, and Thumb Collateral Ligament Injury: A Case Report."
"R00419","798","pmid","PubMed/MEDLINE","pubmed_2026-10-08.nbib","2022","10.13107/jocr.2022.v12.i02.2686","36199732","Lunate Dislocation with Flexor Pollicis Longus Avulsion, and Thumb Collateral Ligament Injury: A Case Report."
"R00420","419","first","Europe PMC","europepmc_2026-10-08.csv","2022","10.1055/s-0042-1744384","36504528","Proximal Trapezoidectomy and Scaphotrapezoid Joint Tendon Interposition at the Time of Ligament Reconstruction and Tendon Interposition for Pan Trapezial Osteoarthritis Does Not Increase Proximal Carpal Row Malalignment."
"R00420","783","pmid","PubMed/MEDLINE","pubmed_2026-10-08.nbib","2022","10.1055/s-0042-1744384","36504528","Proximal Trapezoidectomy and Scaphotrapezoid Joint Tendon Interposition at the Time of Ligament Reconstruction and Tendon Interposition for Pan Trapezial Osteoarthritis Does Not Increase Proximal Carpal Row Malalignment."
"R00422","421","first","Europe PMC","europepmc_2026-10-08.csv","2022","10.1055/s-0041-1740130","34905783","Free Medial Femoral Condyle Flap for Reconstruction of Scaphoid Nonunion: A Systematic Review."
"R00422","854","pmid","PubMed/MEDLINE","pubmed_2026-10-08.nbib","2022","10.1055/s-0041-1740130","34905783","Free Medial Femoral Condyle Flap for Reconstruction of Scaphoid Nonunion: A Systematic Review."
"R00423","422","first","Europe PMC","europepmc_2026-10-08.csv","2020","10.1016/j.otsr.2020.03.041","33082121","Stabilization of the distal radioulnar joint by reconstructing the interosseous membrane's distal oblique bundle: Cadaver study."
"R00423","938","pmid","PubMed/MEDLINE","pubmed_2026-10-08.nbib","2020","10.1016/j.otsr.2020.03.041","33082121","Stabilization of the distal radioulnar joint by reconstructing the interosseous membrane's distal oblique bundle: Cadaver study."
"R00424","423","first","Europe PMC","europepmc_2026-10-08.csv","2022","10.1016/j.arthro.2022.01.019","35501013","Editorial Commentary: Arthroscopic Capsular Repair of Wrist Triangular Fibrocartilage Complex Tears: Beware That Apparent Isolated Atzei Class 1 (Isolated Distal Component) Tears May Include a Proximal Component."
"R00424","823","pmid","PubMed/MEDLINE","pubmed_2026-10-08.nbib","2022","10.1016/j.arthro.2022.01.019","35501013","Editorial Commentary: Arthroscopic Capsular Repair of Wrist Triangular Fibrocartilage Complex Tears: Beware That Apparent Isolated Atzei Class 1 (Isolated Distal Component) Tears May Include a Proximal Component."
"R00425","424","first","Europe PMC","europepmc_2026-10-08.csv","2022","10.1177/17531934211065874","35001678","Arthroscopic transosseous foveal footprint repair of the triangular fibrocartilage complex."
"R00425","848","pmid","PubMed/MEDLINE","pubmed_2026-10-08.nbib","2022","10.1177/17531934211065874","35001678","Arthroscopic transosseous foveal footprint repair of the triangular fibrocartilage complex."
"R00426","425","first","Europe PMC","europepmc_2026-10-08.csv","2022","10.1177/17531934221075921","35102775","Defining trapezial dysplasia - analysis of trapezial inclination in a normal population."
"R00426","843","pmid","PubMed/MEDLINE","pubmed_2026-10-08.nbib","2022","10.1177/17531934221075921","35102775","Defining trapezial dysplasia - analysis of trapezial inclination in a normal population."
"R00427","426","first","Europe PMC","europepmc_2026-10-08.csv","2022","10.2147/orr.s381694","36118013","The Unpredictable Palmaris Longus Tendon Variation in Distal Radio-Ulnar Joint Reconstruction: A Technical Consideration for Undersized Graft."
"R00427","800","pmid","PubMed/MEDLINE","pubmed_2026-10-08.nbib","2022","10.2147/orr.s381694","36118013","The Unpredictable Palmaris Longus Tendon Variation in Distal Radio-Ulnar Joint Reconstruction: A Technical Consideration for Undersized Graft."
"R00428","427","first","Europe PMC","europepmc_2026-10-08.csv","2022","10.1016/j.jneumeth.2022.109724","36207004","Development of a 3D-immunofluorescence analysis for sensory nerve endings in human ligaments."
"R00428","797","pmid","PubMed/MEDLINE","pubmed_2026-10-08.nbib","2022","10.1016/j.jneumeth.2022.109724","36207004","Development of a 3D-immunofluorescence analysis for sensory nerve endings in human ligaments."
"R00429","428","first","Europe PMC","europepmc_2026-10-08.csv","2022","10.1016/j.arthro.2021.12.010","34920003","Functional Outcomes Are Similar After Arthroscopic Capsular Repair of Triangular Fibrocartilage Complex Tears Between Outside-In Technique and All-Inside Technique Using Pre-Tied Suture Device."
"R00429","852","pmid","PubMed/MEDLINE","pubmed_2026-10-08.nbib","2022","10.1016/j.arthro.2021.12.010","34920003","Functional Outcomes Are Similar After Arthroscopic Capsular Repair of Triangular Fibrocartilage Complex Tears Between Outside-In Technique and All-Inside Technique Using Pre-Tied Suture Device."
"R00430","429","first","Europe PMC","europepmc_2026-10-08.csv","2020","10.1097/sap.0000000000002398","32384352","Four-Corner Arthrodesis Versus Proximal Row Carpectomy for Scapholunate Advanced Collapse: A Systematic Literature Review and Meta-analysis."
"R00430","971","pmid","PubMed/MEDLINE","pubmed_2026-10-08.nbib","2020","10.1097/sap.0000000000002398","32384352","Four-Corner Arthrodesis Versus Proximal Row Carpectomy for Scapholunate Advanced Collapse: A Systematic Literature Review and Meta-analysis."
"R00431","430","first","Europe PMC","europepmc_2026-10-08.csv","2020","10.1186/s12891-020-03321-2","32381000","The importance of radial multiplanar reconstructions for assessment of triangular fibrocartilage complex injury in CT arthrography of the wrist."
"R00431","972","pmid","PubMed/MEDLINE","pubmed_2026-10-08.nbib","2020","10.1186/s12891-020-03321-2","32381000","The importance of radial multiplanar reconstructions for assessment of triangular fibrocartilage complex injury in CT arthrography of the wrist."
"R00432","431","first","Europe PMC","europepmc_2026-10-08.csv","2021","10.2106/jbjs.cc.20.00838","34115652","Irreducible Chronic Volar Dislocation of the Distal Radioulnar Joint After Surgery for Distal Radius Fracture: A Case Report."
"R00432","891","pmid","PubMed/MEDLINE","pubmed_2026-10-08.nbib","2021","10.2106/jbjs.cc.20.00838","34115652","Irreducible Chronic Volar Dislocation of the Distal Radioulnar Joint After Surgery for Distal Radius Fracture: A Case Report."
"R00434","433","first","Europe PMC","europepmc_2026-10-08.csv","2021","10.1142/s242483552172019x","34380390","Use of the Extensor Carpi Ulnaris Half-Slip for Treating Chronic Neglected Volar Dislocation of the Distal Radioulnar Joint."
"R00434","878","pmid","PubMed/MEDLINE","pubmed_2026-10-08.nbib","2021","10.1142/s242483552172019x","34380390","Use of the Extensor Carpi Ulnaris Half-Slip for Treating Chronic Neglected Volar Dislocation of the Distal Radioulnar Joint."
"R00435","434","first","Europe PMC","europepmc_2026-10-08.csv","2020","10.1016/j.hcl.2020.07.004","33040956","Chronic Distal Radioulnar Joint Instability."
"R00435","940","pmid","PubMed/MEDLINE","pubmed_2026-10-08.nbib","2020","10.1016/j.hcl.2020.07.004","33040956","Chronic Distal Radioulnar Joint Instability."
"R00436","435","first","Europe PMC","europepmc_2026-10-08.csv","2021","10.1177/1753193420983687","33459140","Arthroscopic dorsal capsulodesis for isolated lunotriquetral interosseous ligament injuries."
"R00436","919","pmid","PubMed/MEDLINE","pubmed_2026-10-08.nbib","2021","10.1177/1753193420983687","33459140","Arthroscopic dorsal capsulodesis for isolated lunotriquetral interosseous ligament injuries."
"R00437","436","first","Europe PMC","europepmc_2026-10-08.csv","2021","10.3390/diagnostics11010110","33445536","Bone Structure Analysis of the Radius Using Ultrahigh Field (7T) MRI: Relevance of Technical Parameters and Comparison with 3T MRI and Radiography."
"R00437","920","pmid","PubMed/MEDLINE","pubmed_2026-10-08.nbib","2021","10.3390/diagnostics11010110","33445536","Bone Structure Analysis of the Radius Using Ultrahigh Field (7T) MRI: Relevance of Technical Parameters and Comparison with 3T MRI and Radiography."
"R00438","437","first","Europe PMC","europepmc_2026-10-08.csv","2020","10.1016/j.hcl.2020.06.002","33040954","Instability in the Setting of Distal Radius Fractures: Diagnosis, Evaluation, and Treatment."
"R00438","942","pmid","PubMed/MEDLINE","pubmed_2026-10-08.nbib","2020","10.1016/j.hcl.2020.06.002","33040954","Instability in the Setting of Distal Radius Fractures: Diagnosis, Evaluation, and Treatment."
"R00439","438","first","Europe PMC","europepmc_2026-10-08.csv","2022","10.1177/1558944720966707","33183074","Extensor Retinaculum Reconstruction of the Distal Radioulnar Joint in Adolescents."
"R00439","934","pmid","PubMed/MEDLINE","pubmed_2026-10-08.nbib","2022","10.1177/1558944720966707","33183074","Extensor Retinaculum Reconstruction of the Distal Radioulnar Joint in Adolescents."
"R00440","439","first","Europe PMC","europepmc_2026-10-08.csv","2021","10.1016/j.arthro.2021.01.019","33485941","Editorial Commentary: Guidelines for Wrist Triangular Fibrocartilage Complex Foveal Tears: A Compass for a Broad Voyage."
"R00440","917","pmid","PubMed/MEDLINE","pubmed_2026-10-08.nbib","2021","10.1016/j.arthro.2021.01.019","33485941","Editorial Commentary: Guidelines for Wrist Triangular Fibrocartilage Complex Foveal Tears: A Compass for a Broad Voyage."
"R00441","440","first","Europe PMC","europepmc_2026-10-08.csv","2021","10.1016/j.jhsa.2021.01.021","33820657","The Combined Procedure of Ulnar Metaphyseal Shortening Osteotomy With Triangular Fibrocartilage Complex Foveal Knotless Repair."
"R00441","904","pmid","PubMed/MEDLINE","pubmed_2026-10-08.nbib","2021","10.1016/j.jhsa.2021.01.021","33820657","The Combined Procedure of Ulnar Metaphyseal Shortening Osteotomy With Triangular Fibrocartilage Complex Foveal Knotless Repair."
"R00442","441","first","Europe PMC","europepmc_2026-10-08.csv","2021","10.1055/s-0041-1729993","34881104","Additive Manufacturing: The Next Generation of Scapholunate Ligament Reconstruction."
"R00442","856","pmid","PubMed/MEDLINE","pubmed_2026-10-08.nbib","2021","10.1055/s-0041-1729993","34881104","Additive Manufacturing: The Next Generation of Scapholunate Ligament Reconstruction."
"R00443","442","first","Europe PMC","europepmc_2026-10-08.csv","2023","10.1016/j.jhsa.2022.03.010","35550309","Foveal Triangular Fibrocartilage Complex Tears: Recognition of a Combined Tear Pattern."
"R00443","822","pmid","PubMed/MEDLINE","pubmed_2026-10-08.nbib","2023","10.1016/j.jhsa.2022.03.010","35550309","Foveal Triangular Fibrocartilage Complex Tears: Recognition of a Combined Tear Pattern."
"R00444","443","first","Europe PMC","europepmc_2026-10-08.csv","2020","10.1007/s00402-020-03371-0","32193678","Distal radioulnar joint instability: current concepts of treatment."
"R00444","976","pmid","PubMed/MEDLINE","pubmed_2026-10-08.nbib","2020","10.1007/s00402-020-03371-0","32193678","Distal radioulnar joint instability: current concepts of treatment."
"R00445","444","first","Europe PMC","europepmc_2026-10-08.csv","2022","10.1097/md.0000000000029479","35713459","Pancarpal dissociation, a very rare type of injury: A case report."
"R00445","817","pmid","PubMed/MEDLINE","pubmed_2026-10-08.nbib","2022","10.1097/md.0000000000029479","35713459","Pancarpal dissociation, a very rare type of injury: A case report."
"R00446","445","first","Europe PMC","europepmc_2026-10-08.csv","2020","10.1055/s-0040-1702929","32509433","Arthroscopic Foveal Reattachment of the Triangular Fibro Cartilaginous Complex."
"R00446","966","pmid","PubMed/MEDLINE","pubmed_2026-10-08.nbib","2020","10.1055/s-0040-1702929","32509433","Arthroscopic Foveal Reattachment of the Triangular Fibro Cartilaginous Complex."
"R00447","446","first","Europe PMC","europepmc_2026-10-08.csv","2021","10.7507/1002-1892.202008004","33624465","[Effectiveness of open reduction and internal fixation for bipolar fracture-dislocation of forearm]."
"R00447","909","pmid","PubMed/MEDLINE","pubmed_2026-10-08.nbib","2021","10.7507/1002-1892.202008004","33624465","[Effectiveness of open reduction and internal fixation for bipolar fracture-dislocation of forearm]."
"R00448","447","first","Europe PMC","europepmc_2026-10-08.csv","2022","10.1007/s00064-022-00765-8","35394136","[Arthroscopic reconstruction of scaphoid nonunions]."
"R00448","830","pmid","PubMed/MEDLINE","pubmed_2026-10-08.nbib","2022","10.1007/s00064-022-00765-8","35394136","[Arthroscopic reconstruction of scaphoid nonunions]."
"R00449","448","first","Europe PMC","europepmc_2026-10-08.csv","2020","10.1016/j.ijscr.2020.07.071","32799053","Wide resection giant cell tumor of distal ulna and stabilization ulnar stump with extensor Carpi ulnaris tendon (2 case reports)."
"R00449","950","pmid","PubMed/MEDLINE","pubmed_2026-10-08.nbib","2020","10.1016/j.ijscr.2020.07.071","32799053","Wide resection giant cell tumor of distal ulna and stabilization ulnar stump with extensor Carpi ulnaris tendon (2 case reports)."
"R00450","449","first","Europe PMC","europepmc_2026-10-08.csv","2023","10.1016/j.jhsa.2021.12.014","35210144","Distal Radioulnar Achilles Allograft Interposition Arthroplasty: Does It Solve the Problem of Persistent Pain?"
"R00450","834","pmid","PubMed/MEDLINE","pubmed_2026-10-08.nbib","2023","10.1016/j.jhsa.2021.12.014","35210144","Distal Radioulnar Achilles Allograft Interposition Arthroplasty: Does It Solve the Problem of Persistent Pain?"
"R00451","450","first","Europe PMC","europepmc_2026-10-08.csv","2020","10.1016/j.jhsa.2020.03.005","32312541","Wrist Arthrodesis and Osteoarticular Reconstruction in Giant Cell Tumor of the Distal Radius."
"R00451","974","pmid","PubMed/MEDLINE","pubmed_2026-10-08.nbib","2020","10.1016/j.jhsa.2020.03.005","32312541","Wrist Arthrodesis and Osteoarticular Reconstruction in Giant Cell Tumor of the Distal Radius."
"R00452","451","first","Europe PMC","europepmc_2026-10-08.csv","2022","10.1016/j.arthro.2021.11.047","34906676","Arthroscopic Foveal Repair of the Triangular Fibrocartilage Complex Improved the Clinical Outcomes in Patients With Persistent Symptomatic Distal Radio-Ulnar Joint Instability After Plate Fixation of Distal Radius Fractures: Minimum 2-Year Follow-Up."
"R00452","853","pmid","PubMed/MEDLINE","pubmed_2026-10-08.nbib","2022","10.1016/j.arthro.2021.11.047","34906676","Arthroscopic Foveal Repair of the Triangular Fibrocartilage Complex Improved the Clinical Outcomes in Patients With Persistent Symptomatic Distal Radio-Ulnar Joint Instability After Plate Fixation of Distal Radius Fractures: Minimum 2-Year Follow-Up."
"R00453","452","first","Europe PMC","europepmc_2026-10-08.csv","2021","10.1016/j.hansur.2020.11.008","33486105","Autologous chondrocyte transplantation in the treatment of thumb CMC joint osteoarthritis."
"R00453","916","pmid","PubMed/MEDLINE","pubmed_2026-10-08.nbib","2021","10.1016/j.hansur.2020.11.008","33486105","Autologous chondrocyte transplantation in the treatment of thumb CMC joint osteoarthritis."
"R00454","453","first","Europe PMC","europepmc_2026-10-08.csv","1993","","23844448","Mucopolysaccharidosis Type IVA"
"R00454","888","pmid","PubMed/MEDLINE","pubmed_2026-10-08.nbib","1993","","23844448","Mucopolysaccharidosis Type IVA."
"R00455","454","first","Europe PMC","europepmc_2026-10-08.csv","2021","10.1055/s-0040-1721140","34109070","Arthroscopic Capsular Repair for Triangular Fibrocartilage Complex Tears."
"R00455","892","pmid","PubMed/MEDLINE","pubmed_2026-10-08.nbib","2021","10.1055/s-0040-1721140","34109070","Arthroscopic Capsular Repair for Triangular Fibrocartilage Complex Tears."
"R00456","455","first","Europe PMC","europepmc_2026-10-08.csv","2021","10.1007/s00256-020-03580-z","32803375","Dual-energy CT collagen density mapping of wrist ligaments reveals tissue remodeling in CPPD patients: first results from a clinical cohort."
"R00456","949","pmid","PubMed/MEDLINE","pubmed_2026-10-08.nbib","2021","10.1007/s00256-020-03580-z","32803375","Dual-energy CT collagen density mapping of wrist ligaments reveals tissue remodeling in CPPD patients: first results from a clinical cohort."
"R00457","456","first","Europe PMC","europepmc_2026-10-08.csv","2020","10.1055/s-0040-1718789","33335366","Ligament Reconstruction of Traumatic Pure Dislocation of Carpometacarpal Joint of the Thumb: A Series of Acute and Chronic Cases."
"R00457","926","pmid","PubMed/MEDLINE","pubmed_2026-10-08.nbib","2020","10.1055/s-0040-1718789","33335366","Ligament Reconstruction of Traumatic Pure Dislocation of Carpometacarpal Joint of the Thumb: A Series of Acute and Chronic Cases."
"R00458","457","first","Europe PMC","europepmc_2026-10-08.csv","2020","10.1186/s40634-020-00291-1","32990809","Radioulnar joint reconstruction: a novel surgical technique and biomechanical assessment for chronic instability."
"R00458","944","pmid","PubMed/MEDLINE","pubmed_2026-10-08.nbib","2020","10.1186/s40634-020-00291-1","32990809","Radioulnar joint reconstruction: a novel surgical technique and biomechanical assessment for chronic instability."
"R00459","458","first","Europe PMC","europepmc_2026-10-08.csv","2021","10.2106/jbjs.st.19.00054","34123554","Proximal Row Carpectomy in Young Patients."
"R00459","889","pmid","PubMed/MEDLINE","pubmed_2026-10-08.nbib","2021","10.2106/jbjs.st.19.00054","34123554","Proximal Row Carpectomy in Young Patients."
"R00460","459","first","Europe PMC","europepmc_2026-10-08.csv","2021","10.5606/ehc.2021.74838","33463417","Treatment of acute perilunate dislocation or fracture dislocation using dorsal approach and diamond-shaped Kirschner-wire fixation."
"R00460","918","pmid","PubMed/MEDLINE","pubmed_2026-10-08.nbib","2021","10.5606/ehc.2021.74838","33463417","Treatment of acute perilunate dislocation or fracture dislocation using dorsal approach and diamond-shaped Kirschner-wire fixation."
"R00461","460","first","Europe PMC","europepmc_2026-10-08.csv","2021","10.1016/j.jhsg.2021.02.005","35415552","Management of Acute Distal Radioulnar Joint Instability Following a Distal Radius Fracture: A Systematic Review and Meta-Analysis."
"R00461","827","pmid","PubMed/MEDLINE","pubmed_2026-10-08.nbib","2021","10.1016/j.jhsg.2021.02.005","35415552","Management of Acute Distal Radioulnar Joint Instability Following a Distal Radius Fracture: A Systematic Review and Meta-Analysis."
"R00462","461","first","Europe PMC","europepmc_2026-10-08.csv","2021","10.1016/j.jhsa.2020.10.014","33257054","Reconstruction of the Proximal Scaphoid With a Medial Femoral Trochlea Osteochondral Graft: Minimum 2-Year Results."
"R00462","929","pmid","PubMed/MEDLINE","pubmed_2026-10-08.nbib","2021","10.1016/j.jhsa.2020.10.014","33257054","Reconstruction of the Proximal Scaphoid With a Medial Femoral Trochlea Osteochondral Graft: Minimum 2-Year Results."
"R00463","462","first","Europe PMC","europepmc_2026-10-08.csv","2021","10.1055/s-0040-1721410","33815950","Delayed Presentation of Unstable Triangular Fibrocartilage Complex Tears Treated with Volar Foveal Ligament Repair."
"R00463","906","pmid","PubMed/MEDLINE","pubmed_2026-10-08.nbib","2021","10.1055/s-0040-1721410","33815950","Delayed Presentation of Unstable Triangular Fibrocartilage Complex Tears Treated with Volar Foveal Ligament Repair."
"R00464","463","first","Europe PMC","europepmc_2026-10-08.csv","2020","10.1186/s13018-020-01795-3","32693819","Surgical management of ulnar styloid fractures: comparison of fixation with anchor suture and tension band wire."
"R00464","958","pmid","PubMed/MEDLINE","pubmed_2026-10-08.nbib","2020","10.1186/s13018-020-01795-3","32693819","Surgical management of ulnar styloid fractures: comparison of fixation with anchor suture and tension band wire."
"R00465","464","first","Europe PMC","europepmc_2026-10-08.csv","2020","10.1177/1941738119887396","31916920","A Comparison of Physical Therapy Protocols Between Open Latarjet Coracoid Transfer and Arthroscopic Bankart Repair."
"R00465","983","pmid","PubMed/MEDLINE","pubmed_2026-10-08.nbib","2020","10.1177/1941738119887396","31916920","A Comparison of Physical Therapy Protocols Between Open Latarjet Coracoid Transfer and Arthroscopic Bankart Repair."
"R00466","465","first","Europe PMC","europepmc_2026-10-08.csv","2021","10.1097/corr.0000000000001604","33399403","Does a Modified Technique to Achieve Arthrodesis of the Wrist After Resection of the Distal Radius and Translocating the Ipsilateral Ulna as a Vascularized Graft to Reconstruct the Defect Improve Grip Strength and Outcomes Scores?"
"R00466","923","pmid","PubMed/MEDLINE","pubmed_2026-10-08.nbib","2021","10.1097/corr.0000000000001604","33399403","Does a Modified Technique to Achieve Arthrodesis of the Wrist After Resection of the Distal Radius and Translocating the Ipsilateral Ulna as a Vascularized Graft to Reconstruct the Defect Improve Grip Strength and Outcomes Scores?"
