id,decision_finale,code,raison,decide_par,relecteur_A,raison_A,relecteur_B,raison_B,premier_auteur,annee,titre,revue,doi,pmid
R00001,exclude,E2,"Finite element biomechanical model, not clinical",A+B,exclude,"Finite element biomechanical model, not clinical",exclude,"Finite element biomechanical model, not clinical",Alonso-Rasgado MT,2026,Biomechanical comparison of scapholunate reconstruction techniques in a type II wrist model.,Hand surgery & rehabilitation,10.1016/j.hansur.2026.102759,42612822
R00002,include,INC,"SLIC 2 ligamentoplasty case series, 7 patients, clinical outcomes",A+B,include,"SLIC 2 ligamentoplasty case series, 7 patients, clinical outcomes",include,"SLIC 2 ligamentoplasty case series, 7 patients, clinical outcomes",Dubian MR,2026,Long-term outcomes of SLIC 2 ligamentoplasty for chronic static scapholunate dissociation: a minimum 5-year follow-up study.,Journal of hand and microsurgery,10.1016/j.jham.2026.100493,42662883
R00003,exclude,E1,Systematic review of cadaveric studies,A+B,exclude,Systematic review of cadaveric studies,exclude,Systematic review of cadaveric studies,Andrews J,2026,Primary and secondary stabilizers of the scapholunate joint: a systematic review of cadaveric ligament sectioning studies.,"The Journal of hand surgery, European volume",10.1177/17531934261466074,42487483
R00004,exclude,E1,Narrative review of arthroscopic treatment,A+B,exclude,Narrative review of arthroscopic treatment,exclude,Narrative review,and ligamentoplasty,,Arthroscopic Treatment of Scapholunate Instability: A Stage- and Ligament-Based Narrative Review.,capsulodesis,,
R00005,exclude,E2,Cadaveric biomechanical study,A+B,exclude,Cadaveric biomechanical study,exclude,Cadaveric biomechanical study,Bergen MA,2026,Scapholunate Ligament Reconstruction with Suture Augmentation: a Biomechanical Analysis.,The Journal of hand surgery,10.1016/j.jhsa.2025.12.024,41762192
R00006,exclude,E1,"Single case report, scaphoid nonunion",A+B,exclude,"Single case report, scaphoid nonunion",exclude,"Single case report, scaphoid nonunion",Schmitt S,2025,Scaphoid nonunion in the presence of a Scapho-Lunate coalition: a rare case report.,Archives of orthopaedic and trauma surgery,10.1007/s00402-025-06113-2,41359077
R00007,include,INC,"12 patients, ECRB autograft plus internal brace, outcomes",A+B,include,"12 patients, ECRB autograft plus internal brace, outcomes",include,"Prospective 12 patients, ECRB graft with internal brace, outcomes",Mylonas T,2026,Mid-term outcomes of scapholunate ligament reconstruction with internal brace augmentation.,"The Journal of hand surgery, European volume",10.1177/17531934251403421,41355139
R00008,exclude,E1,Systematic review of tenodesis techniques,A+B,exclude,Systematic review of tenodesis techniques,exclude,Systematic review,Goeminne S,2025,Treatment of Chronic Scapholunate Dissociation with FCR Tenodesis: A Systematic Review of the Results of MBT and 3LT Technique.,Journal of wrist surgery,10.1055/s-0044-1793840,40395821
R00009,exclude,E4,"Weight-bearing CT imaging study, no surgical repair",A+B,exclude,"Weight-bearing CT imaging study, no surgical repair",exclude,"Weight-bearing CT imaging study, no surgical treatment",Ritchie B,2025,Weight-Bearing Computed Tomography Analysis of Scapholunate Ligament Injury.,The Journal of hand surgery,10.1016/j.jhsa.2025.07.022,40944679
R00010,exclude,E1,Review of tenodesis complications,A+B,exclude,Review of tenodesis complications,exclude,Narrative review of complications,Räisänen MP,2025,Challenges and complications of trans-osseous carpal tenodesis for scapholunate ligament tears.,Journal of hand and microsurgery,10.1016/j.jham.2025.100338,40895176
R00011,exclude,E2,Cadaveric kinematics study,A+B,exclude,Cadaveric kinematics study,exclude,Cadaveric kinematics study,Zhang X,2025,"Carpal Kinematics in the Normal, Scapholunate Ligament Deficient, and Surgically Reconstructed Wrist.",Journal of orthopaedic research : official publication of the Orthopaedic Research Society,10.1002/jor.26049,39893567
R00012,exclude,E9,"Radiographic risk-factor case-control, no postoperative outcomes",A+B,exclude,"Radiographic risk-factor case-control, no postoperative outcomes",exclude,"Preoperative radiographic risk-factor study, no postoperative outcomes",Eravsar E,2025,Do wrist anatomical differences predispose to scapholunate ligament injury? A case-control radiographic study.,Journal of orthopaedic surgery and research,10.1186/s13018-025-06296-9,40983967
R00013,exclude,E1,Case report of one patient,A+B,exclude,Case report of one patient,exclude,Single case report,Kim E,2026,Isolated Volar Scapholunate Ligament Tear Treated with Palmaris Longus Tenodesis.,Journal of wrist surgery,10.1055/a-2772-1406,42787900
R00014,exclude,E1,Technique note without patient outcomes,A+B,exclude,Technique note without patient outcomes,exclude,"Surgical technique note, no patient outcomes",Kakar S,2025,Minimally Invasive Radiolunate Imbrication Neutralization (MIRLIN) Procedure.,The Journal of hand surgery,10.1016/j.jhsa.2024.10.019,39674944
R00015,include,INC,"SLICL ligamentoplasty, 29 patients, clinical and radiological outcomes",A+B,include,"SLICL ligamentoplasty, 29 patients, clinical and radiological outcomes",include,"SLICL ligamentoplasty, 29 patients, clinical and radiological outcomes",Athlani L,2024,"Clinical, radiological and dynamic CT results of scapholunate intercarpal ligamentoplasty for scapholunate dissociation.",Hand surgery & rehabilitation,10.1016/j.hansur.2024.101762,39127156
R00016,exclude,E2,Cadaveric contact pressure study,A+B,exclude,Cadaveric contact pressure study,exclude,"Cadaveric pressure study, scaphoid nonunion context",Tuggle CT,2026,The Effect of Scaphoid Overstuffing on Radiocarpal Contact Pressures.,"Hand (New York, N.Y.)",10.1177/15589447251395094,41904622
R00017,exclude,E3,"Nontraumatic midcarpal instability, not SL ligament injury",A+B,exclude,"Nontraumatic midcarpal instability, not SL ligament injury",exclude,"Midcarpal instability, not SL ligament injury",Jongen IC,2025,Long-Term Surgical Outcomes of Dorsal Capsulodesis and Three-Ligament Tenodesis in Midcarpal Instability: A Mean Follow-Up of 8 Years.,The Journal of hand surgery,10.1016/j.jhsa.2025.07.037,40975829
R00018,exclude,E2,Cadaveric biomechanical study,A+B,exclude,Cadaveric biomechanical study,exclude,Cadaveric biomechanical study,Rahman R,2026,"Biomechanics of a Scapholunate Bridge Augmentation Technique Using All-Suture, Knotless Anchors.",The Journal of hand surgery,10.1016/j.jhsa.2026.01.025,41823917
R00019,exclude,E1,Narrative review of arthroscopic treatment,A+B,exclude,Narrative review of arthroscopic treatment,exclude,Narrative review (German),Bo C,2026,"[Arthroscopic treatment of scapholunate injuries : Diagnosis, classification, and the 4R algorithm].","Orthopadie (Heidelberg, Germany)",10.1007/s00132-026-04821-0,41989552
R00020,exclude,E2,Cadaveric biomechanical comparison,A+B,exclude,Cadaveric biomechanical comparison,exclude,Cadaveric biomechanical comparison,Pilla NI,2025,A Biomechanical Comparison of Three Current Scapholunate Reconstruction Methods.,Journal of hand surgery global online,10.1016/j.jhsg.2025.01.010,40496408
R00021,include,INC,"53 patients, 360-degree SL reconstruction, patient-reported outcomes",A+B,include,"53 patients, 360-degree SL reconstruction, patient-reported outcomes",include,"360° SL reconstruction, 53 patients, patient-reported outcomes",Zander M,2026,Radiographic alignment is not associated with patient-reported symptoms after 360° scapholunate ligament reconstruction.,"The Journal of hand surgery, European volume",10.1177/17531934261464770,42433044
R00022,exclude,E1,"Single case report, capitate fracture",A+B,exclude,"Single case report, capitate fracture",exclude,"Single case report, capitate fracture",Cruz LR,2026,Capitate Fracture with Scapholunate Ligament Rupture: A Case Report.,Malaysian orthopaedic journal,10.5704/moj.2603.023,42078979
R00023,exclude,E2,Cadaveric biomechanical study,A+B,exclude,Cadaveric biomechanical study,exclude,Cadaveric biomechanical study,Park IJ,2023,Biomechanical Comparisons of Different Reconstructive Techniques for Scapholunate Dissociation: A Cadaveric Study.,"Bioengineering (Basel, Switzerland)",10.3390/bioengineering10111310,38002435
R00024,include,INC,"13 patients, SLIL repair with internal brace, outcomes",A+B,include,"13 patients, SLIL repair with internal brace, outcomes",include,"SLIL repair with internal brace, 13 patients, outcomes",Wu M,2024,Preliminary Outcomes of Scapholunate Ligament Augmentation with Internal Brace Technique.,Journal of hand surgery global online,10.1016/j.jhsg.2023.11.003,38903845
R00025,include,INC,"8 patients, arthroscopic SLIL repair, outcomes reported",A+B,include,"8 patients, arthroscopic SLIL repair, outcomes reported",include,"Arthroscopic SL repair case series, 8 patients, outcomes",Chambers SB,2026,Volar-Dorsal Arthroscopic Repair for Scapholunate Ligament Injuries: A Case Series and Treatment Algorithm.,Journal of wrist surgery,10.1055/a-2662-1273,41869482
R00026,include,INC,"31 patients, all-dorsal SL reconstruction, outcomes",A+B,include,"31 patients, all-dorsal SL reconstruction, outcomes",include,"All-dorsal SL reconstruction, 31 patients, outcomes",Nguyen CT,2026,Functional and radiological outcomes of the all-dorsal technique for scapholunate ligament reconstruction.,"The Journal of hand surgery, European volume",10.1177/17531934261428319,41808659
R00027,exclude,E2,Cadaveric internal brace biomechanics despite review label,A+B,exclude,Cadaveric internal brace biomechanics despite review label,exclude,Cadaveric biomechanical study despite review label,Gomez Rodriguez GL,2025,Stabilization of the scapholunate interval with interference fit screws: How to do it safely.,Journal of hand and microsurgery,10.1016/j.jham.2025.100288,40529385
R00028,exclude,E3,"Adolescent scaphoid nonunion, not SL injury",A+B,exclude,"Adolescent scaphoid nonunion, not SL injury",exclude,"Adolescent scaphoid nonunion, not SL injury",Rupp GE,2026,Outcomes of Distal Radius Autograft in Adolescent Scaphoid Nonunion Repair.,Journal of pediatric orthopedics,10.1097/bpo.0000000000003409,42438053
R00029,exclude,E1,"Single case report, radiocarpal dislocation",A+B,exclude,"Single case report, radiocarpal dislocation",exclude,"Single case report, radiocarpal dislocation",Ramji M,2026,Radiocarpal Dislocation With Isolated Ulnar Translocation: Case Report and Review of the Literature.,Case reports in orthopedics,10.1155/cro/8733635,42370074
R00030,exclude,E1,Surgical technique description without patient outcomes,A+B,exclude,Surgical technique description without patient outcomes,exclude,"Arthroscopic technique description, no patient outcomes",Chambers SB,2025,Arthroscopic Graft Reconstruction for Nonrepairable Scapholunate Ligament Injuries.,Arthroscopy techniques,10.1016/j.eats.2025.103820,41220649
R00031,exclude,E1,Narrative state-of-the-art review,A+B,exclude,Narrative state-of-the-art review,exclude,Narrative state-of-the-art review,Matar DY,2026,State of the Art: Scapholunate Ligament Injuries.,"Handchirurgie, Mikrochirurgie, plastische Chirurgie : Organ der Deutschsprachigen Arbeitsgemeinschaft fur Handchirurgie : Organ der Deutschsprachigen Arbeitsgemeinschaft fur Mikrochirurgie der Peripheren Nerven und Gefasse : Organ der V...",10.1055/a-2807-3475,42114702
R00032,exclude,E1,Scoping review,A+B,exclude,Scoping review,exclude,Scoping review,Lam C,2026,Scoping review of recent publications in surgical treatment of chronic high-grade scapholunate injury.,"The Journal of hand surgery, European volume",10.1177/17531934261425163,41816849
R00033,exclude,E3,"Nontraumatic midcarpal instability, not SL injury",A+B,exclude,"Nontraumatic midcarpal instability, not SL injury",exclude,"Nontraumatic midcarpal instability, not SL ligament injury",Hakkesteegt SN,2025,Surgical Techniques in Nontraumatic Midcarpal Instability: Evaluating the Dorsal Capsulodesis and 3-Ligament Tenodesis Technique.,Plastic and reconstructive surgery,10.1097/prs.0000000000011489,38652927
R00034,include,INC,"20 patients, ANAFAB reconstruction, PROMs and radiographs",A+B,include,"20 patients, ANAFAB reconstruction, PROMs and radiographs",include,"ANAFAB reconstruction, 20 patients, PROMs and radiographs",Haeberle HS,2024,One-Year Outcomes of the Anatomical Front and Back Reconstruction for Scapholunate Dissociation.,The Journal of hand surgery,10.1016/j.jhsa.2023.12.012,38244024
R00035,exclude,E1,Narrative review,A+B,exclude,Narrative review,exclude,Narrative review,Abola MV,2025,Scapholunate ligament injuries in the nonarthritic wrist.,Bulletin of the Hospital for Joint Disease (2013),10.1097/bh9.0000000000000002,41637588
R00036,exclude,E1,Surgical technique note without patient outcomes,A+B,exclude,Surgical technique note without patient outcomes,exclude,"Surgical technique note, no patient outcomes",38357468,,Perilunate Dislocations: Reduction and Stabilization.,10.2106/jbjs.st.23.00031,,
R00037,include,INC,"17 patients, internal brace SL reconstruction, clinical follow-up",A+B,include,"17 patients, internal brace SL reconstruction, clinical follow-up",include,"Internal brace SL reconstruction, 17 patients, follow-up outcomes",An YS,2024,Scapholunate Ligament Reconstruction With Internal Brace Augmentation Techniques for Chronic Scapholunate Dissociation: A Clinical Follow-up Study.,Annals of plastic surgery,10.1097/sap.0000000000003942,38775363
R00038,exclude,E1,"Single case report, ulnar neuroma",A+B,exclude,"Single case report, ulnar neuroma",exclude,"Single case report, ulnar neuroma",Lim QX,2026,Ulnar Neuroma-in-Continuity Following Distal Radius Fracture: A Rare Complication Requiring Reconstruction with Nerve Allograft and Dynamic Tendon Transfer.,Journal of hand surgery global online,10.1016/j.jhsg.2026.101074,42404099
R00039,exclude,E1,"Video technique article, no patient outcomes",A+B,exclude,"Video technique article, no patient outcomes",exclude,"Video technique article, no patient cohort",Lee DH,2023,Modified Brunelli Reconstruction for Scapholunate Ligament Dissociation.,JBJS essential surgical techniques,10.2106/jbjs.st.23.00028,38357471
R00040,exclude,E2,Cadaveric biomechanical RASL study,A+B,exclude,Cadaveric biomechanical RASL study,exclude,Cadaveric biomechanical study of RASL,Awah CE,2026,"Evaluation of the Reduction and Association of the Scaphoid, Capitate, and Lunate Procedure: A Biomechanical Analysis.","Hand (New York, N.Y.)",10.1177/15589447251387286,41310960
R00041,exclude,E2,Cadaveric anatomy study of dorsal intercarpal ligament,A+B,exclude,Cadaveric anatomy study of dorsal intercarpal ligament,exclude,Cadaveric anatomy study of DIC ligament,Reina M,2025,Spectrum of insertion patterns of the dorsal intercarpal ligament: findings from a cadaveric study.,European journal of orthopaedic surgery & traumatology : orthopedie traumatologie,10.1007/s00590-025-04543-7,41085717
R00042,exclude,E1,"Surgical technique note, no patient outcomes",A+B,exclude,"Surgical technique note, no patient outcomes",exclude,"Surgical technique note, no patient outcomes",Zhang C,2026,A New Arthroscopic One-Needle-One-Suture Repair Technique for Scapholunate Instability.,The journal of hand surgery Asian-Pacific volume,10.1142/s2424835526970015,41508624
R00043,include,INC,"18 patients, all-dorsal SL reconstruction, mid-term PROMs",A+B,include,"18 patients, all-dorsal SL reconstruction, mid-term PROMs",include,"18 patients, all-dorsal SL reconstruction, mid-term outcomes",Goorens CK,2025,Mid-term Outcome of the All-Dorsal Augmented Scapholunate Ligament Reconstruction for Chronic Scapholunate Instability.,"Hand (New York, N.Y.)",10.1177/15589447251391375,41320965
R00044,exclude,E1,Single case report,A+B,exclude,Single case report,exclude,Single case report,Gillis JW,2026,Arthroscopic Volar-Dorsal Scapholunate and Lunotriquetral Ligament Capsulorrhaphy for Midcarpal Instability: A Case Report.,JBJS case connector,10.2106/jbjs.cc.25.00219,41538423
R00045,exclude,E1,"Single case report, hamate metastasis",A+B,exclude,"Single case report, hamate metastasis",exclude,"Single case report, hamate metastasis",Serin A,2026,Renal Cell Carcinoma Metastasis to the Hamate Bone: A Case Report.,Case reports in orthopedics,10.1155/cro/6146000,42326476
R00046,exclude,E1,Single case report,A+B,exclude,Single case report,exclude,Single case report,S V,2024,Scapholunate Ligament Rupture and Coincident Fracture Proximal Pole Scaphoid Presenting Late with Osteonecrosis: A Rare Case Report with Unique Management.,JBJS case connector,10.2106/jbjs.cc.23.00371,38181109
R00047,exclude,E2,Cadaveric biomechanical comparison,A+B,exclude,Cadaveric biomechanical comparison,exclude,Cadaveric biomechanical comparison,Burnier M,2021,Comparative Analysis of 3 Techniques of Scapholunate Reconstruction for Dorsal Intercalated Segment Instability.,The Journal of hand surgery,10.1016/j.jhsa.2021.05.030,34332817
R00048,exclude,E3,"Distal radius fracture volar carpal instability, not SL injury",A+B,exclude,"Distal radius fracture volar carpal instability, not SL injury",exclude,"Distal radius fracture volar carpal instability, not SL injury",Gavaskar AS,2026,Volar marginal fragment escape in distal radius fractures. Results of salvage with a volar open wedge articular reorientation osteotomy.,Injury,10.1016/j.injury.2026.113444,42296625
R00049,include,INC,"9 patients, SL reconstruction with tendon graft and suture tape",A+B,include,"9 patients, SL reconstruction with tendon graft and suture tape",include,"9 patients, suture-tape tendon graft SL reconstruction outcomes",Park HY,2024,Dorsal Scapholunate Ligament Complex Reconstruction Using Suture Tape-Augmented Autologous Free Tendon Graft for Chronic Scapholunate Dissociation.,Clinics in orthopedic surgery,10.4055/cios24032,39364099
R00050,include,INC,"12 patients, arthroscopic SL ligamentoplasty with outcomes",A+B,include,"12 patients, arthroscopic SL ligamentoplasty with outcomes",include,"12 patients, arthroscopic SL ligamentoplasty outcomes",Ribolzi RR,2026,Early Results of All-Dorsal Arthroscopic Scapholunate Ligamentoplasty.,Journal of wrist surgery,10.1055/a-2511-3111,41574154
R00051,exclude,E1,Systematic review,A+B,exclude,Systematic review,exclude,Systematic review,Glévarec L,2026,Scapholunate Injuries in the Context of Acute Scaphoid Fractures: A Systematic Literature Review.,"Hand (New York, N.Y.)",10.1177/15589447261430936,41933503
R00052,exclude,E1,"Single case report, osteosarcoma",A+B,exclude,"Single case report, osteosarcoma",exclude,"Single case report, osteosarcoma",Sasaki N,2022,Fibulo-Scapho-Lunate Arthrodesis With Free Vascularized Fibular Graft for a Japanese Kyudo Archer With Osteosarcoma of the Left Distal Radius: A Case Report.,Cancer diagnosis & prognosis,10.21873/cdp.10132,35813006
R00053,exclude,E2,Cadaveric biomechanical study,A+B,exclude,Cadaveric biomechanical study,exclude,Cadaveric biomechanical study,Quinn ARJ,2025,Robotic evaluation of a 3D-printed scaffold for reconstruction of scapholunate interosseous ligament rupture: a biomechanical cadaveric study.,PeerJ,10.7717/peerj.19766,40860661
R00054,include,INC,"25 patients, RASL versus internal brace SL reconstruction outcomes",A+B,include,"25 patients, RASL versus internal brace SL reconstruction outcomes",include,"25 patients, RASL vs internal brace SL reconstruction outcomes",Richardson M,2026,Reduction and Association of the Scaphoid and Lunate Versus Internal Brace for Scapholunate Ligament Reconstruction.,"Hand (New York, N.Y.)",10.1177/15589447251414125,41693149
R00055,exclude,E1,Literature review,A+B,exclude,Literature review,exclude,Literature review,DE Schepper T,2024,Surgical repair of posttraumatic injuries of the scapholunate ligament: A literature study.,Acta orthopaedica Belgica,10.52628/90.2.12790,39440500
R00056,exclude,E1,Systematic review and meta-analysis,A+B,exclude,Systematic review and meta-analysis,exclude,Systematic review and meta-analysis,Amer KM,2023,Comparison of Treatment Options for Chronic Scapholunate Interosseous Ligament (SLIL): A Systematic Literature Review and Meta-Analysis.,Eplasty,,37465482
R00057,exclude,E1,Systematic review,A+B,exclude,Systematic review,exclude,Systematic review,Terras C,2025,Comparing outcomes of dorsal capsulodesis techniques for chronic (pre-)dynamic scapholunate interosseus ligament tear repair: A systematic review.,Acta orthopaedica Belgica,10.52628/91.2.14437,40878732
R00058,include,INC,"146 patients, 3-ligament tenodesis for SL injury, PRWE outcomes",A+B,include,"146 patients, 3-ligament tenodesis for SL injury, PRWE outcomes",include,"3-ligament tenodesis cohort for SL injury, PRWE outcomes",Dullemans KN,2024,Reconstruction of an Early-Stage Scapholunate Advanced Collapse Wrist with the 3-Ligament Tenodesis Procedure: A Controversial Reappraisal.,Plastic and reconstructive surgery,10.1097/prs.0000000000011290,38232221
R00059,exclude,E1,Single case report of muscle variant,A+B,exclude,Single case report of muscle variant,exclude,"Single case report, anatomical muscle variant",Vaghela KR,2021,Finger abduction as a novel function of the extensor digitorum brevis manus muscle.,Surgical and radiologic anatomy : SRA,10.1007/s00276-021-02770-1,34121145
R00060,exclude,E2,Cadaveric biomechanical study,A+B,exclude,Cadaveric biomechanical study,exclude,Cadaveric biomechanical study,Park IJ,2021,Comparison of Three Different Internal Brace Augmentation Techniques for Scapholunate Dissociation: A Cadaveric Biomechanical Study.,Journal of clinical medicine,10.3390/jcm10071482,33918435
R00061,exclude,E2,Cadaveric biomechanical study,A+B,exclude,Cadaveric biomechanical study,exclude,Cadaveric biomechanical study,Chae S,2022,Biomechanical Analysis of Three Different Reconstruction Techniques for Scapholunate Instability: A Cadaveric Study.,Clinics in orthopedic surgery,10.4055/cios22070,36518934
R00062,exclude,E3,"ECU tendon instability, not SL ligament injury",A+B,exclude,"ECU tendon instability, not SL ligament injury",exclude,"ECU tendon instability, not SL ligament injury",Patient-Rated Wrist Evaluation (PRWE,,ECU Instability with Longitudinal Interfascicular Separation: Outcomes of Repair and Reconstruction with a Retrograde Posterior Interosseous Artery Fascial Flap.,Shoulder and Hand (DASH) scores (71.9%),,
R00063,exclude,E1,"Surgical technique description, no patient outcomes",A+B,exclude,"Surgical technique description, no patient outcomes",exclude,"Arthroscopic technique description, no patient outcomes evident",including those that take a wider bite incorporating capsule from the mid-carpal joint as well as augmentations with capsuloligamentous imbrications,,Midcarpal Ultra-wide Scapholunotriquetral Capsulo-ligamentoplasty (MUSCL) Procedure.,respectively ( <i>p</i>  = 0.18). A significant improvement of 35.19 points was noted in mean QuickDASH score post-surgery ( <i>p</i>  < 0.001).<h4>Literature review</h4>Several modifications of the ADCLR exist,,
R00064,exclude,E2,Cadaveric morphometric study,A+B,exclude,Cadaveric morphometric study,exclude,Cadaveric morphometric study,Adeodato SC,2026,Asymmetry of the Intrinsic Scapholunate Articular Facets: A Cadaveric Morphometric Analysis.,"Hand (New York, N.Y.)",10.1177/15589447261469596,42592711
R00065,exclude,E1,Systematic review and meta-analysis,A+B,exclude,Systematic review and meta-analysis,exclude,Systematic review and meta-analysis,Rojer LA,2026,Arthroscopic treatment of scapholunate interosseous ligament injuries: a systematic review and meta-analysis.,"The Journal of hand surgery, European volume",10.1177/17531934261472361,42613954
R00066,include,INC,"60 patients, capsulodesis, tenodesis, BLB mid-term outcomes",A+B,include,"60 patients, capsulodesis, tenodesis, BLB mid-term outcomes",include,"60 patients, capsulodesis/tenodesis/BLB reconstruction mid-term outcomes",van Kampen RJ,2024,Mid-term outcomes of three commonly used surgical reconstructions for scapholunate instability.,"The Journal of hand surgery, European volume",10.1177/17531934231219191,38069863
R00067,unclear,UNC,RASL (excluded alone) but called SLIL reconstruction; ligament procedure unconfirmed,ADJ,exclude,"RASL screw fixation, no named ligament repair or reconstruction",unclear,RASL cohort; ligament repair component not stated in abstract,Mack ZE,2026,Patient Outcomes Following Reduction and Association of the Scaphoid and Lunate: A Retrospective Cohort Study.,Journal of wrist surgery,10.1055/a-2537-2648,41869477
R00068,exclude,E1,Imaging review article of repair techniques,A+B,exclude,Imaging review article of repair techniques,exclude,"Imaging review of repair techniques, narrative",Palisch AR,2022,Preoperative and Postoperative Imaging of Scapholunate Ligament Primary Repair and Modified Brunelli Reconstruction.,"Radiographics : a review publication of the Radiological Society of North America, Inc",10.1148/rg.210123,34951835
R00069,exclude,E1,"Technique article, no patient outcomes",A+B,exclude,"Technique article, no patient outcomes",exclude,"Surgical technique note, no patient outcomes",Goorens CK,2025,Modified Arthroscopic Volar Scapholunate Capsuloligamentous Repair in Chronic Severe but Reducible Volar Scapholunate Instability.,Arthroscopy techniques,10.1016/j.eats.2024.103424,40548037
R00070,unclear,UNC,SL dissociation surgical procedure not named; radiographic alignment outcomes,A+B,unclear,SL dissociation surgical procedure not named; radiographic alignment outcomes,unclear,"SL dissociation cohort; surgical repair not stated, alignment focus",Tatebe M,2022,Difference in Carpal Alignment between Scapholunate Dissociation and Kienbock Disease: A Retrospective Study.,Journal of hand and microsurgery,10.1055/s-0040-1717829,36016639
R00071,exclude,E1,Current concepts review,A+B,exclude,Current concepts review,exclude,Narrative review,Amarasooriya M,2023,Current Concepts in Scapholunate Instability Without Arthritic Changes.,Indian journal of orthopaedics,10.1007/s43465-023-00839-0,37006727
R00072,exclude,E1,"Single case report, dorsal hand injury",A+B,exclude,"Single case report, dorsal hand injury",exclude,"Single case report, dorsal hand injury",Sonbol AM,2026,Staged Reconstruction for Dorsal Hand and Wrist Shear Injury: A Case Report.,Journal of orthopaedic case reports,10.13107/jocr.2026.v16.i06.7498,42273459
R00073,exclude,E2,CT phantom study,A+B,exclude,CT phantom study,exclude,CT phantom study,Vries H,2026,Accuracy of motion quantification in dynamic CT images of the wrist joint across multiple CT vendors: A phantom study.,Medical physics,10.1002/mp.70667,42693752
R00074,exclude,E1,"Single case report, 10-year-old",A+B,exclude,"Single case report, 10-year-old",exclude,"Single case report, child",Bandinelli D,2022,Non-traumatic scapholunate dissociation in a 10-year-old female: A case report.,Frontiers in surgery,10.3389/fsurg.2022.917555,36117829
R00075,exclude,E1,Two-case report,A+B,exclude,Two-case report,exclude,Two-case report on 4DCT,Trentadue TP,2023,Evaluation of Scapholunate Injury and Repair with Dynamic (4D) CT: A Preliminary Report of Two Cases.,Journal of wrist surgery,10.1055/s-0042-1758159,37223378
R00076,include,INC,"8-9 patients, ECRB tenodesis for SL instability, 12-year outcomes",A+B,include,"8-9 patients, ECRB tenodesis for SL instability, 12-year outcomes",include,"8 patients, ECRB tenodesis for SL instability, long-term results",Nienstedt F,2023,Long-term Results of the Treatment of Scapholunate Instability with Dynamic Extensor Carpi Radialis Brevis Tenodesis.,Plastic and reconstructive surgery. Global open,10.1097/gox.0000000000005061,37342305
R00077,exclude,E3,"Perilunate dislocations, not SL ligament injury",A+B,exclude,"Perilunate dislocations, not SL ligament injury",exclude,"Perilunate dislocations, not SL ligament injury",Rachunek-Medved K,2025,Do perilunate dislocations and fracture-dislocations result in different radiological outcomes following wrist alignment reconstruction? A single-center retrospective study including 51 patients with perilunate injuries.,Archives of orthopaedic and trauma surgery,10.1007/s00402-024-05744-1,39751639
R00078,exclude,E1,"Single case report, giant cell tumour",A+B,exclude,"Single case report, giant cell tumour",exclude,"Single case report, giant cell tumour",Saraoui W,2026,One stage custom made 3D vascularized bone reconstruction by free fibula transfert for large radiocarpal defect after wide gigantic cell tumor resection.,Annales de chirurgie plastique et esthetique,10.1016/j.anplas.2025.06.006,40750453
R00079,exclude,E1,"TFCC technique note, no patient outcomes",A+B,exclude,"TFCC technique note, no patient outcomes",exclude,"TFCC repair technique note, no patient outcomes",Zhang JM,2026,Arthroscopic-Assisted Suture Tape-Reinforced Triangular Fibrocartilage Complex Repair and Distal Radioulnar Ligament Augmentation Using a Modified Adams-Berger Technique.,Arthroscopy techniques,10.1002/atn2.70005,42383241
R00080,exclude,E2,Finite element and experimental model,A+B,exclude,Finite element and experimental model,exclude,Finite element model,Marqués R,2021,Biomechanical Finite Element Method Model of the Proximal Carpal Row and Experimental Validation.,Frontiers in physiology,10.3389/fphys.2021.749372,35140623
R00081,unclear,UNC,"SLIC ligamentoplasty outcomes; abstract truncated, patient number not stated",A+B,unclear,"SLIC ligamentoplasty outcomes; abstract truncated, patient number not stated",unclear,SLIC ligamentoplasty outcomes; patient number not stated,functional scores (QuickDASH,,"Radiological and functional correlation following ""SLIC"""" scapholunate-intercarpal ligamentoplasty at minimum 12 months' follow-up.""",grip strength,,
R00082,unclear,UNC,"Mixed SL/LT InternalBrace prospective outcomes; typed review, numbers unstated",A+B,unclear,"Mixed SL/LT InternalBrace prospective outcomes; typed review, numbers unstated",unclear,InternalBrace SL and LT cohort; SL data separability unclear,Starr BW,2023,InternalBrace for Intercarpal Ligament Reconstruction.,Hand clinics,10.1016/j.hcl.2023.02.008,37453765
R00083,exclude,E1,Imaging review article,A+B,exclude,Imaging review article,exclude,Narrative review on dynamic imaging,van der Heijden BEPA,2025,Dynamic wrist imaging: How it works and how to assess kinematic changes in wrists with scapholunate instability.,"The Journal of hand surgery, European volume",10.1177/17531934251326028,40145436
R00084,exclude,E1,Technique article with single case,A+B,exclude,Technique article with single case,exclude,Surgical technique note with one illustrative case,Kalapos R,2024,Anatomic C Scapholunate Reconstruction Technique: For Complete Dissociation of the Scapholunate Interval.,Journal of hand surgery global online,10.1016/j.jhsg.2024.08.015,39703583
R00085,exclude,E1,Review of lunotriquetral instability,A+B,exclude,Review of lunotriquetral instability,exclude,Review on lunotriquetral instability,Zelenski NA,2024,"Lunotriquetral Instability: Diagnosis, Management, and Current Concept Review.",The Journal of the American Academy of Orthopaedic Surgeons,10.5435/jaaos-d-22-00703,40833339
R00086,exclude,E1,Meta-analysis,A+B,exclude,Meta-analysis,exclude,Meta-analysis,possibly attributable to the heterogeneity of procedures. This review provides an updated reference,,Comparison of Outcomes of Scapholunate Ligament Reconstruction Techniques.,or radiographic outcomes among the techniques. <b>Conclusion</b>  Existing data demonstrate some benefit of bone-tissue-bone reconstruction over capsulodesis and tenodesis in pain reduction and functional improvement of the injured wrist. No statistically significant differences among radiographic outcomes could be ascertained,,
R00087,exclude,E3,"Dorsal TFCC tears, not SL ligament repair",A+B,exclude,"Dorsal TFCC tears, not SL ligament repair",exclude,"TFCC dorsal tears, not SL ligament injury",Tan HS,2026,"Clinical, Radiographical, and Arthroscopic Features of Dorsal Tears of the TFCC.",Journal of wrist surgery,10.1055/a-2791-1415,42788186
R00088,exclude,E1,"Single case report, radiocarpal dislocation",A+B,exclude,"Single case report, radiocarpal dislocation",exclude,Single case report of radiocarpal dislocation,Zakaria C,2024,"Pure traumatic unstable radiocarpal dislocation over pre-existing ulnar impingement syndrome, extensively arched carpus and medially rotated scaphoid: An exceptional and complex case report.",Trauma case reports,10.1016/j.tcr.2024.101056,39022749
R00089,exclude,E1,"Surgical technique note, no patient outcomes",A+B,exclude,"Surgical technique note, no patient outcomes",exclude,"Surgical technique note, no patient outcomes",Chung SR,2023,Arthroscopy-Assisted Scapholunate Reconstruction With Internal Brace Augmentation.,Arthroscopy techniques,10.1016/j.eats.2023.03.005,37533927
R00090,include,INC,"7 patients, arthroscopic SL reconstruction with early motion rehabilitation outcomes",A+B,include,"7 patients, arthroscopic SL reconstruction with early motion rehabilitation outcomes",include,"7 patients, arthroscopic SL reconstruction with accelerated rehabilitation and outcomes",Ying Q,2024,Clinical Efficacy of Arthroscopic Transplantation of Palmaris Longus Tendon Combined with Early Accelerated Motion Rehabilitation After Scapholunate Ligament Reconstruction for Geissler Type IV Scapholunate Instability.,Alternative therapies in health and medicine,,38330555
R00091,include,INC,"19 wrists, arthroscopic SL repair plus capsulodesis, functional outcomes",A+B,include,"19 wrists, arthroscopic SL repair plus capsulodesis, functional outcomes",include,"Case series of 19 wrists, SL repair plus capsulodesis, outcomes",Lee YC,2023,Arthroscopic scapholunate ligament repair and dorsal capsulodesis with suture anchor in acute and subacute scapholunate dissociation.,Journal of orthopaedic surgery and research,10.1186/s13018-023-04148-y,37670343
R00092,unclear,UNC,"Staple fixation technique for SL repair; patient experience mentioned, numbers unstated",A+B,unclear,"Staple fixation technique for SL repair; patient experience mentioned, numbers unstated",unclear,"Staple fixation technique; mentions experience in patients, outcomes unclear",Rahman R,2026,Temporary Dorsal Staple Fixation of Scapholunate Interosseous Ligament Repair and Reconstruction.,Journal of hand surgery global online,10.1016/j.jhsg.2025.100891,41446312
R00093,exclude,E3,"TFCC injury with DRUJ instability, not SL ligament",A+B,exclude,"TFCC injury with DRUJ instability, not SL ligament",exclude,"TFCC/DRUJ instability, not SL ligament",Zhang W,2026,The Efficacy of Transosseous Foveal Repair Combined With Dorsal Reinforcement in the Treatment of Chronic Triangular Fibrocartilage Complex Injury With Severe Distal Radioulnar Joint Instability.,The Journal of hand surgery,10.1016/j.jhsa.2026.07.007,42633591
R00094,include,INC,"Short-term results of all-dorsal SL ligamentoplasty, multiple patients, retrospective",A+B,include,"Short-term results of all-dorsal SL ligamentoplasty, multiple patients, retrospective",include,Retrospective series of SL ligamentoplasty with short-term results,PRWE 24/100,,"Ligamentoplasty in scapholunate instability: short-term results of the ""all dorsal scapholunate repair"""" technique.""",there was a reduction of the diastasis and scapholunate angle. Osteolysis areas around the anchors were described in 47% of patients. The mean QuickDASH was 29.2/100,,
R00095,include,INC,"129 patients, three-ligament tenodesis, PRWE outcomes",A+B,include,"129 patients, three-ligament tenodesis, PRWE outcomes",include,"Cohort of 129 patients, three-ligament tenodesis, PRWE outcomes",Hakkesteegt SN,2024,Comparing Patient-Reported Outcomes on Three-Ligament Tenodesis Between Partial and Complete Scapholunate Ligament Injuries: A Cohort Study.,The Journal of hand surgery,10.1016/j.jhsa.2022.09.012,36456426
R00096,exclude,E2,Cadaveric biomechanical study,A+B,exclude,Cadaveric biomechanical study,exclude,Cadaveric biomechanical study,Haug LCP,2021,Radio-luno-triquetral bone-ligament transfer as an additional stabilizer in scapholunate-instability.,Archives of orthopaedic and trauma surgery,10.1007/s00402-020-03690-2,33251560
R00097,exclude,E1,"Single case report, scaphoid dislocation",A+B,exclude,"Single case report, scaphoid dislocation",exclude,Single case report of scaphoid dislocation,Mierisch C,2024,Open Dislocation of the Scaphoid With an Associated Hamate Fracture and Fourth Metacarpal Fracture.,Journal of hand surgery global online,10.1016/j.jhsg.2023.10.004,38313608
R00098,exclude,E3,"Pantrapezial osteoarthritis, not SL ligament injury",A+B,exclude,"Pantrapezial osteoarthritis, not SL ligament injury",exclude,"Pantrapezial osteoarthritis, not SL injury",Barrera-Ochoa S,2026,Simultaneous Dual Prosthetic Replacement of Trapeziometacarpal and Scaphotrapezial-Trapezoid Joints in Pantrapezial Osteoarthritis: Midterm Results of a Combined Implant Strategy.,The Journal of hand surgery,10.1016/j.jhsa.2025.12.013,41632070
R00099,exclude,E1,"Single case report, axial carpal dislocation",A+B,exclude,"Single case report, axial carpal dislocation",exclude,"Single case report, axial carpal dislocation",Vamsi Krishna S,2025,Complex Axial Carpal Dislocation with Scapholunate Ligament Injury.,Journal of wrist surgery,10.1055/s-0044-1785500,40395826
R00100,exclude,E2,Cadaveric kinematic study of surgical approaches,A+B,exclude,Cadaveric kinematic study of surgical approaches,exclude,Cadaveric kinematic study of surgical approach,scapholunate angle,,"Is the Dorsal Fiber-Splitting Approach to the Wrist Safe? A Kinematic Analysis and Introduction of the ""Window"""" Approach.""",radiolunate angle,,
R00101,exclude,E1,Narrative review (Current Concepts),A+B,exclude,Narrative review (Current Concepts),exclude,Narrative review of SL instability,Wessel LE,2023,Scapholunate Instability: Diagnosis and Management - Classification and Treatment Considerations - Part 2.,The Journal of hand surgery,10.1016/j.jhsa.2023.06.016,37578401
R00102,exclude,E3,"Perilunate dislocations, pinning without ligament repair",A+B,exclude,"Perilunate dislocations, pinning without ligament repair",exclude,"Perilunate dislocations, pinning without ligament repair",Towoezim TH,2026,Outcomes of Pinning Without Ligament Repair for Perilunate Dislocations and Fracture-Dislocations: A Case Series of 11 Patients.,Case reports in orthopedics,10.1155/cro/4981870,42571136
R00103,exclude,E1,"Case reports of 3 patients, perilunate dislocation",A+B,exclude,"Case reports of 3 patients, perilunate dislocation",exclude,"Case reports of 3 patients, perilunate dislocation",Kang SH,2021,Scapholunate and lunotriquetral interosseous ligament augmentation with internal bracing in perilunate dislocation: Case reports.,Medicine,10.1097/md.0000000000026827,34559095
R00104,exclude,E2,Feline cadaveric biomechanical study,A+B,exclude,Feline cadaveric biomechanical study,exclude,Feline cadaveric biomechanical study,Candela Andrade M,2026,Biomechanical evaluation of carpal joint ligaments in the cat: An experimental and radiographic cadaveric study.,Veterinary surgery : VS,10.1111/vsu.70114,42047465
R00105,exclude,E1,Literature review,A+B,exclude,Literature review,exclude,Literature review of long-term outcomes,Imada AO,2023,Review of surgical treatment for chronic scapholunate ligament reconstruction: a long-term study.,European journal of orthopaedic surgery & traumatology : orthopedie traumatologie,10.1007/s00590-022-03294-z,35608691
R00106,exclude,E2,Dynamic MRI method in healthy volunteers,A+B,exclude,Dynamic MRI method in healthy volunteers,exclude,MRI technique in healthy volunteers,Zi R,2025,High-resolution volumetric dynamic magnetic resonance imaging of the wrist using an 8-channel flexible receive coil.,Skeletal radiology,10.1007/s00256-024-04829-7,39560769
R00107,exclude,E1,"Single case report, adolescent perilunate dislocation",A+B,exclude,"Single case report, adolescent perilunate dislocation",exclude,"Single case report, perilunate dislocation",S P,2021,An Atypical Dorsal Perilunate Dislocation with No Scapho-Lunate Ligament Injury in Bilateral Complex Wrist Injury - a Case Report.,Acta chirurgiae plasticae,10.48095/ccachp202123,34034493
R00108,exclude,E3,"TFCC foveal lesions on arthro-CT, not SL",A+B,exclude,"TFCC foveal lesions on arthro-CT, not SL",exclude,"TFCC foveal lesions on arthro-CT, not SL",Dejean-Servieres J,2026,Wrist arthro-CT: don't forget to check the foveal attachment.,Insights into imaging,10.1186/s13244-026-02327-z,42343030
R00109,exclude,E4,"Radiographic view measurement study, imaging only, no surgical outcomes",A+B,exclude,"Radiographic view measurement study, imaging only, no surgical outcomes",exclude,"Radiographic view measurement study, imaging only",Imada AO,2023,The tangential view described by Moneim to demonstrate scapholunate dissociation: an update.,European journal of orthopaedic surgery & traumatology : orthopedie traumatologie,10.1007/s00590-022-03391-z,36112227
R00110,unclear,UNC,"Arthroscopic capsulo-ligamentoplasty technique with anatomical study and case series, size unstated",A+B,unclear,"Arthroscopic capsulo-ligamentoplasty technique with anatomical study and case series, size unstated",unclear,"Arthroscopic capsulo-ligamentoplasty technique with case series, numbers and outcomes unclear",Goorens CK,2025,Arthroscopic Dorsal Round-Block Capsulo-Ligamentoplasty for Dynamic Scapholunate Instability: An Anatomical Study and Case Series.,Journal of wrist surgery,10.1055/s-0044-1790205,40995554
R00111,exclude,E1,Single case report,A+B,exclude,Single case report,exclude,Single case report,Garg BK,2020,Scapholunate Dissociation with Ulnar Impaction: A Case with Review of Literature.,Journal of orthopaedic case reports,10.13107/jocr.2020.v10.i03.1758,33954142
R00112,exclude,E1,Technique note with 2 patients,A+B,exclude,Technique note with 2 patients,exclude,Technique note with 2 patients,Tie J,2020,Scapholunate Ligament Reconstruction With a Novel Technique for Passing Split Extensor Carpi Radialis Brevis Tendon Graft Through Bone Tunnels.,Techniques in hand & upper extremity surgery,10.1097/bth.0000000000000286,33197166
R00113,include,INC,"Retrospective comparison of SL reconstructions, radiographic outcomes",A+B,include,"Retrospective comparison of SL reconstructions, radiographic outcomes",include,"Retrospective comparison of two SL reconstructions, radiographic outcomes",Yang BW,2024,Anatomical front and back reconstruction sustains radiographic alignment: a comparison to three-ligament tenodesis.,"The Journal of hand surgery, European volume",10.1177/17531934231192343,37751490
R00114,exclude,E1,Narrative review with treatment algorithm,A+B,exclude,Narrative review with treatment algorithm,exclude,Narrative review with treatment algorithm,Dréant N,2023,Treatment of chronic scapholunate instability according to the functional demand of the wrist.,Hand surgery & rehabilitation,10.1016/j.hansur.2023.03.003,37004985
R00115,exclude,E1,"Single case report, perilunate fracture-dislocation",A+B,exclude,"Single case report, perilunate fracture-dislocation",exclude,"Single case report, perilunate fracture-dislocation",Kalinterakis G,2024,"An unusual wrist injury in a parkour-athlete: Transstyloid, transscaphoid, transtriquetral perilunate dislocation.",Trauma case reports,10.1016/j.tcr.2024.100998,38550963
R00116,exclude,E3,"Thumb carpometacarpal osteoarthritis surgery, not SL ligament injury",A+B,exclude,"Thumb carpometacarpal osteoarthritis surgery, not SL ligament injury",exclude,"Thumb CMC osteoarthritis surgery, not SL injury",Komura S,2026,Changes in Carpal Alignment after Surgery for Thumb Carpometacarpal Osteoarthritis: Comparative Analysis of Trapeziectomy with Ligament Reconstruction and Tendon Interposition Arthroplasty and Arthrodesis.,Journal of wrist surgery,10.1055/a-2568-8362,42179698
R00117,exclude,E4,"Diagnostic imaging accuracy study, no surgical outcomes",A+B,exclude,"Diagnostic imaging accuracy study, no surgical outcomes",exclude,Diagnostic 4DCT imaging accuracy study,Kumaş A,2026,Diagnostic Use of Four-Dimensional Computed Tomography in Scapholunate Ligament Tear Detection.,The journal of hand surgery Asian-Pacific volume,10.1142/s2424835526500207,41755662
R00118,exclude,E1,Systematic review,A+B,exclude,Systematic review,exclude,Systematic review,Lami E,2025,Surgical Treatments for Scapholunate Ligament Injuries and Development of Arthritis in the Wrist: A Systematic Review.,Journal of hand surgery global online,10.1016/j.jhsg.2025.100827,41356616
R00119,exclude,E1,"Surgical technique note, no patient outcomes",A+B,exclude,"Surgical technique note, no patient outcomes",exclude,"Surgical technique note, no patient outcomes",Bouyer M,2021,Arthroscopic Scapholunate Synthetic Ligamentoplasty.,Arthroscopy techniques,10.1016/j.eats.2021.05.022,34504760
R00120,exclude,E1,Review of SLAC and SNAC treatment options,A+B,exclude,Review of SLAC and SNAC treatment options,exclude,Review of SLAC/SNAC treatment options,Maris S,2024,Scapholunate Advanced Collapse (SLAC) and Scaphoid Nonunion Advanced Collapse (SNAC): A Review of Treatment Options for Stage II.,Cureus,10.7759/cureus.59014,38800268
R00121,include,INC,"31 patients, bone-ligament-bone SL reconstruction, long-term outcomes",A+B,include,"31 patients, bone-ligament-bone SL reconstruction, long-term outcomes",include,"31 patients, arthroscopic BLB SL reconstruction, long-term outcomes",Della Rosa N,2022,Long-Term Outcomes of Arthroscope-Assisted Bone-Ligament-Bone Reconstruction for Nonstatic Scapholunate Ligament Injury.,Plastic and reconstructive surgery,10.1097/prs.0000000000009736,36126203
R00122,exclude,E1,Narrative review of hand and wrist ligament injuries,A+B,exclude,Narrative review of hand and wrist ligament injuries,exclude,Narrative review of hand and wrist ligament injuries,Langdell HC,2023,Management of Complex Hand and Wrist Ligament Injuries.,Hand clinics,10.1016/j.hcl.2023.03.002,37453764
R00123,exclude,E2,Cadaveric anatomical study,A+B,exclude,Cadaveric anatomical study,exclude,Cadaveric anatomical study,Adeodato SC,2026,The Dorsal Scapholunate Ligament Complex: Anatomical Description and Correlation with Lunate Morphology.,Journal of hand surgery global online,10.1016/j.jhsg.2025.100921,41584053
R00124,unclear,UNC,"Lunate cyst cohort treated by capsulodesis; SL instability suspected, unclear",A+B,unclear,"Lunate cyst cohort treated by capsulodesis; SL instability suspected, unclear",unclear,Lunate cysts treated by dorsal capsulodesis; SL instability link unclear,Ayik Ö,2025,Radiological and clinical outcomes of patients diagnosed with intraosseous ganglion cysts of the lunate treated with arthroscopic dorsal ligamento capsulodesis with or without grafting: Minimum 1-year follow-up.,Journal of orthopaedic surgery (Hong Kong),10.1177/10225536251340115,40329622
R00125,exclude,E4,"MRI ligament injury association, no surgical treatment studied",A+B,exclude,"MRI ligament injury association, no surgical treatment studied",exclude,"MRI association study, no surgical repair",Dankelman LHM,2026,Association of Extrinsic Ligament Injury with Diastasis in Scapholunate Ligament Injury.,The Journal of hand surgery,10.1016/j.jhsa.2026.04.020,42201271
R00126,exclude,E1,"Single case report, bilateral dissociation",A+B,exclude,"Single case report, bilateral dissociation",exclude,"Single case report, bilateral SL dissociation",Alyamani AM,2021,Bilateral traumatic scapholunate dissociation: Case report.,International journal of surgery case reports,10.1016/j.ijscr.2021.106530,34749176
R00127,exclude,E1,"Technique note on ECU tendon, no outcomes",A+B,exclude,"Technique note on ECU tendon, no outcomes",exclude,"ECU tendon technique note, not SL",Corella F,2026,Arthroscopic Treatment of Longitudinal ECU Tendon Tear: Technical Description.,Techniques in hand & upper extremity surgery,10.1097/bth.0000000000000553,41853841
R00128,exclude,E1,"Surgical technique note, no patient outcomes",A+B,exclude,"Surgical technique note, no patient outcomes",exclude,"Surgical technique note, no patient outcomes",Merlini L,2023,All-Dorsal Arthroscopic Ligamentoplasty (ADAL) in Scapholunate Instability Management: Surgical Technique.,Arthroscopy techniques,10.1016/j.eats.2023.05.010,37942107
R00129,include,INC,"21 patients, SL repair versus three-ligament tenodesis, functional outcomes",A+B,include,"21 patients, SL repair versus three-ligament tenodesis, functional outcomes",include,"Retrospective comparison, 21 patients, SL repair versus 3LT",Wagner JM,2022,Did implementation of three ligament tenodesis improve patient outcome after chronic scapholunate instability? A retrospective study.,Archives of orthopaedic and trauma surgery,10.1007/s00402-022-04435-z,35411494
R00130,include,INC,"Six patients, complications after SL reconstruction bone tunnels",A+B,include,"Six patients, complications after SL reconstruction bone tunnels",include,"Six patients, complications after SL ligament reconstruction",Del Piñal F,2025,Collapse After Carpal Bone Tunneling: An Underreported Complication?,The Journal of hand surgery,10.1016/j.jhsa.2023.07.008,37589620
R00131,exclude,E3,"Ulnar impaction with DRUJ instability, not SL",A+B,exclude,"Ulnar impaction with DRUJ instability, not SL",exclude,"Ulnar impaction with DRUJ instability, not SL",Gao X,2026,Clinical outcomes of isolated ulnar shortening osteotomy for ulnar impaction syndrome with concomitant distal radioulnar joint instability.,Journal of plastic surgery and hand surgery,10.2340/jphs.v61.45517,41875014
R00132,exclude,E1,"Surveyed surgeons viewing arthroscopy videos, no patient cohort",A+B,exclude,"Surveyed surgeons viewing arthroscopy videos, no patient cohort",exclude,Survey experiment among surgeons on arthroscopy videos,Bakker D,2022,Is Midcarpal Arthroscopy for Suspected Scapholunate Pathology Associated With Greater Interobserver Agreement and More Frequent Offer of Surgery?,The Journal of hand surgery,10.1016/j.jhsa.2022.07.001,36031464
R00133,exclude,E3,"TFCC and ECU instability, not SL",A+B,exclude,"TFCC and ECU instability, not SL",exclude,"TFCC and ECU repair, not SL",Gupta M,2026,Outcomes of Simultaneous Open Triangular Fibrocartilage Complex Repair with Extensor Carpi Ulnaris Stabilisation.,The journal of hand surgery Asian-Pacific volume,10.1142/s2424835526500049,41508612
R00134,exclude,E1,Narrative review of midcarpal instability,A+B,exclude,Narrative review of midcarpal instability,exclude,Narrative review of midcarpal instability,Rabinovich RV,2023,Midcarpal Instability.,The Journal of the American Academy of Orthopaedic Surgeons,10.5435/jaaos-d-22-00777,37105177
R00135,exclude,E1,Single pediatric case report,A+B,exclude,Single pediatric case report,exclude,Single pediatric case report,Marques JM,2026,Pediatric Traumatic Dorsal Nondissociative Carpal Instability Following a Distal Radius Fracture: A Case Report of a Rare Complication.,Journal of hand surgery global online,10.1016/j.jhsg.2026.100965,42093839
R00136,exclude,E4,Dynamic CT kinematics of SLI wrists; no surgical repair,A+B,exclude,Dynamic CT kinematics of SLI wrists; no surgical repair,exclude,"Dynamic CT kinematics of SLI wrists; imaging only, no surgery",Amarasooriya M,2023,Scaphoid kinematics in scapholunate instability: a dynamic CT study.,Skeletal radiology,10.1007/s00256-023-04323-6,36951995
R00137,exclude,E2,Cadaveric biomechanical study of perilunate fixation,A+B,exclude,Cadaveric biomechanical study of perilunate fixation,exclude,Cadaveric biomechanical study of perilunate dislocation fixation,Iskandarova A,2024,Perilunate Dislocations: Cadaveric Model K-Wire Versus Compression Staple Fixation.,Journal of hand surgery global online,10.1016/j.jhsg.2024.02.005,38817753
R00138,exclude,E3,"Acute perilunate injuries, fixation without ligament repair",A+B,exclude,"Acute perilunate injuries, fixation without ligament repair",exclude,"Acute perilunate injuries, not SL ligament injury",Persitz J,2026,Less is More in Acute Perilunate Injuries? Early Success with Arthroscopic-Assisted Fixation of The Proximal Row without Ligament Repair.,Hand surgery & rehabilitation,10.1016/j.hansur.2026.102640,41839394
R00139,unclear,UNC,No abstract; title suggests SL reconstruction patient outcomes; Letter type may be research letter,ADJ,unclear,"Letter, no abstract; title suggests SL reconstruction patient outcomes",exclude,"Letter, no abstract",Ahmad K,2023,Scapholunate ligament reconstruction using the Internal Brace™: a patient-reported outcomes perspective.,"The Journal of hand surgery, European volume",10.1177/17531934221135072,36329563
R00140,exclude,E3,"Distal radioulnar joint instability, not SL",A+B,exclude,"Distal radioulnar joint instability, not SL",exclude,"Distal radioulnar joint instability, not SL",Dhabal H,2026,Adams-Berger Reconstruction for Chronic Distal Radioulnar Joint Instability: Prospective 12-Month Outcomes.,The Journal of hand surgery,10.1016/j.jhsa.2026.07.008,42627307
R00141,include,INC,"15 adults, arthroscopic SL capsuloligamentous repair with outcomes",A+B,include,"15 adults, arthroscopic SL capsuloligamentous repair with outcomes",include,"15 adults, arthroscopic SL capsuloligamentous repair with outcomes (typed Editorial)",Chung SR,2025,Arthroscopic Suture Anchor Scapholunate Capsulodesis.,Journal of wrist surgery,10.1055/s-0044-1791501,40688638
R00142,exclude,E3,"Distal ulna giant cell tumour, not SL injury",A+B,exclude,"Distal ulna giant cell tumour, not SL injury",exclude,Distal ulna giant cell tumour,Dubepuria A,2026,Side-to-side functional symmetry and radiographic stability after distal ulna resection with ECU tenodesis: A case series of grade III giant cell tumors.,Journal of clinical orthopaedics and trauma,10.1016/j.jcot.2026.103515,42291824
R00143,exclude,E4,"Diagnostic arthroscopy cohort, no SL repair or reconstruction",A+B,exclude,"Diagnostic arthroscopy cohort, no SL repair or reconstruction",exclude,"Diagnostic arthroscopy cohort, no repair or reconstruction",van Wijk L,2025,The role of diagnostic wrist arthroscopy in suspected scapholunate ligament injury : a cohort study of 324 patients.,Bone & joint open,10.1302/2633-1462.63.bjo-2024-0237.r1,40058401
R00144,exclude,E1,"Surgical technique note, no patient outcomes",A+B,exclude,"Surgical technique note, no patient outcomes",exclude,Surgical technique note without patient outcomes,Omokawa S,2020,Dorsal Intercarpal Ligament Preserving Arthrotomy and Capsulodesis for Scapholunate Dissociation.,Techniques in hand & upper extremity surgery,10.1097/bth.0000000000000273,31693570
R00145,exclude,E2,Cadaveric kinematic study of reconstruction techniques,A+B,exclude,Cadaveric kinematic study of reconstruction techniques,exclude,Cadaveric kinematic study,Chae S,2021,Kinematic analysis of two scapholunate ligament reconstruction techniques.,Journal of orthopaedic surgery (Hong Kong),10.1177/23094990211025830,34189986
R00146,exclude,E2,Experimental biomechanical muscle study,A+B,exclude,Experimental biomechanical muscle study,exclude,Experimental biomechanical study of forearm muscles,Esplugas M,2024,Influence of forearm rotation on the kinetic stabilizing efficiency of the muscles that control the scapholunate joint. Clinical application in proprioceptive and neuromuscular rehabilitation programs.,Journal of hand therapy : official journal of the American Society of Hand Therapists,10.1016/j.jht.2023.09.012,37852910
R00147,exclude,E2,"Cadaveric forearm interosseous membrane technique, not SL",A+B,exclude,"Cadaveric forearm interosseous membrane technique, not SL",exclude,"Cadaveric forearm interosseous membrane technique, Essex-Lopresti",Carità E,2026,Reconstructing the interosseous ligament: A technique using a single bundle synthetic tape.,Journal of hand and microsurgery,10.1016/j.jham.2026.100495,42662240
R00148,include,INC,"14 patients combined SL and TFCC repair, clinical outcomes",A+B,include,"14 patients combined SL and TFCC repair, clinical outcomes",include,"14 patients, combined SL and TFCC repair, clinical outcomes",Della Rosa N,2024,Combined repair of scapholunate ligament (SL) and triangular fibrocartilage complex (TFCC) lesions in chronic trauma of the wrist: surgical treatment of 14 patients.,Musculoskeletal surgery,10.1007/s12306-023-00787-w,37227663
R00149,include,INC,"42 patients, dorsal SL reconstruction palmaris longus, outcomes",A+B,include,"42 patients, dorsal SL reconstruction palmaris longus, outcomes",include,"42 patients, palmaris longus SL reconstruction, clinical results",Erdag Y,2023,Dorsal Scapholunate Ligament Reconstruction by Using Palmaris Longus Tendon Graft in Chronic Static Scapholunate Dissociations: Does It Yield Favorable Radiographic and Functional Results?,Journal of wrist surgery,10.1055/s-0042-1759729,37564624
R00150,exclude,E2,Cadaveric study of ultrasonic anchor SL repair,A+B,exclude,Cadaveric study of ultrasonic anchor SL repair,exclude,Cadaveric study of ultrasonic anchor SL repair,Pilla NI,2026,Ultrasonic Anchor-Assisted Restoration of the Scapholunate Ligament Complex: A Cadaveric Study.,The Journal of hand surgery,10.1016/j.jhsa.2025.09.005,41105065
R00151,exclude,E1,"Midcarpal reconstruction technique/review, not SL",A+B,exclude,"Midcarpal instability technique, not SL ligament",exclude,"Midcarpal reconstruction technique/review, not SL",40126460,,Culp Midcarpal Reconstruction to Treat Palmar Midcarpal Instability.,10.1016/j.jhsa.2025.02.010,,
R00152,exclude,E1,Survey experiment of surgeons,A+B,exclude,Survey experiment of surgeons,exclude,Survey of surgeons on treatment recommendations,Bakker D,2022,Treatment Recommendations for Suspected Scapholunate Ligament Pathology.,Journal of wrist surgery,10.1055/s-0041-1732411,35127266
R00153,unclear,UNC,"InternalBrace SL/LT reconstruction, over 20 procedures; mixed cohort, outcomes unclear",QC,exclude,Technique description without patient outcome data,exclude,Technique description without patient outcome data,Starr BW,2023,InternalBrace for Intercarpal Ligament Reconstruction.,Plastic and reconstructive surgery,10.1097/prs.0000000000009786,36219862
R00154,exclude,E1,"Lunotriquetral repair technique note, no outcomes",A+B,exclude,"Lunotriquetral repair technique note, no outcomes",exclude,Lunotriquetral repair technique note,Karanjia R,2022,Lunotriquetral Ligament Repair Using Augmented Internal Brace.,The archives of bone and joint surgery,10.22038/abjs.2021.59167.2944,35755786
R00155,exclude,E2,CT morphology of uninjured distal radii for shoulder grafts,A+B,exclude,CT morphology of uninjured distal radii for shoulder grafts,exclude,"CT morphology of uninjured distal radii, glenoid graft",Boufadel P,2026,Distal Radius Morphology and Bone Mineral Density Show Significant Sex- and Age-Based Differences With Implications for Allograft Glenoid Reconstruction.,Arthroscopy : the journal of arthroscopic & related surgery : official publication of the Arthroscopy Association of North America and the International Arthroscopy Association,10.1002/arj.70499,42669168
R00156,include,INC,"Nonrandomised trial of SL reconstruction, early mobilisation vs K-wires",A+B,include,"Nonrandomised trial of SL reconstruction, early mobilisation vs K-wires",include,"Nonrandomised trial, SL reconstruction with early mobilisation versus K-wires",Kemler MA,2023,Scapholunate Ligament Reconstruction without Immobilization Is Safe and Leads to Better Functional Results.,Journal of wrist surgery,10.1055/s-0042-1749164,36644724
R00157,exclude,E1,Erratum,A+B,exclude,Erratum,exclude,Corrigendum,,2025,CORRIGENDUM to 'Scapholunate ligament reconstruction using a part of the extensor carpi radialis brevis tendon through a dorsal approach'.,"The Journal of hand surgery, European volume",10.1177/17531934251322716,40084565
R00158,exclude,E2,"3D-printed scaffold, in vitro and finite element",A+B,exclude,"3D-printed scaffold, in vitro and finite element",exclude,"3D-printed scaffold, in vitro and computational",Gomez-Cerezo MN,2023,Additively manufactured polyethylene terephthalate scaffolds for scapholunate interosseous ligament reconstruction.,Biomaterials advances,10.1016/j.bioadv.2023.213397,37023566
R00159,exclude,E3,"Scaphoid non-union reconstruction, not SL",A+B,exclude,"Scaphoid non-union reconstruction, not SL",exclude,Scaphoid nonunion reconstruction,Rachunek-Medved K,2025,"Union rate and clinical outcomes of second-try scaphoid reconstructions after failed primary scaphoid osteosynthesis or reconstruction. A retrospective, single-center cohort study of 52 patients.",Frontiers in surgery,10.3389/fsurg.2025.1454101,40421274
R00160,exclude,E1,Single case report of hamate dislocation,A+B,exclude,Single case report of hamate dislocation,exclude,"Single case report, hamate dislocation",Flanigan T,2023,Isolated Hamate Dislocation: A Case Report and Technique Guide.,Journal of orthopaedic case reports,10.13107/jocr.2023.v13.i10.3930,37885642
R00161,exclude,E1,"Letter, cadaveric study",A+B,exclude,"Cadaveric 4D CT study, letter, no abstract",exclude,"Letter, cadaveric study",Athlani L,2021,Quantitative four-dimensional CT evaluation of scapholunate intercarpal ligamentoplasty for scapholunate dissociation: a cadaveric study.,"The Journal of hand surgery, European volume",10.1177/1753193420973883,33241724
R00162,exclude,E2,Cadaver biomechanics of pushup positions,A+B,exclude,Cadaver biomechanics of pushup positions,exclude,Cadaver wrists biomechanical pushup study,Werner FW,2020,Changes in Scaphoid and Lunate Position and Loading at Two Wrist Pushup Positions.,Current rheumatology reviews,10.2174/1573397115666181210170202,30526465
R00163,exclude,E1,Review of carpal tunnel non-surgical approaches,A+B,exclude,Review of carpal tunnel non-surgical approaches,exclude,Review of carpal tunnel nonsurgical approaches,Li ZM,2023,Non-Surgical Carpal Arch Space Augmentation for Median Nerve Decompression.,Journal of biomechanical engineering,10.1115/1.4056651,36628998
R00164,exclude,E1,Study guide on wrist instability,A+B,exclude,Study guide on wrist instability,exclude,"Study guide, general wrist instability","StatPearls Publishing, Treasure Island (FL)",,Wrist Instability,34283439,,
R00165,exclude,E3,"Scaphoid reconstruction, not SL ligament",A+B,exclude,"Scaphoid reconstruction, not SL ligament",exclude,"Scaphoid reconstruction, not SL ligament",Rachunek-Medved K,2024,Patient-reported outcomes and comprehensive assessment of wrist function after scaphoid reconstruction: A single-center retrospective study on 162 patients.,"Journal of plastic, reconstructive & aesthetic surgery : JPRAS",10.1016/j.bjps.2024.09.071,39413585
R00166,exclude,E1,"Technique description, no patient outcomes in abstract",A+B,exclude,"Technique description, no patient outcomes in abstract",exclude,"Technique note, no patient outcomes reported",Ozcelik IB,2021,Suture-button Fixation and Arthroscopic Dorsal Ligamento-capsulodesis in Chronic Scapholunate Dissociation.,Techniques in hand & upper extremity surgery,10.1097/bth.0000000000000360,34265840
R00167,unclear,UNC,"SL anchor repair technique; preliminary clinical results mentioned, unclear",A+B,unclear,"SL anchor repair technique; preliminary clinical results mentioned, unclear",unclear,"SL repair technique with preliminary clinical results, patient number unknown",Hassebrock JD,2025,All-Suture Knotless Suture Anchor Repair of Scapholunate Ligament: The Double-Pulley Repair.,Arthroscopy techniques,10.1016/j.eats.2024.103333,40453007
R00168,exclude,E1,"Single case report, lunate fracture, proximal row carpectomy",A+B,exclude,"Single case report, lunate fracture, proximal row carpectomy",exclude,"Single case report, lunate fracture",Agrawal CS,2024,Rehabilitation Protocol for Lunate Fracture in a Clinical Case Report.,Cureus,10.7759/cureus.61892,38978923
R00169,include,INC,"28 patients, volar capsulodesis for SL injury, long-term outcomes",A+B,include,"28 patients, volar capsulodesis for SL injury, long-term outcomes",include,"28 patients, volar capsulodesis for SL injury, long-term outcomes",Sarcon AK,2026,Long-Term Functional Outcomes After Volar Capsulodesis for Treatment of Scapholunate Ligament Injuries: An 18-Year Experience.,Journal of wrist surgery,10.1055/a-2686-1118,42524696
R00170,exclude,E1,Single case report,A+B,exclude,Single case report,exclude,Single case report,Dhillon M,2025,Isolated scaphoid dislocation and repair of the scapholunate ligament in acute trauma: A case report.,Trauma case reports,10.1016/j.tcr.2025.101131,40027138
R00171,include,INC,"Six patients, arthroscopic volar SL capsulodesis, outcomes",A+B,include,"Six patients, arthroscopic volar SL capsulodesis, outcomes",include,"Six patients, arthroscopic volar SL capsulodesis, outcomes",Kakar S,2023,Clinical Outcomes of Arthroscopic-Assisted Volar Scapholunate Capsulodesis: A Case Series.,Journal of wrist surgery,10.1055/s-0043-1762930,37841355
R00172,exclude,E3,"Distal radius giant cell tumour, not SL",A+B,exclude,"Distal radius giant cell tumour, not SL",exclude,Distal radius giant cell tumours,Wang A,2026,Clinical Outcomes of Different Surgical Methods for Campanacci Grade III and Recurrent Giant Cell Tumors of the Distal Radius.,The Journal of the American Academy of Orthopaedic Surgeons,10.5435/jaaos-d-25-00217,40720800
R00173,include,INC,"1228 patients after SL repair or reconstruction, revision outcomes",A+B,include,"1228 patients after SL repair or reconstruction, revision outcomes",include,"1,228 patients, SL repair/reconstruction, revision rates",Abola MV,2026,Revision Rates Following Scapholunate Ligament Repair and Reconstruction: A Multi-Institutional Database Study and Review of Literature.,Journal of wrist surgery,10.1055/a-2710-9255,42787912
R00174,exclude,E1,"Single case report, lunate dislocation",A+B,exclude,"Single case report, lunate dislocation",exclude,"Single case report, lunate dislocation",Alonso-Tejero D,2022,Chronic Isolated Dorsal Dislocation of the Lunate. A Rare Presentation of Carpal Instability.,Strategies in trauma and limb reconstruction,10.5005/jp-journals-10080-1543,35734033
R00175,exclude,E1,"Single case report, scaphoid prosthesis",A+B,exclude,"Single case report, scaphoid prosthesis",exclude,Single case report,Rossello MI,2021,Short-term findings of a custom-made 3D-printed titanium partial scaphoid prosthesis and scapholunate interosseous ligament reconstruction.,BMJ case reports,10.1136/bcr-2020-241090,34244185
R00176,exclude,E2,Rabbit knee scaffold model,A+B,exclude,Rabbit knee scaffold model,exclude,Rabbit knee model,Lui H,2023,BMP2 and GDF5 for Compartmentalized Regeneration of the Scapholunate Ligament.,Journal of wrist surgery,10.1055/s-0043-1761608,37841358
R00177,include,INC,"50-case cohort, three-ligament tenodesis for SL instability",A+B,include,"50-case cohort, three-ligament tenodesis for SL instability",include,"50 cases three-ligament tenodesis for SL instability, long-term results",scapholunate distance (SLD) from 3.4 mm to 3.4 mm (p = 0.833),,Long-term follow-up of the three-ligament tenodesis for scapholunate ligament lesions: 9-year results.,satisfaction 9/10). Return to work was 81% and grip strength was 80% of the opposite side. Radiological review found no significant correction in the short-term: scapholunate angle (SLA) from 72° to 69° (p = 0.544),,
R00178,exclude,E2,"Biomechanical suture testing, no patients",A+B,exclude,"Biomechanical suture testing, no patients",exclude,Biomechanical suture testing on bone tunnel,Basseri B,2026,Biomechanical comparison of suture materials across a bone tunnel edge.,"The Journal of hand surgery, European volume",10.1177/17531934261483321,42695530
R00179,include,INC,"19 wrists, arthroscopic Mathoulin capsuloligamentous repair for SL injury",A+B,include,"19 wrists, arthroscopic Mathoulin capsuloligamentous repair for SL injury",include,"19 wrists, arthroscopic capsuloligamentous repair for SL injury, outcomes",Thiebaud J,2026,High rates of return-to-sport and work in military personnel after arthroscopic posterior capsuloplasty of the wrist.,Hand surgery & rehabilitation,10.1016/j.hansur.2026.102577,41548845
R00180,exclude,E1,Technique note with single patient,A+B,exclude,Technique note with single patient,exclude,Technique note with single patient,Kakar S,2024,Knotless Arthroscopic Dorsal Scapholunate Capsulodesis: A Simplified Technique.,Journal of wrist surgery,10.1055/s-0043-1768134,39296662
R00181,exclude,E3,"Extensor pollicis longus case, not SL",A+B,exclude,"Extensor pollicis longus case, not SL",exclude,"EPL tendon translocation case, not SL",Afshar A,2026,Extensor Pollicis Longus Tendon Translocation with a History of Thumb Polydactyly Surgery.,Journal of hand surgery global online,10.1016/j.jhsg.2026.101060,42369084
R00182,exclude,E3,"Lateral epicondylopathy, not SL",A+B,exclude,"Lateral epicondylopathy, not SL",exclude,Lateral epicondylopathy of elbow,Siebenlist S,2026,Short- to mid-term clinical outcomes and return to sport and work after arthroscopic debridement of the extensor carpi radialis brevis in patients with chronic lateral epicondylopathy.,Archives of orthopaedic and trauma surgery,10.1007/s00402-026-06456-4,42545580
R00183,exclude,E1,Narrative review of DRUJ instability,A+B,exclude,Narrative review of DRUJ instability,exclude,Narrative review of DRUJ instability,Kraan GA,2026,Restoring balance in the distal radioulnar joint: advancements in minimally invasive surgical approaches.,"The Journal of hand surgery, European volume",10.1177/17531934261417561,41981955
R00184,exclude,E1,"Single case presentation of lunotriquetral repair, not scapholunate",A+B,exclude,"Single case presentation of lunotriquetral repair, not scapholunate",exclude,"Single-patient case presentation; lunotriquetral ligament, not scapholunate",Chambers SB,2025,Front-to-Back Arthroscopic Repair of Complete Lunotriquetral Ligament Injuries: A Case Presentation and Algorithm for Arthroscopic Management of Intercarpal Ligament Injuries.,The Journal of hand surgery,10.1016/j.jhsa.2024.10.015,39665729
R00185,exclude,E3,"Scaphoid nonunion surgery, not SL ligament injury",A+B,exclude,"Scaphoid nonunion surgery, not SL ligament injury",exclude,"Scaphoid nonunion surgery, not SL ligament injury",Ratnasamy PP,2026,The Impact of Scapholunate Angle Correction on Radiographic Union in Adult Scaphoid Nonunion Surgery: An Institutional Retrospective Cohort Study.,"Hand (New York, N.Y.)",10.1177/15589447251397007,41549351
R00186,exclude,E2,"Imaging measurement study on asymptomatic wrists, not clinical",A+B,exclude,"Imaging measurement study on asymptomatic wrists, not clinical",exclude,"CT measurement study of asymptomatic wrists, triquetral alignment",Sippo R,2026,"Triquetral Alignment: Measurement Techniques, Reliability, and Normal Values.",The Journal of hand surgery,10.1016/j.jhsa.2025.12.023,41686105
R00187,exclude,E2,"Anatomical variant of dorsal ligaments, not a clinical study",A+B,exclude,"Anatomical variant of dorsal ligaments, not a clinical study",exclude,"Anatomical variant of dorsal wrist ligaments, not a clinical study",37841349,,The Lateral-W Construct: An Anatomical Variant of the Dorsal Wrist Ligaments.,10.1055/s-0042-1758706,,
R00188,exclude,E2,"Biomechanical design requirements summary, no patient outcomes",A+B,exclude,"Biomechanical design requirements summary, no patient outcomes",exclude,"Biomechanical design requirements for SLIL reconstruction, no patient outcomes",Werner FW,2021,Design Requirements for Scapholunate Interosseous Ligament Reconstruction.,Journal of wrist surgery,10.1055/s-0041-1728802,34881103
R00189,exclude,E3,Piezosurgery osteotomies overview; SL reconstruction only incidental,A+B,exclude,Piezosurgery osteotomies overview; SL reconstruction only incidental,exclude,Piezosurgery osteotomies overview; SL ligament injury not the population,Leti Acciaro A,2022,Piezoelectric Bone Surgery. Overview in Applications and Proof of Feasibility in Hand and Plastic Surgery.,Indian journal of orthopaedics,10.1007/s43465-021-00454-x,35070144
R00190,exclude,E3,Distal radius giant cell tumour with DRUL reconstruction,A+B,exclude,Distal radius giant cell tumour with DRUL reconstruction,exclude,Distal radius giant cell tumour with DRUJ ligament reconstruction,Van Nguyen H,2026,"Management of distal radius giant cell tumours using En-bloc resection, non-vascularized ipsilateral fibular head-shaft autograft, and distal radioulnar ligament reconstruction.",International orthopaedics,10.1007/s00264-025-06732-9,41498921
R00191,include,INC,"Six patients after SL ligament reconstruction, 4D-CT kinematic results",A+B,include,"Six patients after SL ligament reconstruction, 4D-CT kinematic results",include,"Six patients after SL ligament reconstruction, follow-up kinematic outcomes",Berkhout MJ,2025,Scapholunate Kinematics After Combined Palmar and Dorsal Ligament Reconstruction: A Quantitative Evaluation Using Four-Dimensional Computed Tomography.,The Journal of hand surgery,10.1016/j.jhsa.2024.11.014,39772346
R00192,exclude,E2,Cadaver biomechanical study,A+B,exclude,Cadaver biomechanical study,exclude,Cadaver model of staple versus K-wire fixation,Hess D,2021,Motion and Strength Analysis of 2-Tine Staple and K-Wire Fixation in Scapholunate Ligament Stabilization in a Cadaver Model.,Journal of hand surgery global online,10.1016/j.jhsg.2020.12.004,35415539
R00193,exclude,E1,Technique description with two case reports,A+B,exclude,Technique description with two case reports,exclude,Technique description with two case reports,Smith NC,2024,Open Volar STT Ligament Reconstruction to Augment the Mathoulin's Arthroscopic Dorsal Capsuloligamentous Reconstruction: Technique Description and Case Reports.,Journal of wrist surgery,10.1055/s-0043-1768931,38264128
R00194,exclude,E1,Review article on SL instability surgery,A+B,exclude,Review article on SL instability surgery,exclude,Narrative review of SL instability surgical approach,Bain GI,2023,Scapholunate instability: why are the surgical outcomes still so far from ideal?,"The Journal of hand surgery, European volume",10.1177/17531934221148009,36799288
R00195,exclude,E1,Single case report of capitate tumour,A+B,exclude,Single case report of capitate tumour,exclude,"Single case report, capitate giant cell tumour",Ramanujapuram S,2025,Giant Cell Tumor of Capitate with Secondary Aneurysmal Bone Cyst: A Case Report.,Journal of wrist surgery,10.1055/s-0044-1793831,41267946
R00196,exclude,E3,"TFCC tears with DRUJ instability, not SL",A+B,exclude,"TFCC tears with DRUJ instability, not SL",exclude,"TFCC tears with DRUJ instability, not SL ligament",Liao L,2025,Combined Transosseous and Capsular Repair Improves Grip Strength in Triangular Fibrocartilage Complex Tears: A Randomized Controlled Trial.,Arthroscopy : the journal of arthroscopic & related surgery : official publication of the Arthroscopy Association of North America and the International Arthroscopy Association,10.1016/j.arthro.2025.05.005,40373884
R00197,exclude,E3,"Hemi-hamate arthroplasty donor site, not SL injury",A+B,exclude,"Hemi-hamate arthroplasty donor site, not SL injury",exclude,"Hemi-hamate arthroplasty donor site, not SL injury",Phan R,2024,Free hemi-hamate arthroplasty: A review of donor site outcomes.,JPRAS open,10.1016/j.jpra.2024.03.009,38633374
R00198,exclude,E3,TFCC foveal reconstruction for DRUJ instability,A+B,exclude,TFCC foveal reconstruction for DRUJ instability,exclude,TFCC foveal reconstruction for DRUJ instability,Liu B,2026,TFCC Foveal Reconstruction for Chronic DRUJ Instability Using a Single Limb Tendon Graft Technique: A Minimum 32-month Follow-up Study.,Journal of wrist surgery,10.1055/a-2640-4354,41869478
R00199,exclude,E1,Systematic review and meta-analysis on TFCC repair,A+B,exclude,Systematic review and meta-analysis on TFCC repair,exclude,Systematic review and meta-analysis of TFCC repair,Hegazy G,2026,Open versus arthroscopic management of acute and chronic distal radioulnar joint instability: a systematic review and meta-analysis.,BMC musculoskeletal disorders,10.1186/s12891-026-09939-y,42237126
R00200,include,INC,"40 patients, SL ligamentoplasty comparison with clinical outcomes",A+B,include,"40 patients, SL ligamentoplasty comparison with clinical outcomes",include,"40 patients, SL intercarpal ligamentoplasty, clinical and radiological outcomes",Athlani L,2021,Intercarpal ligamentoplasty for scapholunate dissociation: comparison of two techniques.,"The Journal of hand surgery, European volume",10.1177/1753193420940498,32686557
R00201,exclude,E3,Adolescent TFCC foveal repair,A+B,exclude,Adolescent TFCC foveal repair,exclude,Adolescent TFCC foveal repair,Lei Z,2025,Arthroscopic physeal-sparing TFCC foveal repair via a single extracapsular transverse bone tunnel in adolescents: a retrospective cohort study.,BMC musculoskeletal disorders,10.1186/s12891-025-09246-y,41136948
R00202,exclude,E2,Rabbit knee scaffold study,A+B,exclude,Rabbit knee scaffold study,exclude,Rabbit knee scaffold study,Lui H,2021,Multiphasic scaffold for scapholunate interosseous ligament reconstruction: A study in the rabbit knee.,Journal of orthopaedic research : official publication of the Orthopaedic Research Society,10.1002/jor.24785,32579261
R00203,exclude,E1,Single case report of radial midcarpal instability,A+B,exclude,Single case report of radial midcarpal instability,exclude,"Single case report, radial midcarpal instability",Chin-Yi Liao J,2024,Radial Midcarpal Instability Treated with Radioscaphocapitate Ligament Recession: A Case Report.,Journal of wrist surgery,10.1055/s-0043-1770079,38264135
R00204,exclude,E1,Systematic review and meta-analysis on TFCC immobilization,A+B,exclude,Systematic review and meta-analysis on TFCC immobilization,exclude,Systematic review of TFCC immobilization,Lee JK,2026,Postoperative Immobilization After Foveal Triangular Fibrocartilage Complex Repair: A Systematic Review and Meta-Analysis of Comparative Studies.,The Journal of hand surgery,10.1016/j.jhsa.2026.01.029,41811284
R00205,exclude,E3,"Ulnar wrist pain, TFCC repair versus ulnar shortening",A+B,exclude,"Ulnar wrist pain, TFCC repair versus ulnar shortening",exclude,"Ulnar wrist pain, TFCC repair versus ulnar shortening",Tokutake K,2025,Management of Ulnar Wrist Pain Without Ulnar Plus Variance: A Comparative Study of Arthroscopic Triangular Fibrocartilage Complex Repair and Ulnar Shortening Osteotomy.,The journal of hand surgery Asian-Pacific volume,10.1142/s2424835525500444,40583361
R00206,exclude,E3,Scaphoid waist nonunion graft,A+B,exclude,Scaphoid waist nonunion graft,exclude,Scaphoid waist nonunion grafting,Singh V,2021,Non-Vascularized Tri-Cortical Iliac Crest Graft-A Reliable Option in the Management of Scaphoid Waist Non-Unions.,The journal of hand surgery Asian-Pacific volume,10.1142/s2424835521500363,34380398
R00207,exclude,E1,"Single case report, radius osteotomy plus SL tenodesis",A+B,exclude,"Single case report, radius osteotomy plus SL tenodesis",exclude,"Single case report, radius malunion with SL tenodesis",Golubev IO,2025,Double Trouble: Malunited Distal Radius Fracture and Scapholunate Ligament Injury.,Journal of wrist surgery,10.1055/s-0044-1787157,40151781
R00208,exclude,E2,Cadaveric histology of SLIL,A+B,exclude,Cadaveric histology of SLIL,exclude,Cadaveric histology of SLIL subregions,Liew MY,2021,Histomorphology of the Subregions of the Scapholunate Interosseous Ligament and Its Enthesis.,Journal of wrist surgery,10.1055/s-0041-1723792,34881102
R00209,exclude,E1,Review of lunotriquetral ligament injuries,A+B,exclude,Review of lunotriquetral ligament injuries,exclude,Review of lunotriquetral ligament injuries,Wilson MS,2023,Diagnosis and Management of Lunotriquetral Ligament Injuries.,Current reviews in musculoskeletal medicine,10.1007/s12178-022-09819-7,36689137
R00210,exclude,E3,Suspected scaphoid fracture MRI cohort; one incidental SL repair,A+B,exclude,Suspected scaphoid fracture MRI cohort; one incidental SL repair,exclude,Suspected scaphoid fractures MRI cohort; SL repair incidental,Beg RN,2025,Suspected Scaphoid Fractures Investigated with Limited Sequence Wrist MRI Scans: A Prospective Cohort Study.,The journal of hand surgery Asian-Pacific volume,10.1142/s2424835525500705,41309259
R00211,exclude,E3,"DRUJ implant complications, not SL",A+B,exclude,"DRUJ implant complications, not SL",exclude,Aptis DRUJ implant complications,Stougie SD,2025,Aptis Distal Radioulnar Joint Implant: Management of Remarkable Complications.,Journal of wrist surgery,10.1055/s-0044-1779448,40151772
R00212,exclude,E1,Single case report of carpal fractures,A+B,exclude,Single case report of carpal fractures,exclude,Single case report of carpal fractures,Reigstad O,2023,Bilateral carpal pilon-type fractures due to clenched fist trauma: a case report.,Annals of joint,10.21037/aoj-22-25,38529223
R00213,exclude,E3,Perilunate dislocation treatment,A+B,exclude,Perilunate dislocation treatment,exclude,Perilunate dislocation treated with dorsal spanning plate,Nguyen DM,2022,Dorsal Spanning Plate for Perilunate Dislocations.,Journal of wrist surgery,10.1055/s-0041-1729634,35127259
R00214,exclude,E1,Single case report of Essex-Lopresti lesion,A+B,exclude,Single case report of Essex-Lopresti lesion,exclude,"Single case report, Essex-Lopresti lesion",Maroto-Rodríguez R,2025,Sequelae of an acute Essex Lopresti lesion: a case report.,Acta ortopedica mexicana,,41270141
R00215,exclude,E3,Scaphoid nonunion free flap,A+B,exclude,Scaphoid nonunion free flap,exclude,Scaphoid nonunion vascularized flaps,Sarac BA,2026,Ambulatory Free Medial Femoral Condyle and Trochlea Flaps for Management of Scaphoid Fractures and Nonunions.,"Hand (New York, N.Y.)",10.1177/15589447261422499,41778455
R00216,unclear,UNC,SL and/or LT reconstruction cohort; SL data may be separable,A+B,unclear,SL and/or LT reconstruction cohort; SL data may be separable,unclear,Mixed SL and LT reconstruction cohort; SL data may be separate,Colwell JL,2025,Outcomes of All-Dorsal Augmented Intercarpal Ligament Reconstruction.,Plastic and reconstructive surgery,10.1097/prs.0000000000011912,39636694
R00217,exclude,E1,Single case report of DRUJ ligament reconstruction,A+B,exclude,Single case report of DRUJ ligament reconstruction,exclude,"Single case report, DRUJ instability",Zhang B,2024,Ligament reconstruction for distal radioulnar joint instability with the biomechanical analysis: A case report.,Medicine,10.1097/md.0000000000040057,39465789
R00218,exclude,E3,"TFCC and ulnar impingement, not SL",A+B,exclude,"TFCC and ulnar impingement, not SL",exclude,TFCC reconstruction for ulnar impingement syndrome,Li Y,2025,[Wrist arthroscopic Wafer surgery combined with triangular fibrocartilage complex insertion point reconstruction in treatment of Palmer type &lt;b&gt;Ⅱ&lt;/b&gt;C combined with type &lt;b&gt;Ⅰ&lt;/b&gt;B ulnar impingement syndrome].,Zhongguo xiu fu chong jian wai ke za zhi = Zhongguo xiufu chongjian waike zazhi = Chinese journal of reparative and reconstructive surgery,10.7507/1002-1892.202410090,39848717
R00219,include,INC,"Five-patient series, DIC capsulodesis with SLIL repair, outcomes",A+B,include,"Five-patient series, DIC capsulodesis with SLIL repair, outcomes",include,"Five SL instability patients, capsulodesis with SLIL repair, long-term outcomes",Shibayama H,2022,Minimum 5-Year Outcomes of Dorsal Intercarpal Ligament Capsulodesis With Scapholunate Interosseous Ligament Repair for Subacute and Chronic Static Scapholunate Instability: A Clinical Series of 5 Patients.,Journal of hand surgery global online,10.1016/j.jhsg.2022.01.007,35601515
R00220,exclude,E2,Cadaveric biomechanical study of ECRL tenodesis,A+B,exclude,Cadaveric biomechanical study of ECRL tenodesis,exclude,Cadaveric biomechanical study of ECRL tenodesis,Chan AHW,2021,A Biomechanical Evaluation of the ECRL Tenodesis for Reconstruction of the Scapholunate Ligament.,The Journal of hand surgery,10.1016/j.jhsa.2020.08.021,33162272
R00221,exclude,E3,Thalidomide embryopathy skeletal CT findings,A+B,exclude,Thalidomide embryopathy skeletal CT findings,exclude,"Thalidomide embryopathy CT findings, not SL injury",Kamimura C,2024,Skeletal computed tomography findings of upper extremities in middle-aged persons with thalidomide embryopathy.,Intractable & rare diseases research,10.5582/irdr.2024.01035,39220272
R00222,exclude,E1,Review of arthroscopic TFCC repair,A+B,exclude,Review of arthroscopic TFCC repair,exclude,Review of arthroscopic TFCC repair,Zhou JY,2025,Arthroscopic-Assisted Repair of the Triangular Fibrocartilage Complex.,Journal of hand surgery global online,10.1016/j.jhsg.2025.100857,41127220
R00223,include,INC,"112 patients, arthroscopic dorsal capsuloligamentous repair for SL instability",A+B,include,"112 patients, arthroscopic dorsal capsuloligamentous repair for SL instability",include,"112 patients, arthroscopic dorsal capsuloligamentous repair for SL instability",de Villeneuve Bargemon JB,2023,Wide arthroscopic dorsal capsuloligamentous repair in patients with severe scapholunate instability.,The bone & joint journal,10.1302/0301-620x.105b3.bjj-2022-0906.r1,36854344
R00224,exclude,E1,Narrative review of forearm reconstruction with 3D technology,A+B,exclude,Narrative review of forearm reconstruction with 3D technology,exclude,Review of 3D forearm reconstruction,Schweizer A,2026,Structural balance restoration in complex forearm problems using 3D technology.,"The Journal of hand surgery, European volume",10.1177/17531934261430112,41915479
R00225,unclear,UNC,Mixed SL and lunotriquetral BLB reconstruction cohort; SL patients (11) may be separable,A+B,unclear,Mixed SL and lunotriquetral BLB reconstruction cohort; SL patients (11) may be separable,unclear,Mixed SL and lunotriquetral BLB reconstruction cohort; SL data may be separable,Ross PR,2022,Outcomes after Bone-Ligament-Bone Intercarpal Ligament Reconstruction.,Plastic and reconstructive surgery,10.1097/prs.0000000000008955,35157627
R00226,exclude,E4,"Imaging measurement reliability study, no surgical repair or reconstruction",A+B,exclude,"Imaging measurement reliability study, no surgical repair or reconstruction",exclude,"4D CT measurement reliability, imaging only, no surgical repair",Goeminne S,2025,Evaluation of Reliability of Dynamic Scapholunate Distance Measured on 4D CT-Acquired Images.,Journal of wrist surgery,10.1055/s-0044-1786161,40151785
R00227,exclude,E1,Review of scaphoid nonunion reconstruction,A+B,exclude,Review of scaphoid nonunion reconstruction,exclude,Review of scaphoid nonunion arthroscopic reconstruction,Löw S,2026,"[Arthroscopic scaphoid reconstruction in non-unions : Aspects for indication, technique, and results].","Orthopadie (Heidelberg, Germany)",10.1007/s00132-025-04746-0,41299104
R00228,exclude,E3,"SLAC/SNAC wrists treated by midcarpal tenodesis or partial arthrodesis, not SL injury",A+B,exclude,"SLAC/SNAC wrists treated by midcarpal tenodesis or partial arthrodesis, not SL injury",exclude,"SLAC/SNAC II midcarpal tenodesis vs partial arthrodesis, salvage population",Maris S,2026,Midcarpal tenodeses versus partial arthrodeses for stage II SLAC/SNAC wrists: Long-term outcomes from a single-surgeon comparative series.,SICOT-J,10.1051/sicotj/2025069,41728890
R00229,unclear,UNC,"Imaging feasibility study, but patients had pre/postoperative SL distances; surgical procedure not named.",ADJ,unclear,"Imaging feasibility study; operated suspected ligament injuries, procedure and SL status not named",exclude,"Biplanar radiograph SL distance feasibility, imaging only, no named repair",Loisel F,2026,Three dimensional scapholunate distance assessment from biplanar radiographs: A feasibility study in clinical practice.,"Orthopaedics & traumatology, surgery & research : OTSR",10.1016/j.otsr.2025.104298,40409460
R00230,exclude,E2,Cadaveric biomechanical study,A+B,exclude,Cadaveric biomechanical study,exclude,Cadaveric biomechanical study,Park IJ,2020,Internal Bracing Augmentation for Scapholunate Interosseous Ligament Repair: A Cadaveric Biomechanical Study.,The Journal of hand surgery,10.1016/j.jhsa.2020.03.017,32434732
R00231,exclude,E3,"TFCC repair, not SL ligament injury",A+B,exclude,"TFCC repair, not SL ligament injury",exclude,"TFCC repair, not SL ligament",Chęciński M,2025,Early functional outcomes following open reconstruction of the triangular fibrocartilage complex.,European journal of orthopaedic surgery & traumatology : orthopedie traumatologie,10.1007/s00590-025-04232-5,40053100
R00232,include,INC,"14 patients SLIL repair or reconstruction, pain and PRWE outcomes",A+B,include,"14 patients SLIL repair or reconstruction, pain and PRWE outcomes",include,"14 patients after SLIL repair/reconstruction, pain and PRWE outcomes",Vutescu ES,2020,Postoperative Pain Is Correlated with Scaphoid Dorsal Translation following Scapholunate Interosseous Ligament Reconstruction.,Journal of wrist surgery,10.1055/s-0040-1713656,33282534
R00233,exclude,E1,Single case report of perilunate fracture-dislocation,A+B,exclude,Single case report of perilunate fracture-dislocation,exclude,Single case report of perilunate dislocation,Frane N,2021,"Case Study: Trans-styloid, Trans-scaphoid, Trans-triquetral, and Perilunate Dislocation.",Journal of orthopaedic case reports,10.13107/jocr.2021.v11.i06.2260,35437506
R00234,exclude,E1,Systematic review,A+B,exclude,Systematic review,exclude,Systematic review of retinaculum grafts,Estermann L,2025,Retinaculum Grafts in Scapholunate Ligament Reconstruction: A Systematic Review.,Journal of wrist surgery,10.1055/s-0044-1787180,40688641
R00235,exclude,E1,"Single case report, elbow reconstruction for Ewing sarcoma",A+B,exclude,"Single case report, elbow reconstruction for Ewing sarcoma",exclude,"Elbow reconstruction after Ewing sarcoma, single adolescent",do Couto Filho FB,2026,Functional Elbow Reconstruction After Complete Ulnar Resection for Ewing's Sarcoma: Radial Neck Transposition as a Biomechanical Alternative.,Case reports in orthopedics,10.1155/cro/1607267,41589218
R00236,exclude,E3,"Shoulder arthroscopy edema, not SL ligament",A+B,exclude,"Shoulder arthroscopy edema, not SL ligament",exclude,"Shoulder arthroscopy edema, not SL ligament",Ayas İH,2025,Subcutaneous Pectoral Edema After Arthroscopic Labral Repair Despite Normal Irrigation Fluid Usage and Surgery Duration.,Orthopaedic surgery,10.1111/os.14324,39814377
R00237,exclude,E1,"Case series of 4 patients, scaphoid nonunion",A+B,exclude,"Case series of 4 patients, scaphoid nonunion",exclude,"Scaphoid proximal pole nonunion, not SL injury",Rodriguez-Fontan F,2024,Proximal Hamate Reconstruction of Proximal Pole Scaphoid Nonunion: A Case Series and Analysis of Clinical Outcomes.,"Hand (New York, N.Y.)",10.1177/15589447231156210,37161279
R00238,include,INC,13 patients FCR slip SL ligament reconstruction with outcomes,A+B,include,13 patients FCR slip SL ligament reconstruction with outcomes,include,"13 patients, FCR slip SL reconstruction with outcomes",Zafra M,2020,Treatment of static scapholunate dissociation using a slip of the flexor carpi radialis.,European journal of orthopaedic surgery & traumatology : orthopedie traumatologie,10.1007/s00590-020-02706-2,32447458
R00239,exclude,E2,"Immunohistochemical study of harvested ligament specimens, not clinical outcomes",A+B,exclude,"Immunohistochemical study of harvested ligament specimens, not clinical outcomes",exclude,"Immunohistochemical specimen study, not clinical outcomes",Miles O,2025,Collagen and Vascular Changes in the Scapholunate Ligament Following Injury: An Immunohistochemical Study.,The Journal of hand surgery,10.1016/j.jhsa.2024.10.011,39601737
R00240,exclude,E1,"Single case report, tripolar dislocation",A+B,exclude,"Single case report, tripolar dislocation",exclude,"Single case report, tripolar dislocation",Dukan R,2024,Tripolar Dislocation: Elbow Terrible Triad-Essex-Lopresti Injury-Trans-scaphoid Perilunate Dislocation: A Case Report.,JBJS case connector,10.2106/jbjs.cc.22.00757,38181106
R00241,exclude,E2,"Capsulodesis on embalmed wrists, biomechanical",A+B,exclude,"Capsulodesis on embalmed wrists, biomechanical",exclude,"Capsulodesis on embalmed wrists, biomechanical",Bakker D,2020,Assessment of Flexion Elongation Relation and Type of Failure after Capsulodesis.,Journal of wrist surgery,10.1055/s-0040-1708861,33072433
R00242,exclude,E1,Single case report of volar SLIL reconstruction,A+B,exclude,Single case report of volar SLIL reconstruction,exclude,Single case report of volar SLIL reconstruction,Means O,2023,Volar Scapholunate Interosseous Ligament Reconstruction in Acute Traumatic Wrist: A Review of Volar-Based Repairs/Reconstructions.,Journal of hand surgery global online,10.1016/j.jhsg.2023.03.015,37521544
R00243,exclude,E3,"TFCC repair and DRUJ instability, not SL ligament",A+B,exclude,"TFCC repair and DRUJ instability, not SL ligament",exclude,"TFCC/DRUJ instability, not SL ligament",grip strength,,Effect of dorsal capsular imbrication on intraoperative DRUJ instability following arthroscopic TFCC repair surgery.,and patient-reported outcomes (PROMs) were assessed for a minimum of 3 years postoperatively.<h4>Results</h4>Both groups showed significant improvements in pain VAS score,,
R00244,exclude,E1,Editorial commentary on DRUJ instability,A+B,exclude,Editorial commentary on DRUJ instability,exclude,Editorial commentary on TFCC/DRUJ,Thalhammer G,2025,Editorial Commentary: Symptomatic Recurrent Instability of the Distal Radioulnar Joint After Triangular Fibrocartilage Complex Repair in Patients With Ulnar-Sided Wrist Pain May Be Related to Generalized Laxity.,Arthroscopy : the journal of arthroscopic & related surgery : official publication of the Arthroscopy Association of North America and the International Arthroscopy Association,10.1016/j.arthro.2024.12.002,39647673
R00245,exclude,E3,Distal ulna giant cell tumor reconstruction,A+B,exclude,Distal ulna giant cell tumor reconstruction,exclude,Distal ulna giant cell tumour reconstruction,Kapoor L,2024,Ulnar Buttress Arthroplasty without Ulnar Stump Stabilization for Giant Cell Tumor of Distal Ulna.,Journal of wrist surgery,10.1055/s-0043-1768925,38808189
R00246,exclude,E3,"Scaphoid nonunion screw fixation, not SL ligament",A+B,exclude,"Scaphoid nonunion screw fixation, not SL ligament",exclude,"Scaphoid nonunion screw fixation, not SL injury",Vazquez F,2026,Cartilage Cap in Scaphoid Nonunions: An Indication of Stability and Biology?,The Journal of hand surgery,10.1016/j.jhsa.2025.07.019,40848020
R00247,exclude,E2,Finite element analysis of pediatric distal radius fractures,A+B,exclude,Finite element analysis of pediatric distal radius fractures,exclude,"Finite element analysis, pediatric radius fractures",Zhu H,2026,Biomechanical stability of five fixation techniques for pediatric distal radius metaphyseal-diaphyseal junction fractures: a finite element analysis.,Scientific reports,10.1038/s41598-026-61518-2,42471356
R00248,exclude,E2,Biomechanical TFCC repair study,A+B,exclude,Biomechanical TFCC repair study,exclude,Biomechanical study of TFCC repair,60° pronation,,Over-the-Top Foveal Triangular Fibrocartilage Complex Repairs With Distal Radioulnar Joint Instability: A Biomechanical Study.,"and then after the """"over-the-top"""" technique repair with three different suture configurations. Distal radioulnar joint stability was assessed in the following three wrist positions: neutral",,
R00249,exclude,E3,"Ulnar impaction and TFCC foveal repair, not SL",A+B,exclude,"Ulnar impaction and TFCC foveal repair, not SL",exclude,"Ulnar shortening and TFCC repair, not SL",Cha SM,2026,Sequential bilateral ulnar shortening osteotomy and arthroscopic triangular fibrocartilage complex foveal repair.,Hand surgery & rehabilitation,10.1016/j.hansur.2026.102598,41687877
R00250,exclude,E3,Scaphoid nonunion reconstruction with free flap,A+B,exclude,Scaphoid nonunion reconstruction with free flap,exclude,"Scaphoid nonunion reconstruction, not SL injury",Shoji MM,2025,Long-Term Patient-Reported Outcomes of the Medial Femoral Trochlea Osteochondral Free Flap for Proximal Scaphoid Reconstruction.,The Journal of hand surgery,10.1016/j.jhsa.2025.05.003,40580173
R00251,exclude,E3,"TFCC foveal repair immobilization, not SL ligament",A+B,exclude,"TFCC foveal repair immobilization, not SL ligament",exclude,"TFCC foveal repair immobilization, not SL ligament",Oh HC,2025,Effect of Postoperative Immobilization Method on Outcomes Following Triangular Fibrocartilage Complex Transosseous Foveal Repair: Long-Arm Cast Versus Muenster Brace.,Clinics in orthopedic surgery,10.4055/cios25084,41356554
R00252,exclude,E1,"Surgical technique note, no patient outcomes",A+B,exclude,"Surgical technique note, no patient outcomes",exclude,Surgical technique note without patient outcomes,de Villeneuve Bargemon JB,2023,Surgical Technique: Wide Arthroscopic Dorsal Capsuloligamentous Repair for Advanced Scapholunate Instability.,Arthroscopy techniques,10.1016/j.eats.2022.11.024,37013014
R00253,exclude,E1,Case report of 3 patients,A+B,exclude,Case report of 3 patients,exclude,Case report of 3 patients,Lee EY,2023,Osteolysis After Augmented Scapholunate Ligament Reconstruction: A Report of 3 Cases.,JBJS case connector,10.2106/jbjs.cc.23.00285,38048407
R00254,exclude,E1,Two case reports of perilunate fracture-dislocation,A+B,exclude,Two case reports of perilunate fracture-dislocation,exclude,"Two-case report, perilunate fracture dislocations",Orcutt MA,2020,"Nuanced Trans-scaphoid, Perilunate Fracture Dislocations With Complete Scapholunate Dissociation: Two Cases With Proximal Row Preservation.",Journal of the American Academy of Orthopaedic Surgeons. Global research & reviews,10.5435/jaaosglobal-d-20-00092,33350621
R00255,exclude,E3,"TFCC Palmer IB repair, not SL ligament",A+B,exclude,"TFCC Palmer IB repair, not SL ligament",exclude,"TFCC Palmer IB repair, not SL ligament",Yin Z,2024,Arthroscopic dual-bone tunnel repair for palmer type IB injuries of the triangular fibrocartilage complex.,BMC musculoskeletal disorders,10.1186/s12891-024-07809-z,39192239
R00256,exclude,E1,Single case report of radiocarpal dislocation,A+B,exclude,Single case report of radiocarpal dislocation,exclude,"Single case report, radiocarpal dislocation",Park IJ,2020,Treatment of purely ligamentous dorsoulnar radiocarpal dislocation with ulnar translation of the carpus: A case report.,Medicine,10.1097/md.0000000000023451,33235132
R00257,include,INC,146 patients arthroscopic SL dorsal capsulodesis with radiological outcomes,A+B,include,146 patients arthroscopic SL dorsal capsulodesis with radiological outcomes,include,"146 patients, arthroscopic SL dorsal capsulodesis, radiological outcomes",Borrel F,2023,Radiologic Evolution after Scapholunate Dorsal Capsulodesis for Chronic Tears.,Journal of wrist surgery,10.1055/s-0043-1764159,37841361
R00258,exclude,E1,Single case report of scaphoid dislocation,A+B,exclude,Single case report of scaphoid dislocation,exclude,"Single case report, scaphoid dislocation",Rout S,2024,Reconstructing the Future: Long-Term Outcome of a Case of Scaphoid Dislocation With Concurrent Hamate and Triquetrum Fractures.,Cureus,10.7759/cureus.70449,39345807
R00259,exclude,E3,"Elbow instability, not SL ligament",A+B,exclude,"Elbow instability, not SL ligament",exclude,"Elbow instability, not SL ligament",Smith MP,2025,Internal joint stabilizer vs. stand-alone ligament repair in treatment of traumatic elbow instability: an age-matched analysis.,Journal of shoulder and elbow surgery,10.1016/j.jse.2025.03.012,40258530
R00260,exclude,E1,Technique description without patient outcomes,A+B,exclude,Technique description without patient outcomes,exclude,Surgical technique description without patient outcomes,Haerle M,2023,Arthroscopic Capsulodesis for the Treatment of Dynamic Scapholunate Dissociations.,Techniques in hand & upper extremity surgery,10.1097/bth.0000000000000418,36382512
R00261,exclude,E2,Cadaveric anatomical feasibility study,A+B,exclude,Cadaveric anatomical feasibility study,exclude,Cadaveric anatomical feasibility study,Everitt RS,2025,An anatomical feasibility study using the first metatarsal head as a vascularized bone graft for proximal pole of scaphoid reconstruction.,"The Journal of hand surgery, European volume",10.1177/17531934241256792,38833541
R00262,exclude,E1,"Technique note for midcarpal instability in EDS, no outcomes",A+B,exclude,"Technique note for midcarpal instability in EDS, no outcomes",exclude,"Technique note, midcarpal instability in EDS, no outcomes",Muneer M,2025,Soft Tissue Stabilization of Midcarpal Instability in Ehlers-Danlos Patients Using a Cadaveric Tendon Graft.,Plastic and reconstructive surgery. Global open,10.1097/gox.0000000000006963,40672794
R00263,exclude,E2,DRUJ kinematics imaging of normal wrists,A+B,exclude,DRUJ kinematics imaging of normal wrists,exclude,"DRUJ kinematics, not SL ligament injury",Li E,2026,Kinematics of the Distal Radioulnar Joint: A Dynamic CT Analysis.,Journal of wrist surgery,10.1055/a-2506-6910,41869467
R00264,exclude,E3,"Radiocarpal fracture-dislocation, not SL ligament injury",A+B,exclude,"Radiocarpal fracture-dislocation, not SL ligament injury",exclude,"Radiocarpal fracture-dislocation, not SL ligament",Hsu S,2023,Dumontier group 2 radiocarpal fracture-dislocation: The results of open reduction and fixation without volar ligament repair.,Injury,10.1016/j.injury.2023.03.025,37005136
R00265,exclude,E3,"Ulnar extrinsic ligament tears, not SL",A+B,exclude,"Ulnar extrinsic ligament tears, not SL",exclude,"Ulnar extrinsic ligament tears, not SL ligament",Coughlan MJ,2026,"Ulnar Extrinsic Ligament Tears: Clinical Presentation, Surgical Management, and Outcomes of Surgical Repair Extending Into Long-term Follow-up.","Hand (New York, N.Y.)",10.1177/15589447251329563,40241241
R00266,exclude,E1,"Single case report, lunotriquetral coalition",A+B,exclude,"Single case report, lunotriquetral coalition",exclude,"Single case report, lunotriquetral coalition",Hall SM,2022,Technique for Reconstruction of Midcarpal Instability Associated with Lunotriquetral Coalition.,Plastic and reconstructive surgery. Global open,10.1097/gox.0000000000004430,35813107
R00267,exclude,E3,Scaphoid proximal pole nonunion hamate arthroplasty,A+B,exclude,Scaphoid proximal pole nonunion hamate arthroplasty,exclude,"Scaphoid proximal pole nonunion, not SL injury",Okhovatpour MA,2025,Non-repairable Scaphoid Proximal Pole Nonunion Reconstruction by Hamate Arthroplasty: A Case Series Study.,The archives of bone and joint surgery,10.22038/abjs.2024.79732.3644,39980798
R00268,exclude,E3,"Hip fracture case, unrelated",A+B,exclude,"Hip fracture case, unrelated",exclude,"Femur fracture case, unrelated to SL ligament",Shahul S,2025,Complex Femoral Reconstruction in an Osteoporotic Elderly Patient: From Trochanteric Femoral Nailing Fixation to Hemiarthroplasty.,Cureus,10.7759/cureus.89904,40951038
R00269,include,INC,"108 patients, early vs late motion after 3-ligament tenodesis for SL injury",A+B,include,"108 patients, early vs late motion after 3-ligament tenodesis for SL injury",include,Cohort of 3-ligament tenodesis for SL injury comparing postoperative motion protocols,Bakker D,2022,"Is Early Active Motion After 3-Ligament Tenodesis Noninferior to Late Active Motion? A Prospective, Multicenter Cohort Study.",The Journal of hand surgery,10.1016/j.jhsa.2022.07.002,36055872
R00270,include,INC,120 patients dorsal capsulodesis for chronic SL instability with outcomes,A+B,include,120 patients dorsal capsulodesis for chronic SL instability with outcomes,include,"120 patients, Mayo capsulodesis for chronic SL instability with outcomes",Micicoi G,2020,Dorsal intercarpal ligament capsulodesis: a retrospective study of 120 patients according to types of chronic scapholunate instability.,"The Journal of hand surgery, European volume",10.1177/1753193420911338,32216521
R00271,include,INC,"Delayed SL ligament repair, 15 patients with clinical and radiographic outcomes",A+B,include,"Delayed SL ligament repair, 15 patients with clinical and radiographic outcomes",include,"15 patients, delayed SL ligament repair with clinical and radiographic outcomes",Moneim MS,2021,Long-term Outcomes of Delayed Scapholunate Ligament Repair After Complete Rupture of the Ligament.,Orthopedics,10.3928/01477447-20210415-04,34039212
R00272,exclude,E1,"Conference abstract, no abstract text",A+B,exclude,"Conference abstract, no abstract text",exclude,"Conference abstract, no abstract text, likely single case",Means O,2023,Palmar Scapholunate Interosseous Ligament Repair in the Acute Traumatic Wrist Disarticulation,Plastic and reconstructive surgery. Global open,,
R00273,exclude,E3,"Distal radioulnar joint arthropathy, not SL injury",A+B,exclude,"Distal radioulnar joint arthropathy, not SL injury",exclude,"Distal radioulnar joint arthropathy, not SL injury",Barret H,2020,Modification of matched distal ulnar resection for distal radio-ulnar joint arthropathy: Analysis of distal instability and radio-ulnar convergence.,"Orthopaedics & traumatology, surgery & research : OTSR",10.1016/j.otsr.2020.07.008,33160877
R00274,exclude,E1,"Letter/comment, no abstract",A+B,exclude,"Letter/comment, no abstract",exclude,Letter/comment on SLAM technical errors,Zlotolow DA,2020,Technical Errors in the Implantation of the Scapholunate Axis Method (SLAM) Resulting in Avascular Necrosis of the Lunate.,The Journal of hand surgery,10.1016/j.jhsa.2020.03.012,32327335
R00275,exclude,E3,"TFCC repair, not SL ligament injury",A+B,exclude,"TFCC repair, not SL ligament injury",exclude,"TFCC repair, not SL ligament",von Matthey F,2025,"Analysis of the Correlation Between Postoperative MRI Findings, Patient-Reported Outcome Measures, and Residual Pain After Arthroscopic TFCC Repair-A Pilot Study.",Journal of clinical medicine,10.3390/jcm14113729,40507491
R00276,include,INC,"ECRB SL ligament reconstruction, 36 patients with functional outcomes",A+B,include,"ECRB SL ligament reconstruction, 36 patients with functional outcomes",include,"36 patients, SL reconstruction with ECRB tendon, outcomes reported",Oeckenpöhler S,2023,Scapholunate ligament reconstruction using a part of the extensor carpi radialis brevis tendon through a dorsal approach.,"The Journal of hand surgery, European volume",10.1177/17531934221143679,36621934
R00277,exclude,E3,"Scaphoid nonunion with prosthesis, not SL ligament injury",A+B,exclude,"Scaphoid nonunion with prosthesis, not SL ligament injury",exclude,"Scaphoid nonunion population with prostheses, not SL injury",Cioffi A,2023,Treatment of Scaphoid Non-Unions with Custom-Made 3D-Printed Titanium Partial and Total Scaphoid Prostheses and Scaphoid Interosseous Ligament Reconstruction.,"Healthcare (Basel, Switzerland)",10.3390/healthcare11243123,38132013
R00278,exclude,E1,"Single case report, DRUJ instability",A+B,exclude,"Single case report, DRUJ instability",exclude,Single case report of DRUJ instability,Sullivan R,2025,Restoring Wrist Stability: A Case Report on Sigmoid Notch Osteoplasty and Distal Radial Ulnar Joint Reconstruction Using Allograft.,Journal of hand surgery global online,10.1016/j.jhsg.2025.100744,40497276
R00279,unclear,UNC,"SL capsulodesis technique, truncated abstract; patient outcomes unknown",A+B,unclear,"SL capsulodesis technique, truncated abstract; patient outcomes unknown",unclear,"SL volar capsulodesis technique; abstract truncated, patient outcomes unknown",The Journal of hand surgery,,Arthroscopic-Assisted Volar Scapholunate Capsulodesis: A New Technique.,35965143,,
R00280,exclude,E1,"Single case report, DRUJ dislocation",A+B,exclude,"Single case report, DRUJ dislocation",exclude,Single case report of DRUJ dislocation,Tathe P,2024,The Novel Technique of Reconstruction of Neglected Distal Radioulnar Joint Dislocation in a Case of Two Months Old Midshaft Galeazzi Fracture Dislocation without Use of Tendon Graft - A Case Report.,Journal of orthopaedic case reports,10.13107/jocr.2024.v14.i02.4216,38420234
R00281,exclude,E2,Cadaveric biomechanical TFCC study,A+B,exclude,Cadaveric biomechanical TFCC study,exclude,Cadaveric biomechanical TFCC study,Liao L,2025,Biomechanical Analysis of Transosseous Repair Versus Combined Transosseous With Capsular Repair for Triangular Fibrocartilage Complex Tears With Instability.,The Journal of hand surgery,10.1016/j.jhsa.2024.02.012,39001768
R00282,include,INC,"SL 360 tenodesis, nine patients with outcomes",A+B,include,"SL 360 tenodesis, nine patients with outcomes",include,"Nine patients, SL 360 tenodesis for SL instability with outcomes",Kakar S,2021,Scapholunate ligament 360 degrees  procedure.,The bone & joint journal,10.1302/0301-620x.103b5.bjj-2020-1964.r2,33934641
R00283,exclude,E1,"Letter/comment on a 3LT study, no abstract",A+B,exclude,"Letter/comment on a 3LT study, no abstract",exclude,Letter/comment on three-ligament tenodesis study,Arenas-Prat J,2020,"Re: Blackburn J, et al. Hand-Wrist Study Group. Three-ligament tenodesis for chronic scapholunate injuries: short-term outcomes in 203 patients. J Hand Surg Eur. 2020, 45: 383-8.","The Journal of hand surgery, European volume",10.1177/1753193420940170,32659132
R00284,exclude,E3,"Foveal TFCC repair, not SL ligament",A+B,exclude,"Foveal TFCC repair, not SL ligament",exclude,"Foveal TFCC repair, not SL ligament",Shinohara I,2024,Foveal Triangular Fibrocartilage Complex Tear Repair With Nonabsorbent Suture Tape.,The Journal of hand surgery,10.1016/j.jhsa.2022.09.009,36841664
R00285,exclude,E1,"Single case report, ulnar impaction and TFCC",A+B,exclude,"Single case report, ulnar impaction and TFCC",exclude,"Single case report, ulnar impaction and TFCC",Kito M,2026,Ulnar Impaction Syndrome Secondary to Chronic Monteggia Fracture: A Case Report.,Journal of wrist surgery,10.1055/a-2640-4196,42524602
R00286,exclude,E3,Diagnostic arthroscopy for suspected TFCC lesions,A+B,exclude,Diagnostic arthroscopy for suspected TFCC lesions,exclude,Diagnostic arthroscopy for suspected TFCC lesions,van Wijk L,2025,Diagnostic wrist arthroscopy: findings in patients suspected of TFCC lesions.,Archives of orthopaedic and trauma surgery,10.1007/s00402-025-06002-8,40767920
R00287,exclude,E2,"Cadaver anatomic study, scaphoid nonunion technique",A+B,exclude,"Cadaver anatomic study, scaphoid nonunion technique",exclude,Cadaver anatomic study of scaphoid reconstruction,Larkins CG,2021,Autologous Osteoligamentous Reconstruction of Scaphoid Proximal Pole With Metatarsal Head and Collateral Ligament: Cadaver Anatomic Description of Novel Surgical Technique.,"Hand (New York, N.Y.)",10.1177/1558944719895616,31965865
R00288,exclude,E3,"TFCC and ulnocarpal instability, not SL",A+B,exclude,"TFCC and ulnocarpal instability, not SL",exclude,"TFCC and ulnocarpal instability, not SL",Pilla NI,2025,Extensor Retinaculum Capsulorrhaphy and Suture Repair for Ulnocarpal and Distal Radioulnar Joint Instability: One-Year Results.,Journal of hand surgery global online,10.1016/j.jhsg.2025.100806,41036257
R00289,exclude,E1,"Single case report, distal radius fracture",A+B,exclude,"Single case report, distal radius fracture",exclude,"Single case report, distal radius fracture graft",Yuasa Y,2025,Treatment With an Osteochondral Graft From the Olecranon for a Fernandez Classification Type 4 Distal Radial Fracture.,Journal of hand surgery global online,10.1016/j.jhsg.2025.01.015,40496411
R00290,exclude,E2,Cadaveric ECU subsheath study,A+B,exclude,Cadaveric ECU subsheath study,exclude,Cadaveric ECU subsheath reconstruction study,Hong DY,2026,Radial- versus Ulnar-Based Extensor Retinaculum Reconstruction for Extensor Carpi Ulnaris Instability: A Cadaveric Study.,Journal of wrist surgery,10.1055/a-2622-5102,42179700
R00291,exclude,E1,"Technique note on DICL avulsion, no patient outcomes",A+B,exclude,"Technique note on DICL avulsion, no patient outcomes",exclude,"Technique note for DICL repair, no patient outcomes",Chung SR,2024,Arthroscopic Midcarpal Suture Anchor Repair of Dorsal Intercarpal Ligament Avulsion.,Arthroscopy techniques,10.1016/j.eats.2024.103028,39233801
R00292,exclude,E3,"ECU subsheath reconstruction, not SL ligament",A+B,exclude,"ECU subsheath reconstruction, not SL ligament",exclude,"ECU subsheath instability, not SL ligament",Png C,2024,A Novel Technique Using the Dorsal Capsule of the Distal Radioulnar Joint for Extensor Carpi Ulnaris Tendon Subsheath Reconstruction.,Journal of wrist surgery,10.1055/s-0043-1762931,38505206
R00293,exclude,E2,Cadaveric biomechanical study of SL repair,A+B,exclude,Cadaveric biomechanical study of SL repair,exclude,Cadaveric biomechanical study of SL repair,Thompson RG,2021,Suture Tape Augmentation for Scapholunate Ligament Repair: A Biomechanical Study.,The Journal of hand surgery,10.1016/j.jhsa.2020.06.017,32811693
R00294,unclear,UNC,"Debridement-first cohort; 46% had reconstruction, outcomes by group unclear",A+B,unclear,"Debridement-first cohort; 46% had reconstruction, outcomes by group unclear",unclear,"SL instability; debridement alone but 46% had reconstruction, results unclear",Steppe C,2024,Arthroscopic Debridement for Treatment of Chronic Dynamic Scaphoid Instability.,Journal of wrist surgery,10.1055/s-0043-1769934,39027026
R00295,exclude,E3,"Combined wrist and elbow fracture-dislocations, not SL injury",A+B,exclude,"Combined wrist and elbow fracture-dislocations, not SL injury",exclude,"Combined wrist and elbow fracture-dislocations, not SL",Niu X,2023,Surgical management of acute combined injuries of the ipsilateral wrist and elbow joints.,Annals of translational medicine,10.21037/atm-22-6598,36846016
R00296,exclude,E1,Narrative review of DRUJ instability,A+B,exclude,Narrative review of DRUJ instability,exclude,Narrative review of DRUJ instability,Harbrecht A,2025,Instability of the Distal Radioulnar Joint.,Deutsches Arzteblatt international,10.3238/arztebl.m2025.0054,40232194
R00297,exclude,E1,"Single case report, Barton fracture",A+B,exclude,"Single case report, Barton fracture",exclude,"Single case report, Barton fracture",Bhattarai A,2024,Neglected volar Barton fracture in adult managed in a rural setting: a case report.,Annals of medicine and surgery (2012),10.1097/ms9.0000000000001874,38576909
R00298,exclude,E2,Cadaveric study of radiocarpal arthrotomy,A+B,exclude,Cadaveric study of radiocarpal arthrotomy,exclude,"Cadaveric biomechanical study, radiocarpal arthrotomy",Douleh DG,2024,Ligament-Sparing Volar Radiocarpal Arthrotomy During Distal Radius Fracture Repair: Biomechanical Implications on Wrist Stability in a Cadaveric Model.,The Journal of hand surgery,10.1016/j.jhsa.2022.08.028,36625632
R00299,exclude,E3,Nondissociative carpal instability with intact SL ligament,A+B,exclude,Nondissociative carpal instability with intact SL ligament,exclude,"Nondissociative instability, SL ligament intact",Loisel F,2022,Traumatic Nondissociative Carpal Instability: A Case Series.,The Journal of hand surgery,10.1016/j.jhsa.2021.04.024,34176708
R00300,exclude,E3,Nondissociative carpal instability after wrist fractures,A+B,exclude,Nondissociative carpal instability after wrist fractures,exclude,"Nondissociative carpal instability after fractures, not SL injury",Fok MWM,2020,Carpal Instability Nondissociative Following Acute Wrist Fractures.,The Journal of hand surgery,10.1016/j.jhsa.2019.11.018,32111464
R00301,exclude,E3,"Foveal TFCC repair, not SL ligament",A+B,exclude,"Foveal TFCC repair, not SL ligament",exclude,"Foveal TFCC repair, not SL ligament",Shoulder,,"Arthroscopically assisted repair of foveal triangular fibrocartilage complex tear using modified ""double loop suture"""" - a retrospective cohort study.""",significantly decreased from 5 (95% CI 4-6) points preoperatively to 2 (95% CI 1-3) points at the final follow-up (p < 0.05). The grip strength and Disabilities of the Arm,,
R00302,exclude,E1,Review of TFCC surgery complications,A+B,exclude,Review of TFCC surgery complications,exclude,Review of TFCC surgery complications,Mak MCK,2024,Complications after arthroscopic triangular fibrocartilage complex (TFCC) surgery.,"The Journal of hand surgery, European volume",10.1177/17531934231218608,38315134
R00303,exclude,E1,Systematic review of radiocarpal dislocations,A+B,exclude,Systematic review of radiocarpal dislocations,exclude,Systematic review of radiocarpal dislocations,Eslami A,2025,"Systematic review of radiocarpal dislocations: epidemiology, treatment modalities, and outcomes.",European journal of orthopaedic surgery & traumatology : orthopedie traumatologie,10.1007/s00590-025-04252-1,40137999
R00304,exclude,E1,"TFCC repair technique note, no patient outcomes",A+B,exclude,"TFCC repair technique note, no patient outcomes",exclude,"TFCC surgical technique note, no patient outcomes",Choudhury MM,2024,An All-Arthroscopic Technique of Repairing Foveal Tears of the Triangular Fibrocartilage Complex Using a Bone Anchor-Repair Made Simple.,Techniques in hand & upper extremity surgery,10.1097/bth.0000000000000454,38380473
R00305,exclude,E3,TFCC foveal repair for DRUJ instability,A+B,exclude,TFCC foveal repair for DRUJ instability,exclude,"TFCC foveal repair, DRUJ instability, not SL",Kim JS,2025,Generalized Joint Laxity Increases the Risk of Recurrence of Distal Radioulnar Joint Instability after Arthroscopic Foveal Repair of the Triangular Fibrocartilage Complex.,Arthroscopy : the journal of arthroscopic & related surgery : official publication of the Arthroscopy Association of North America and the International Arthroscopy Association,10.1016/j.arthro.2024.10.040,39521390
R00306,exclude,E1,Systematic review and meta-analysis of wrist arthroscopy,A+B,exclude,Systematic review and meta-analysis of wrist arthroscopy,exclude,Systematic review and meta-analysis of wrist arthroscopy,Karjalainen VL,2023,Minimal invasions: is wrist arthroscopy supported by evidence? A systematic review and meta-analysis.,Acta orthopaedica,10.2340/17453674.2023.11957,37114362
R00307,exclude,E3,"Trapeziectomy for thumb arthritis, not SL injury",A+B,exclude,"Trapeziectomy for thumb arthritis, not SL injury",exclude,"Trapeziectomy for thumb arthritis, not SL injury",Paul AW,2022,Effect of Trapeziectomy on Carpal Stability.,"Hand (New York, N.Y.)",10.1177/1558944720939198,32666846
R00308,exclude,E3,"Dorsal peripheral TFCC repair, not SL ligament",A+B,exclude,"Dorsal peripheral TFCC repair, not SL ligament",exclude,"Dorsal peripheral TFCC repair, not SL",Ecker J,2025,Outcome of Arthroscopic Dorsal Peripheral Repairs of the Triangular Fibrocartilage with a Positive Hook Test and an Intact Foveal Ligament.,Journal of wrist surgery,10.1055/a-2500-9797,41267956
R00309,exclude,E2,Cadaveric kinematics of scaphoid reconstruction grafts,A+B,exclude,Cadaveric kinematics of scaphoid reconstruction grafts,exclude,Cadaveric kinematics of scaphoid reconstruction,Gil JA,2024,Proximal Scaphoid Reconstruction Techniques Comparison of Three Techniques for Proximal Scaphoid Recontruction.,Journal of wrist surgery,10.1055/s-0044-1786525,39296655
R00310,exclude,E1,Conference abstract; shoulder cadaver and CT study,A+B,exclude,Conference abstract; shoulder cadaver and CT study,exclude,"Conference abstract, cadaveric glenoid allograft study",,2023,Paper 02: Distal Radius Allograft for Glenohumeral Instability: A Novel Osteochondral Allograft Reconstruction Option in the Setting of Glenoid Bone Loss,Orthopaedic journal of sports medicine,,
R00311,include,INC,"Acute versus subacute SL ligament repair, 24 patients, long-term outcomes",A+B,include,"Acute versus subacute SL ligament repair, 24 patients, long-term outcomes",include,"24 patients, acute versus subacute SL ligament repair outcomes",Chen RE,2022,Outcomes of Acute Versus Subacute Scapholunate Ligament Repair.,Journal of hand surgery global online,10.1016/j.jhsg.2021.10.007,35434576
R00312,exclude,E2,Sigmoid notch morphometry on cadavers and CT,A+B,exclude,Sigmoid notch morphometry on cadavers and CT,exclude,Sigmoid notch morphometry on cadavers and normal CT,Bhat AK,2024,Morphometry of sigmoid notch: A novel method of shape assessment for clinical practice.,Journal of orthopaedics,10.1016/j.jor.2023.11.007,38059049
R00313,exclude,E3,Scaphoid nonunion treated with hamate transfer,A+B,exclude,Scaphoid nonunion treated with hamate transfer,exclude,Scaphoid nonunion treated with hamate transfer,Colon-Morillo RE,2025,Proximal Pole Scaphoid Fracture Nonunion Treated With Ipsilateral Hamate Transfer: A Case Series.,The Journal of hand surgery,10.1016/j.jhsa.2025.04.022,40464734
R00314,exclude,E2,Cadaveric study of volar arthrotomy visualization,A+B,exclude,Cadaveric study of volar arthrotomy visualization,exclude,Cadaveric arthrotomy visualization study,Douleh DG,2024,Ligament-Sparing Volar Radiocarpal Arthrotomy During Distal Radius Fracture Repair: Anatomical Description and Quantification of Articular Surface Area Visualized in a Cadaveric Model.,The Journal of hand surgery,10.1016/j.jhsa.2022.08.015,36253197
R00315,exclude,E1,Report of two perilunate cases,A+B,exclude,Report of two perilunate cases,exclude,Case report of two perilunate injuries,Krishna SV,2024,Radially Displaced Perilunate Injuries: A Report of Two Cases.,Journal of wrist surgery,10.1055/s-0043-1770952,38264132
R00316,exclude,E3,"TFCC foveal tears, not scapholunate injury",A+B,exclude,"TFCC foveal tears, not scapholunate injury",exclude,"TFCC foveal tears, not scapholunate injury",Lo IN,2024,Comparing the Outcomes of Suture Anchor Repair and Rein-Type Capsular Suture for Triangular Fibrocartilage Complex Foveal Tears With a Minimum 2-Year Follow-Up.,The Journal of hand surgery,10.1016/j.jhsa.2023.12.010,38300191
R00317,exclude,E1,"Review; thumb CMC-I arthroplasty, not SL",A+B,exclude,"Review; thumb CMC-I arthroplasty, not SL",exclude,Review of trapezium resection arthroplasty,Langer MF,2021,[Resection arthoplasty of the trapezium with ligament reconstruction and tendon interposition and variations].,Operative Orthopadie und Traumatologie,10.1007/s00064-021-00715-w,34106290
R00318,exclude,E1,Review of ECU instability,A+B,exclude,Review of ECU instability,exclude,Comprehensive review of ECU instability,Thirumavalavan J,2024,Extensor Carpi Ulnaris Instability: A Comprehensive Review of Pathology and Operative Techniques.,"Hand (New York, N.Y.)",10.1177/15589447231168908,37226412
R00319,exclude,E2,"Histology of ligament specimens, no patient outcomes",A+B,exclude,"Histology of ligament specimens, no patient outcomes",exclude,"Histology of ligament specimens, no patient outcomes",Miles O,2025,Immunohistochemical Investigation of Mechanoreceptors Within the Injured Scapholunate Ligament.,The Journal of hand surgery,10.1016/j.jhsa.2023.10.002,38043032
R00320,exclude,E1,Narrative overview of TFCC injuries,A+B,exclude,Narrative overview of TFCC injuries,exclude,Narrative overview of TFCC injury management,Jawed A,2020,TFCC injuries: How we treat?,Journal of clinical orthopaedics and trauma,10.1016/j.jcot.2020.06.001,32742122
R00321,exclude,E3,TFCC foveal tears with DRUJ instability,A+B,exclude,TFCC foveal tears with DRUJ instability,exclude,"TFCC foveal tears, not scapholunate",Lee SW,2024,Clinical Outcomes and Failure Rate of Triangular Fibrocartilage Complex Foveal Repair Were Comparable between Arthroscopic and Open Techniques.,Journal of clinical medicine,10.3390/jcm13102766,38792310
R00322,exclude,E3,"TFCC in Galeazzi fracture-dislocations, six patients",A+B,exclude,"TFCC in Galeazzi fracture-dislocations, six patients",exclude,"Galeazzi injuries with TFCC tears, not SL",Choudhury MM,2025,Arthroscopic Examination of the Triangular Fibrocartilage Complex in Galeazzi Injuries: Revisiting a Complex Injury.,Journal of wrist surgery,10.1055/s-0043-1776002,39896904
R00323,exclude,E1,Review of TFCC arthroscopic repair,A+B,exclude,Review of TFCC arthroscopic repair,exclude,Narrative review of TFCC repair,Zhou JY,2024,Arthroscopic-Assisted Repair of the Triangular Fibrocartilage Complex.,Journal of hand surgery global online,10.1016/j.jhsg.2024.03.011,39166194
R00324,exclude,E1,"Single case report, perilunate dislocation",A+B,exclude,"Single case report, perilunate dislocation",exclude,Single perilunate dislocation case report,Alzahrani AA,2024,A variant of perilunate dislocation: A case report and literature review.,Radiology case reports,10.1016/j.radcr.2024.06.013,39040830
R00325,exclude,E1,Three-patient DRUJ case series,A+B,exclude,Three-patient DRUJ case series,exclude,Three-patient DRUJ case series,Hsiao YN,2022,Treatment of acute distal radioulnar joint instability with distal oblique bundle augmentation of the interosseous membrane by suture-button suspension: A case series.,Joint diseases and related surgery,10.52312/jdrs.2022.765,36345195
R00326,exclude,E3,"Failed thumb basal joint arthroplasty, not SL",A+B,exclude,"Failed thumb basal joint arthroplasty, not SL",exclude,"Failed thumb basal joint arthroplasty, not SL",proximal thumb metacarpal migration (17),,Failed Thumb Basal Joint Arthroplasty: An Analysis of Common Etiologies Leading to Reoperation.,radial metacarpal base subluxation (18),,
R00327,exclude,E1,Systematic review and meta-analysis,A+B,exclude,Systematic review and meta-analysis,exclude,Systematic review and meta-analysis,Stein A,2024,Is the Repair of Acute Scapholunate Injuries Associated With Distal Radius Fractures Necessary at the Time of Osteosynthesis? A Systematic Review and Meta-Analysis.,"Hand (New York, N.Y.)",10.1177/15589447231151259,36802849
R00328,exclude,E2,Cadaveric study of scaphoid reconstruction flap,A+B,exclude,Cadaveric study of scaphoid reconstruction flap,exclude,Cadaveric scaphoid flap study,Witters M,2024,Vascularized hemi-hamate graft: Anatomic description of a novel pedicled osteo-chondro-ligamentous flap for proximal scaphoid reconstruction.,"Journal of plastic, reconstructive & aesthetic surgery : JPRAS",10.1016/j.bjps.2024.08.050,39241678
R00329,exclude,E3,"Sauve-Kapandji DRUJ disorders, not SL",A+B,exclude,"Sauve-Kapandji DRUJ disorders, not SL",exclude,"Sauve-Kapandji DRUJ disorders, not SL",Kim J,2021,A Modified Extensor Carpi Ulnaris Tenodesis with the Sauvé-Kapandji Procedure.,The journal of hand surgery Asian-Pacific volume,10.1142/s242483552150034x,34380400
R00330,exclude,E2,Cadaveric biomechanical perilunate fixation study,A+B,exclude,Cadaveric biomechanical perilunate fixation study,exclude,Cadaveric biomechanical perilunate study,Vivace BJ,2025,Adjunctive Dorsal Spanning Plate Fixation in the Stabilization of Perilunate Dislocations.,The Journal of hand surgery,10.1016/j.jhsa.2024.04.016,38934992
R00331,exclude,E1,"WALANT anesthesia technique description, no patient outcomes",A+B,exclude,"WALANT anesthesia technique description, no patient outcomes",exclude,"WALANT technique description, no patient outcomes",Brutus JP,2024,Description of WALANT technique in open bone and ligament wrist surgery.,Hand surgery & rehabilitation,10.1016/j.hansur.2023.10.004,38393765
R00332,exclude,E1,Review of CT arthritis imaging,A+B,exclude,Review of CT arthritis imaging,exclude,Narrative review of CT arthritis imaging,Ulas ST,2024,Computed tomography-current status and future directions for arthritis imaging.,Therapeutic advances in musculoskeletal disease,10.1177/1759720x241287373,39444595
R00333,exclude,E3,"TFCC foveal tear ligamentoplasty, not SL",A+B,exclude,"TFCC foveal tear ligamentoplasty, not SL",exclude,"TFCC foveal tear ligamentoplasty, not SL",Arimitsu S,2024,Ligamentoplasty using the ulnotriquetral ligament with wafer procedure for chronic triangular fibrocartilage complex foveal tear: Short-tem outcome.,Journal of orthopaedic science : official journal of the Japanese Orthopaedic Association,10.1016/j.jos.2022.11.015,36599741
R00334,exclude,E3,"TFCC repair splinting, DRUJ instability",A+B,exclude,"TFCC repair splinting, DRUJ instability",exclude,"TFCC repair splinting, DRUJ instability, not SL",Tawonsawatruk T,2023,Comparative Analysis of Treatment Outcomes: Modified Ulnar Gutter Slab vs. Sugar Tong Slab for Distal Radioulnar Joint Instability Following Triangular Fibrocartilage Complex Repair.,Journal of clinical medicine,10.3390/jcm12206574,37892712
R00335,exclude,E1,Editorial commentary on TFCC,A+B,exclude,Editorial commentary on TFCC,exclude,Editorial commentary,Graves BR,2023,"Editorial Commentary: In Cases of Concurrent Triangular Fibrocartilage Complex Tears and Ulnar Styloid Process Fracture Nonunions, We May Neither Need to Excise nor Repair the Ulnar Styloid Fracture Nonunion Fragment.",Arthroscopy : the journal of arthroscopic & related surgery : official publication of the Arthroscopy Association of North America and the International Arthroscopy Association,10.1016/j.arthro.2022.09.004,36543420
R00336,exclude,E1,"Three-case report, ankle instability",A+B,exclude,"Three-case report, ankle instability",exclude,Three-case report on ankle instability,Hagiwara Y,2024,Low Back Pain Caused by Traction Peripheral Neuropathy Due to Chronic Ankle Instability: Three Clinical Cases.,Cureus,10.7759/cureus.65405,39188445
R00337,exclude,E1,Opinion/narrative article challenging dogmas; no patients or outcomes reported,ADJ,unclear,"SL injury, arthroscopic dorsal repair; narrative or clinical, unclear",exclude,"Narrative discussion article, no patient data reported",Mathoulin C,2021,Scapholunate injuries: challenging existing dogmas in anatomy and surgical techniques.,"The Journal of hand surgery, European volume",10.1177/1753193420956319,32954904
R00338,exclude,E1,TFCC surgical technique note without outcomes,A+B,exclude,"TFCC reconstruction technique, not SL",exclude,TFCC surgical technique note without outcomes,Abe S,2022,Arthroscopic Triangular Fibrocartilage Complex Reconstruction Using a Palmaris Longus Tendon Graft.,Techniques in hand & upper extremity surgery,10.1097/bth.0000000000000365,34411040
R00339,exclude,E3,TFCC foveal repair with distal radius fracture,A+B,exclude,TFCC foveal repair with distal radius fracture,exclude,"TFCC foveal repair with radius fracture, not SL",Park J,2025,Primary Arthroscopy-Assisted Foveal Repair of Triangular Fibrocartilage Complex Associated with Acute Distal Radius Fractures in Young Adults.,Journal of wrist surgery,10.1055/s-0043-1778061,40395825
R00340,exclude,E3,Scaphoid nonunion with intact SL ligament,A+B,exclude,Scaphoid nonunion with intact SL ligament,exclude,Scaphoid nonunion with intact SL ligament,Weber MB,2023,Osteochondral Autograft Transplantation for Proximal Pole Scaphoid Nonunions.,The Journal of hand surgery,10.1016/j.jhsa.2023.03.013,37178067
R00341,exclude,E1,"Single case report, radioulnar dissociation",A+B,exclude,"Single case report, radioulnar dissociation",exclude,"Single case report, radioulnar dissociation",Takahashi D,2024,Surgical treatment for acute longitudinal radioulnar dissociation with humeral capitellar fracture: A case report.,Journal of hand and microsurgery,10.1016/j.jham.2024.100052,39035856
R00342,exclude,E3,"Dorsal ganglion cysts, not SL ligament injury",A+B,exclude,"Dorsal ganglion cysts, not SL ligament injury",exclude,"Dorsal ganglion cysts, not SL injury",de Villeneuve Bargemon JB,2022,Repair of the dorsal capsuloligamentous scapholunate septum during arthroscopic resection of painful dorsal wrist ganglion cyst: Comparative analysis of two techniques.,Hand surgery & rehabilitation,10.1016/j.hansur.2022.04.001,35490986
R00343,exclude,E2,"Finite-element analysis, Sauve-Kapandji",A+B,exclude,"Finite-element analysis, Sauve-Kapandji",exclude,"Finite-element analysis, Sauve-Kapandji",Yin S,2024,Comparative study regarding the stability of a proximal ulnar stump with or without distal oblique bundle reconstruction during the Sauve‒Kapandji procedure: a finite-element analysis.,Frontiers in bioengineering and biotechnology,10.3389/fbioe.2024.1482747,39834631
R00344,exclude,E1,Review of ligamentization evidence,A+B,exclude,Review of ligamentization evidence,exclude,Review of ligamentization evidence,and PubMed until February 1,,Ligamentization and Remnant Integration: Review and Analysis of Current Evidence and Implications for Scapholunate Reconstruction.,EMBASE,,
R00345,exclude,E3,"Perilunate fracture-dislocation, not isolated SL injury",A+B,exclude,"Perilunate fracture-dislocation, not isolated SL injury",exclude,Perilunate fracture-dislocation population,Benseddik A,2024,Perilunate Fracture-Dislocation: Results at Mean Follow-Up of 7 Years after ORIF.,The journal of hand surgery Asian-Pacific volume,10.1142/s2424835524500292,39005174
R00346,exclude,E3,"Perilunate injuries, not SL instability",A+B,exclude,"Perilunate injuries, not SL instability",exclude,"Perilunate injuries population, not isolated SL injury",Gabig AM,2025,Medium-Term Patient-Reported Outcomes after Surgical Management of Perilunate Injury: A Multiinstitutional Experience.,Journal of wrist surgery,10.1055/s-0044-1787179,40995547
R00347,exclude,E4,"Diagnostic arthroscopy series, mixed ligament tears",A+B,exclude,"Diagnostic arthroscopy series, mixed ligament tears",exclude,"Diagnostic arthroscopy series, mostly TFCC tears",Reiser D,2024,NanoScope wrist arthroscopy under wide-awake local anesthesia with no tourniquet: A prospective series of 30 consecutive patients.,Journal of hand and microsurgery,10.1016/j.jham.2024.100067,39234380
R00348,exclude,E2,Cadaveric biomechanical study of SL capsulodesis,A+B,exclude,Cadaveric biomechanical study of SL capsulodesis,exclude,Cadaveric biomechanical capsulodesis study,Zeiderman MR,2021,The Biomechanical Effects of Augmentation With Flat Braided Suture on Dorsal Intercarpal Ligament Capsulodesis for Scapholunate Instability.,The Journal of hand surgery,10.1016/j.jhsa.2020.10.032,33423852
R00349,exclude,E1,Review of ulnar styloid nonunions,A+B,exclude,Review of ulnar styloid nonunions,exclude,Review of ulnar styloid nonunions,Meyer MA,2024,Management of Ulnar Styloid Nonunions.,Hand clinics,10.1016/j.hcl.2023.08.003,37979994
R00350,exclude,E1,Systematic review of partial SL injuries,A+B,exclude,Systematic review of partial SL injuries,exclude,Systematic review of partial SL injuries,Lameire DL,2024,Partial Scapholunate Interosseous Ligament Injuries: A Systematic Review of Treatment Options.,Journal of wrist surgery,10.1055/s-0043-1768133,39027024
R00351,exclude,E3,"TFCC foveal avulsion, not SL",A+B,exclude,"TFCC foveal avulsion, not SL",exclude,"TFCC foveal avulsion, not SL",Atiyya AN,2024,Styloid Ulna Window Approach for Repair of Avulsed Foveal Attachment of Triangular Fibrocartilage Complex.,The Journal of hand surgery,10.1016/j.jhsa.2022.10.010,36372596
R00352,exclude,E1,"Review/technique, free fibula carpal reconstruction",A+B,exclude,"Review/technique, free fibula carpal reconstruction",exclude,Technique description for free fibula carpal reconstruction,Graham D,2022,Triangular Vascularized Free Fibula Flap for Massive Carpal Reconstruction.,The Journal of hand surgery,10.1016/j.jhsa.2021.05.015,34217554
R00353,exclude,E1,Narrative review of wrist arthroscopy,A+B,exclude,Narrative review of wrist arthroscopy,exclude,Narrative review of arthroscopic techniques,Nakamura T,2022,Revolutions in arthroscopic wrist surgeries.,"The Journal of hand surgery, European volume",10.1177/17531934211030861,34293945
R00354,exclude,E2,Imaging method study in healthy hands,A+B,exclude,Imaging method study in healthy hands,exclude,Imaging method study on healthy hands,Loisel F,2023,Three-dimensional reconstruction of the hand from biplanar X-rays: Assessment of accuracy and reliability.,"Orthopaedics & traumatology, surgery & research : OTSR",10.1016/j.otsr.2022.103403,36108817
R00355,exclude,E3,Giant cell tumor of distal radius,A+B,exclude,Giant cell tumor of distal radius,exclude,Giant cell tumor of distal radius,Dahuja A,2022,Outcome Analysis of En bloc Resection and Reconstruction by Non-vascularized Proximal Fibular Autograft in Giant Cell Tumor of Distal Radius supplemented with Brachytherapy.,Journal of orthopaedic case reports,10.13107/jocr.2022.v12.i11.3418,37013243
R00356,exclude,E1,"Surgical technique note, Essex-Lopresti, no outcomes",A+B,exclude,"Surgical technique note, Essex-Lopresti, no outcomes",exclude,"Surgical technique note, Essex-Lopresti, no outcomes",Theisen N,2024,[Central band reconstruction in Essex-Lopresti lesions].,Operative Orthopadie und Traumatologie,10.1007/s00064-024-00850-0,39078520
R00357,exclude,E3,"Giant cell tumors, not SL injury",A+B,exclude,"Giant cell tumors, not SL injury",exclude,"Giant cell tumors, not SL injury",Tripathy SK,2024,A Short Course of Preoperative Denosumab Injection Followed by Surgery in High-Risk Giant Cell Tumors of the Extremities: A Retrospective Study.,Indian journal of surgical oncology,10.1007/s13193-024-01990-2,39555363
R00358,exclude,E3,Scaphoid fracture bone grafting,A+B,exclude,Scaphoid fracture bone grafting,exclude,Scaphoid fractures with bone graft,DalCortivo RL,2024,Scaphoid Fractures Requiring Bone Graft: Does Graft Source Matter?,Eplasty,,38846505
R00359,exclude,E1,"Three-case report, chronic lunate dislocation",A+B,exclude,"Three-case report, chronic lunate dislocation",exclude,Three-case report plus literature review,Kang SH,2023,A Novel Surgical Technique for Neglected Volar Dislocation of the Lunate: Cases Report and Literature Review.,Orthopaedic surgery,10.1111/os.13760,37254251
R00360,exclude,E1,"Book chapter on mucopolysaccharidosis, unrelated",A+B,exclude,"Book chapter on mucopolysaccharidosis, unrelated",exclude,Book chapter on mucopolysaccharidosis,Sun A,1993,Mucopolysaccharidosis Type VII,"University of Washington, Seattle, Seattle (WA)",,38190471
R00361,exclude,E1,"Review of DRUJ instability and TFCC, not SL",A+B,exclude,"Review of DRUJ instability and TFCC, not SL",exclude,Review of DRUJ instability,Rodríguez-Merchán EC,2022,Distal Radioulnar Joint Instability: Diagnosis and Treatment.,The archives of bone and joint surgery,10.22038/abjs.2021.57194.2833,35291239
R00362,exclude,E3,"Scaphoid nonunion, not SL ligament injury",A+B,exclude,"Scaphoid nonunion, not SL ligament injury",exclude,"Scaphoid nonunion, not SL ligament injury",Schäfer RC,2023,The corticocancellous press fit iliac crest bone dowel for recalcitrant scaphoid nonunion: analysis of union rate and clinical outcome.,Archives of orthopaedic and trauma surgery,10.1007/s00402-023-04846-6,37012506
R00363,exclude,E1,Bibliometric analysis of cited papers,A+B,exclude,Bibliometric analysis of cited papers,exclude,Bibliometric analysis of cited papers,Levy KH,2021,The 50 most cited papers in chronic scapholunate reconstruction: a bibliometric analysis.,European journal of orthopaedic surgery & traumatology : orthopedie traumatologie,10.1007/s00590-020-02864-3,33417053
R00364,exclude,E3,"TFCC/DRUJ instability, not SL ligament",A+B,exclude,"TFCC/DRUJ instability, not SL ligament",exclude,TFCC repair for DRUJ instability,Modified Mayo Wrist Score,,"Midterm Results of Arthroscopy-Assisted ""Tent Form"""" Triangular Fibrocartilage Complex Repair With Dorsal Distal Radioulnar Joint Capsule Imbrication for Posttraumatic Chronic Distal Radioulnar Joint Instability.""",grip strength,,
R00365,exclude,E3,"TFCC peripheral tears, not SL ligament",A+B,exclude,"TFCC peripheral tears, not SL ligament",exclude,"TFCC peripheral tears, not SL",Fones L,2025,All-Inside Versus Outside-in Repair of Triangular Fibrocartilage Complex Peripheral Tears.,The Journal of hand surgery,10.1016/j.jhsa.2023.05.004,37354193
R00366,unclear,UNC,"Titled dorsal capsulodesis for partial SL tear, but thermal shrinkage/abrasion",A+B,unclear,"Titled dorsal capsulodesis for partial SL tear, but thermal shrinkage/abrasion",unclear,Arthroscopic dorsal capsulodesis for partial SL tear; mostly thermal shrinkage,Curran MWT,2023,Clinical Outcomes of Arthroscopic Ligament-Sparing Dorsal Capsulodesis for Partial Scapholunate Ligament Tear.,Journal of wrist surgery,10.1055/s-0042-1757441,37223389
R00367,exclude,E3,"Midcarpal instability, not SL ligament injury",A+B,exclude,"Midcarpal instability, not SL ligament injury",exclude,"Palmar midcarpal instability, not SL injury",Ricks M,2021,Long-Term Results of Arthroscopic Capsular Shrinkage for Palmar Midcarpal Instability of the Wrist.,Journal of wrist surgery,10.1055/s-0040-1722331,34109065
R00368,exclude,E1,Book chapter overview of SL injury management,A+B,exclude,Book chapter overview of SL injury management,exclude,Book chapter overview,Adams JE,2020,Scapholunate Ligament Injury: Management Strategies From Occult Injury to Arthritis.,Instructional course lectures,,32017736
R00369,exclude,E1,Narrative review of Essex-Lopresti lesions,A+B,exclude,Narrative review of Essex-Lopresti lesions,exclude,"Narrative review, Essex-Lopresti",Sheth M,2022,Essex-Lopresti Lesions and Longitudinal Radioulnar Instability: A Narrative Review.,JBJS reviews,10.2106/jbjs.rvw.21.00212,35263316
R00370,exclude,E1,Review of SL reconstruction techniques,A+B,exclude,Review of SL reconstruction techniques,exclude,Review of SL reconstruction techniques,Mullikin I,2020,Current Techniques in Scapholunate Ligament Reconstruction.,The Orthopedic clinics of North America,10.1016/j.ocl.2019.09.002,31739882
R00371,include,INC,"11 patients, SL dissociation, K-wires plus ECRL tenodesis, outcomes",A+B,include,"11 patients, SL dissociation, K-wires plus ECRL tenodesis, outcomes",include,"11 patients, SL K-wires plus ECRL tenodesis, outcomes reported",Alnaeem H,2020,Chronic Reducible Scapholunate Ligament Dissociation: A Simple Surgical Technique for a Complex Injury.,Techniques in hand & upper extremity surgery,10.1097/bth.0000000000000261,31436757
R00372,exclude,E1,Review of DRUJ instability,A+B,exclude,Review of DRUJ instability,exclude,Review of DRUJ instability,Marès O,2023,Distal radioulnar joint instability: Diagnosis and treatment of acute and chronic lesions.,"Orthopaedics & traumatology, surgery & research : OTSR",10.1016/j.otsr.2022.103465,36942792
R00373,exclude,E1,"Single case report, lunate dislocation",A+B,exclude,"Single case report, lunate dislocation",exclude,"Single case report, lunate dislocation",Li LY,2022,Lunate dislocation with avulsed triquetral fracture: A case report.,World journal of clinical cases,10.12998/wjcc.v10.i1.331,35071536
R00374,exclude,E1,Single DRUJ case report,A+B,exclude,Single DRUJ case report,exclude,"Single case report, DRUJ",Deviandri R,2023,Ligament reconstruction with modified suture anchor fixation technique for chronic distal radioulnar joint instability: A case report and literature review.,International journal of surgery case reports,10.1016/j.ijscr.2023.109059,37976713
R00375,exclude,E1,"Case report of three patients, distal ulna",A+B,exclude,"Case report of three patients, distal ulna",exclude,"Three-patient case report, distal ulna tumour",Starčević KB,2023,OPERATIVE TECHNIQUE FOR RECONSTRUCTION OF DISTAL ULNA AFTER GIANT CELL TUMOUR RESECTION.,Acta clinica Croatica,10.20471/acc.2023.62.s3.10,40337652
R00376,exclude,E1,Systematic review of ECU instability,A+B,exclude,Systematic review of ECU instability,exclude,Systematic review of ECU instability,including ECU tendinitis,,Operative Management of Extensor Carpi Ulnaris Instability: A Systematic Review.,and grip strength. The rest of the studies reported similarly favorable outcomes across the same outcomes. Concomitant pathologies were identified in 66% of the study population. Complications occurred in 9% of the sample size,,
R00377,exclude,E3,"TFCC foveal tears, not SL ligament",A+B,exclude,"TFCC foveal tears, not SL ligament",exclude,"TFCC foveal tears, not SL",Zhang W,2022,Arthroscopic one-tunnel transosseous reconstruction of chronic triangular fibrocartilage complex foveal tears: outcomes in 12 patients.,"The Journal of hand surgery, European volume",10.1177/17531934211056854,34763553
R00378,exclude,E2,Cadaver biomechanics of lunotriquetral reconstruction,A+B,exclude,Cadaver biomechanics of lunotriquetral reconstruction,exclude,"Cadaver biomechanical, lunotriquetral",Riederer JM,2021,Dorsal Bone-Ligament-Bone Reconstruction of Chronic Lunotriquetral Instability: Biomechanical Testing.,Journal of hand surgery global online,10.1016/j.jhsg.2020.11.001,35415529
R00379,exclude,E2,Cadaveric scaphoid graft kinematics study,A+B,exclude,Cadaveric scaphoid graft kinematics study,exclude,Cadaveric scaphoid study,35130742,,Does Proximal Hamate Graft for Proximal Scaphoid Reconstruction Restore Native Wrist Kinematics?,10.1177/15589447211063570,,
R00380,exclude,E3,"TFCC ligamentoplasty, not SL ligament",A+B,exclude,"TFCC ligamentoplasty, not SL ligament",exclude,"TFCC ligamentoplasty, not SL",Carratalá V,2023,All-Arthroscopic Triangular Fibrocartilage Complex Ligamentoplasty: Technique and Results.,Journal of wrist surgery,10.1055/s-0042-1757765,36926213
R00381,exclude,E3,TFCC reconstruction for DRUJ instability,A+B,exclude,TFCC reconstruction for DRUJ instability,exclude,"TFCC reconstruction, not SL",34789297,,Arthroscopic triangular fibrocartilage complex reconstruction with free tendon graft for chronic distal radioulnar joint instability.,10.1186/s13018-021-02827-2,,
R00382,exclude,E1,"Single case report, scaphoid dislocation",A+B,exclude,"Single case report, scaphoid dislocation",exclude,"Single case report, scaphoid dislocation",Mailey B,2022,Scaphoid Dislocation Reconstruction with Scapholunotriquetral Ligament Tenodesis.,Journal of wrist surgery,10.1055/s-0041-1735884,36504537
R00383,exclude,E3,Scaphoid nonunion flap reconstruction,A+B,exclude,Scaphoid nonunion flap reconstruction,exclude,Scaphoid nonunion flap reconstruction,Windhofer CM,2024,Lateral Femoral Trochlea Osteochondral Flap Reconstruction of Proximal Pole Scaphoid Nonunions.,The Journal of hand surgery,10.1016/j.jhsa.2022.08.019,36333244
R00384,exclude,E1,"Single case report, radiolunate avulsion",A+B,exclude,"Single case report, radiolunate avulsion",exclude,"Single case report, radiolunate avulsion",Buckner JF,2021,A Case of Short Radiolunate Avulsion Injury: Magnetic Resonance Diagnosis and Surgical Reconstruction.,The Journal of hand surgery,10.1016/j.jhsa.2020.11.002,33357986
R00385,exclude,E1,"Single pediatric case report, exostosis",A+B,exclude,"Single pediatric case report, exostosis",exclude,Single paediatric case report,Yadav AK,2020,Management of Forearm Deformity by Limb Reconstruction System in Children with Multiple Exostosis - A case Report.,Journal of orthopaedic case reports,10.13107/jocr.2020.v10.i06.1856,33489961
R00386,exclude,E4,Diagnostic accuracy of CBCT arthrography only,A+B,exclude,Diagnostic accuracy of CBCT arthrography only,exclude,"Diagnostic imaging accuracy study, no repair outcomes",Dornberger JE,2021,What Is the Diagnostic Accuracy of Flat-panel Cone-beam CT Arthrography for Diagnosis of Scapholunate Ligament Tears?,Clinical orthopaedics and related research,10.1097/corr.0000000000001425,32701771
R00387,exclude,E3,"Dorsal intercarpal ligament avulsion, not SL ligament",A+B,exclude,"Dorsal intercarpal ligament avulsion, not SL ligament",exclude,"Dorsal intercarpal ligament avulsion, not SL ligament",Merlini L,2021,Arthroscopic Repair of the Dorsal Intercarpal Ligament Detachment from the Scaphoid.,Journal of wrist surgery,10.1055/s-0041-1728803,34881111
R00388,exclude,E3,Ulnar head prosthesis for DRUJ,A+B,exclude,Ulnar head prosthesis for DRUJ,exclude,"Ulnar head prosthesis, DRUJ",Mehling IM,2023,Clinical outcome and survival rate of the Herbert ulnar head prosthesis for reconstruction of the distal radioulnar joint depending on co-morbidity and different indications.,Archives of orthopaedic and trauma surgery,10.1007/s00402-022-04728-3,36515709
R00389,exclude,E1,Review of pediatric TFCC injuries,A+B,exclude,Review of pediatric TFCC injuries,exclude,Review of paediatric TFCC injuries,Lee SJ,2021,Triangular Fibrocartilage Complex Injuries in Children and Adolescents.,Hand clinics,10.1016/j.hcl.2021.06.004,34602131
R00390,unclear,UNC,Distal radius plating with arthroscopic SL repair; SL data unclear,A+B,unclear,Distal radius plating with arthroscopic SL repair; SL data unclear,unclear,Distal radius plating with arthroscopic SL repair in some patients,Satria O,2023,Minimally Invasive Plating of Distal Radius Fracture: A Series of 42 Cases and Review of Current Literature.,Minimally invasive surgery,10.1155/2023/3534849,36874928
R00391,exclude,E2,"In vivo CT kinematics study, no surgical outcomes",A+B,exclude,"In vivo CT kinematics study, no surgical outcomes",exclude,"In vivo CT kinematics, nine volunteers",Schriever T,2021,There is motion between the scaphoid and the lunate during the dart-throwing motion.,Journal of plastic surgery and hand surgery,10.1080/2000656x.2021.1874398,33507130
R00392,exclude,E3,"Thumb CMC instability, not SL ligament",A+B,exclude,"Thumb CMC instability, not SL ligament",exclude,Thumb CMC instability,Kato N,2022,Anatomical 3 Ligaments Reconstruction for Symptomatic Thumb Carpometacarpal Joint Instability.,Techniques in hand & upper extremity surgery,10.1097/bth.0000000000000384,35696616
R00393,exclude,E3,Scaphoid nonunion reconstruction,A+B,exclude,Scaphoid nonunion reconstruction,exclude,Scaphoid nonunion reconstruction,Diehm YF,2022,The impact of previous surgery on scaphoid nonunion reconstruction: a retrospective study of 95 cases.,"The Journal of hand surgery, European volume",10.1177/17531934221108452,35765759
R00394,exclude,E3,"Ulnar impaction and TFCC, not SL ligament",A+B,exclude,"Ulnar impaction and TFCC, not SL ligament",exclude,"Ulnar impaction and TFCC, not SL",Tatebe M,2023,Do triangular fibrocartilage complex foveal injuries affect the clinical outcome of ulnar shortening osteotomy for ulnar impaction syndrome?,Journal of orthopaedic science : official journal of the Japanese Orthopaedic Association,10.1016/j.jos.2021.11.016,34922806
R00395,exclude,E3,"TFCC foveal repair RCT, not SL ligament",A+B,exclude,"TFCC foveal repair RCT, not SL ligament",exclude,"TFCC foveal repair RCT, not SL",Afifi A,2022,Arthroscopic-Assisted Foveal Reattachment of Triangular Fibrocartilage Complex Tears With Distal Radioulnar Joint Instability: A Comparison of Suture Anchors and Transosseous Sutures.,The Journal of hand surgery,10.1016/j.jhsa.2022.01.021,35341629
R00396,exclude,E1,"Single case report, hand replantation",A+B,exclude,"Single case report, hand replantation",exclude,"Single case report, hand replantation",Lai WC,2023,Hand Replantation With Dorsal Spanning Plate Following a Self-Inflicted Radiocarpal Amputation.,Cureus,10.7759/cureus.36656,37102009
R00397,exclude,E3,"Shoulder tumour resection implant, not SL",A+B,exclude,"Shoulder tumour resection implant, not SL",exclude,Shoulder tumour resection implant,Lesensky J,2023,Reconstruction with a double-constrained implant design after complex shoulder extra-articular resection.,World journal of surgical oncology,10.1186/s12957-023-03173-9,37723520
R00398,exclude,E2,Cadaveric shoulder allograft study,A+B,exclude,Cadaveric shoulder allograft study,exclude,Cadaveric shoulder allograft study,Khan AZ,2024,Distal Radius Allograft for Glenohumeral Instability: A Novel Osteochondral Allograft Reconstruction Option in the Setting of Glenoid Bone Loss.,The American journal of sports medicine,10.1177/03635465231210938,38164671
R00399,exclude,E1,TFCC surgical technique note without outcomes,A+B,exclude,TFCC surgical technique note without outcomes,exclude,TFCC technique note without patient outcomes,Choudhury MM,2024,Symptomatic Radial-Sided Tears of the Triangular Fibrocartilage Complex: An All-Arthroscopic Repair Using Bone Anchors.,Journal of wrist surgery,10.1055/s-0042-1756499,39027020
R00400,exclude,E3,MR arthrography of TFCC lesions,A+B,exclude,MR arthrography of TFCC lesions,exclude,MR arthrography of TFCC lesions,Huflage H,2021,Improved diagnostic accuracy for ulnar-sided TFCC lesions with radial reformation of 3D sequences in wrist MR arthrography.,European radiology,10.1007/s00330-021-08024-3,34003353
R00401,include,INC,"19 patients, arthroscopic SL reinsertion plus capsulodesis, outcomes reported",A+B,include,"19 patients, arthroscopic SL reinsertion plus capsulodesis, outcomes reported",include,"19 acute SL injuries, arthroscopic reinsertion plus capsulodesis, outcomes",Carratalá V,2020,Arthroscopic Reinsertion of Acute Injuries of the Scapholunate Ligament Technique and Results.,Journal of wrist surgery,10.1055/s-0040-1710502,32760612
R00402,exclude,E1,"TFCC repair technique description, no outcomes",A+B,exclude,"TFCC repair technique description, no outcomes",exclude,"TFCC repair technique note, no outcomes",Srinivasan RC,2022,Arthroscopic TFCC Ulnar Bone Tunnel Foveal Repair in Adult Patients.,Arthroscopy techniques,10.1016/j.eats.2022.06.011,36311329
R00403,exclude,E2,Finite element analysis of scaffold,A+B,exclude,Finite element analysis of scaffold,exclude,Finite element analysis of scaffolds,Perevoshchikova N,2021,Finite element analysis of the performance of additively manufactured scaffolds for scapholunate ligament reconstruction.,PloS one,10.1371/journal.pone.0256528,34797871
R00404,exclude,E3,Giant cell tumour of distal radius,A+B,exclude,Giant cell tumour of distal radius,exclude,"Giant cell tumour, ulno-scapholunate fusion",Kumar KK,2021,Vascularized Ulnar Transposition and Ulno-scapholunate Fusion for Reconstructing Campanacci Grade 3 Giant Cell Tumor of Distal Radius: Technique and a Series of 5 Cases.,Techniques in hand & upper extremity surgery,10.1097/bth.0000000000000343,34779422
R00405,exclude,E3,"TFCC foveal repair immobilisation, not SL",A+B,exclude,"TFCC foveal repair immobilisation, not SL",exclude,"TFCC foveal repair immobilisation, not SL",Jung HS,2022,Postoperative immobilization using a short-arm cast in the semisupination position is appropriate after arthroscopic triangular fibrocartilage complex foveal repair.,The bone & joint journal,10.1302/0301-620x.104b2.bjj-2021-0592.r2,35094578
R00406,exclude,E3,"DRUJ instability, not SL ligament",A+B,exclude,"DRUJ instability, not SL ligament",exclude,"DRUJ instability cohort, not SL",Hearon BF,2021,Experience with Diagnosis and Management of Distal Radioulnar Joint Instability.,Journal of wrist surgery,10.1055/s-0041-1726408,34631291
R00407,exclude,E2,"Sheep animal model, ankle syndesmosis",A+B,exclude,"Sheep animal model, ankle syndesmosis",exclude,Sheep animal model,Gadomski BC,2022,A Large Animal Model for Orthopedic Foot and Ankle Research.,Frontiers in veterinary science,10.3389/fvets.2022.816529,35187145
R00408,unclear,UNC,Arthroscopic ligamentoplasty for combined SL and LT tears; truncated abstract,A+B,unclear,Arthroscopic ligamentoplasty for combined SL and LT tears; truncated abstract,unclear,Combined SL and LT ligamentoplasty; SL data separability unknown,"as the graft resembles an """"S"""" as it travels inside the scaphoid",,"Arthroscopic ""S""""-shaped Ligamentoplasty for Floating Lunate.""","thereby avoiding an open approach. We have described this as an """"S""""-shaped ligamentoplasty",,
R00409,exclude,E1,Review of musculoskeletal CT imaging,A+B,exclude,Review of musculoskeletal CT imaging,exclude,Imaging technology review,Ibad HA,2023,Computed Tomography: State-of-the-Art Advancements in Musculoskeletal Imaging.,Investigative radiology,10.1097/rli.0000000000000908,35976763
R00410,exclude,E3,"TFCC/DRUJ instability, not scapholunate ligament",A+B,exclude,"TFCC/DRUJ instability, not scapholunate ligament",exclude,"TFCC/DRUJ instability, not scapholunate ligament",Jawahier PA,2023,Stabilization of the Distal Radioulnar Joint Using the TightRope Implant: A Distal Oblique Bundle Augmentation.,Journal of wrist surgery,10.1055/s-0043-1764346,37841350
R00411,exclude,E4,"SL injury after radius fracture, explicitly no ligament repair or reconstruction",A+B,exclude,"SL injury after radius fracture, explicitly no ligament repair or reconstruction",exclude,Radiographic SL injury after radius fracture; no ligament repair or reconstruction,Klifto KM,2021,Outcomes Associated With Scapholunate Ligament Injury Following Intra-Articular Distal Radius Fractures.,The Journal of hand surgery,10.1016/j.jhsa.2020.12.005,33526293
R00412,exclude,E3,"Distal radioulnar joint instability, not SL ligament",A+B,exclude,"Distal radioulnar joint instability, not SL ligament",exclude,"DRUJ instability, not scapholunate",Frantz LM,2020,Outcomes after anatomic reconstruction of the radioulnar ligaments for distal radioulnar joint instability.,"The Journal of hand surgery, European volume",10.1177/1753193420942668,32706604
R00413,exclude,E3,"Distal radioulnar joint instability, not SL ligament",A+B,exclude,"Distal radioulnar joint instability, not SL ligament",exclude,"DRUJ instability, not scapholunate",Helsper EA,2020,Arthroscopic thermal stabilization for distal radioulnar joint instability: 3 to 19 years follow-up.,"The Journal of hand surgery, European volume",10.1177/1753193420927882,32515266
R00414,exclude,E1,Review article on DRUJ instability,A+B,exclude,Review article on DRUJ instability,exclude,Review article on DRUJ instability,Poppler LH,2020,Acute Distal Radioulnar Joint Instability: Evaluation and Treatment.,Hand clinics,10.1016/j.hcl.2020.07.005,33040955
R00415,exclude,E4,SL widening with distal radius fracture; no SL repair performed,A+B,exclude,SL widening with distal radius fracture; no SL repair performed,exclude,SL widening in radius fractures; no SL repair performed,Wang WL,2022,Radiographic Incidence and Functional Outcomes of Distal Radius Fractures Undergoing Volar Plate Fixation With Concomitant Scapholunate Widening: A Prospective Analysis.,"Hand (New York, N.Y.)",10.1177/1558944720918342,32463300
R00416,exclude,E3,"Scaphoid nonunion and DISI, not SL ligament injury",A+B,exclude,"Scaphoid nonunion and DISI, not SL ligament injury",exclude,"Scaphoid nonunion DISI, not SL ligament injury",Bulstra AEJ,2023,Scaphoid Length Loss Following Nonunion Is Associated with Dorsal Intercalated Segment Instability.,Journal of wrist surgery,10.1055/s-0043-1760753,37841362
R00417,exclude,E1,Systematic review of TFCC tears in adolescents,A+B,exclude,Systematic review of TFCC tears in adolescents,exclude,"Systematic review, adolescent TFCC",Schachinger F,2021,Arthroscopic Treatment Results of Triangular Fibrocartilage Complex Tears in Adolescents: A Systematic Review.,Journal of clinical medicine,10.3390/jcm10112363,34072171
R00418,exclude,E1,"Elbow ulnar nerve technique note, no patient outcomes",A+B,exclude,"Elbow ulnar nerve technique note, no patient outcomes",exclude,"Surgical technique note, no patient outcomes; cubital tunnel",Kapickis M,2020,Fascial Epicondylar Augmentation in Cases of Cubital Tunnel Syndrome With Ulnar Nerve Instability.,Techniques in hand & upper extremity surgery,10.1097/bth.0000000000000332,33900059
R00419,exclude,E1,Single case report of lunate dislocation,A+B,exclude,Single case report of lunate dislocation,exclude,Single case report,Louka JG,2022,"Lunate Dislocation with Flexor Pollicis Longus Avulsion, and Thumb Collateral Ligament Injury: A Case Report.",Journal of orthopaedic case reports,10.13107/jocr.2022.v12.i02.2686,36199732
R00420,exclude,E3,"Thumb CMC arthritis LRTI, not SL ligament injury",A+B,exclude,"Thumb CMC arthritis LRTI, not SL ligament injury",exclude,"Thumb CMC osteoarthritis, not SL injury",Ross M,2022,Proximal Trapezoidectomy and Scaphotrapezoid Joint Tendon Interposition at the Time of Ligament Reconstruction and Tendon Interposition for Pan Trapezial Osteoarthritis Does Not Increase Proximal Carpal Row Malalignment.,Journal of wrist surgery,10.1055/s-0042-1744384,36504528
R00421,exclude,E1,Case report of Monteggia fracture with TFCC injury,A+B,exclude,Case report of Monteggia fracture with TFCC injury,exclude,"Single case report, Monteggia fracture with TFCC injury",but it was stable in supination. Hence was splinted in a reduced position. The patient continued to have persistent symptoms in the wrist despite adequate conservative measures. Hence,,Monteggia Fracture-Dislocation with Associated TFCC Injury and DRUJ Subluxation - A Very Rare Case Report.,she had clicking in the wrist during rotations. Fluoroscopic images showed DRUJ subluxation,,
R00422,exclude,E1,Systematic review of scaphoid nonunion flap,A+B,exclude,Systematic review of scaphoid nonunion flap,exclude,Systematic review of scaphoid nonunion,Zhou KJ,2022,Free Medial Femoral Condyle Flap for Reconstruction of Scaphoid Nonunion: A Systematic Review.,Journal of reconstructive microsurgery,10.1055/s-0041-1740130,34905783
R00423,exclude,E2,Cadaver biomechanical study of DRUJ,A+B,exclude,Cadaver biomechanical study of DRUJ,exclude,Cadaver study of DRUJ,Delbast L,2020,Stabilization of the distal radioulnar joint by reconstructing the interosseous membrane's distal oblique bundle: Cadaver study.,"Orthopaedics & traumatology, surgery & research : OTSR",10.1016/j.otsr.2020.03.041,33082121
R00424,exclude,E1,Editorial commentary on TFCC repair,A+B,exclude,Editorial commentary on TFCC repair,exclude,Editorial commentary on TFCC,Choi IC,2022,Editorial Commentary: Arthroscopic Capsular Repair of Wrist Triangular Fibrocartilage Complex Tears: Beware That Apparent Isolated Atzei Class 1 (Isolated Distal Component) Tears May Include a Proximal Component.,Arthroscopy : the journal of arthroscopic & related surgery : official publication of the Arthroscopy Association of North America and the International Arthroscopy Association,10.1016/j.arthro.2022.01.019,35501013
R00425,exclude,E3,"TFCC foveal repair, not SL ligament",A+B,exclude,"TFCC foveal repair, not SL ligament",exclude,"TFCC foveal repair, not SL ligament",Yang CY,2022,Arthroscopic transosseous foveal footprint repair of the triangular fibrocartilage complex.,"The Journal of hand surgery, European volume",10.1177/17531934211065874,35001678
R00426,exclude,E2,Trapezial inclination CT measurement in normal population,A+B,exclude,Trapezial inclination CT measurement in normal population,exclude,CT imaging study of normal trapezial inclination,Van Royen K,2022,Defining trapezial dysplasia - analysis of trapezial inclination in a normal population.,"The Journal of hand surgery, European volume",10.1177/17531934221075921,35102775
R00427,exclude,E1,"Single case report, DRUJ reconstruction in adolescent",A+B,exclude,"Single case report, DRUJ reconstruction in adolescent",exclude,Single case report of DRUJ reconstruction,Hidajat NN,2022,The Unpredictable Palmaris Longus Tendon Variation in Distal Radio-Ulnar Joint Reconstruction: A Technical Consideration for Undersized Graft.,Orthopedic research and reviews,10.2147/orr.s381694,36118013
R00428,exclude,E2,Cadaver histology method for ligament nerve endings,A+B,exclude,Cadaver histology method for ligament nerve endings,exclude,Cadaver histology method for ligament nerve endings,Meklef RA,2022,Development of a 3D-immunofluorescence analysis for sensory nerve endings in human ligaments.,Journal of neuroscience methods,10.1016/j.jneumeth.2022.109724,36207004
R00429,exclude,E3,"TFCC capsular repair, not SL ligament",A+B,exclude,"TFCC capsular repair, not SL ligament",exclude,"TFCC tears, not SL ligament",Chen AC,2022,Functional Outcomes Are Similar After Arthroscopic Capsular Repair of Triangular Fibrocartilage Complex Tears Between Outside-In Technique and All-Inside Technique Using Pre-Tied Suture Device.,Arthroscopy : the journal of arthroscopic & related surgery : official publication of the Arthroscopy Association of North America and the International Arthroscopy Association,10.1016/j.arthro.2021.12.010,34920003
R00430,exclude,E1,Meta-analysis of SLAC salvage surgery,A+B,exclude,Meta-analysis of SLAC salvage surgery,exclude,Systematic review and meta-analysis of SLAC salvage,Amer KM,2020,Four-Corner Arthrodesis Versus Proximal Row Carpectomy for Scapholunate Advanced Collapse: A Systematic Literature Review and Meta-analysis.,Annals of plastic surgery,10.1097/sap.0000000000002398,32384352
R00431,exclude,E3,"TFCC diagnostic imaging study, not SL ligament",A+B,exclude,"TFCC diagnostic imaging study, not SL ligament",exclude,"TFCC CT arthrography diagnostic study, not SL",Grunz JP,2020,The importance of radial multiplanar reconstructions for assessment of triangular fibrocartilage complex injury in CT arthrography of the wrist.,BMC musculoskeletal disorders,10.1186/s12891-020-03321-2,32381000
R00432,exclude,E1,Single case report of DRUJ dislocation,A+B,exclude,Single case report of DRUJ dislocation,exclude,Single case report of DRUJ dislocation,Kamekura S,2021,Irreducible Chronic Volar Dislocation of the Distal Radioulnar Joint After Surgery for Distal Radius Fracture: A Case Report.,JBJS case connector,10.2106/jbjs.cc.20.00838,34115652
R00433,exclude,E3,"Radiocarpal fracture-dislocation, volar radiocarpal ligament repair, not SL",A+B,exclude,"Radiocarpal fracture-dislocation, volar radiocarpal ligament repair, not SL",exclude,"Radiocarpal fracture-dislocations, volar radiocarpal ligament, not SL",Journal of wrist surgery,,Volar Radiocarpal Ligament Repair with Suture Anchors for Radiocarpal Fracture Dislocations: Case Series.,33815955,,
R00434,exclude,E1,Single case report of DRUJ dislocation,A+B,exclude,Single case report of DRUJ dislocation,exclude,Single case report of DRUJ dislocation,Morisaki S,2021,Use of the Extensor Carpi Ulnaris Half-Slip for Treating Chronic Neglected Volar Dislocation of the Distal Radioulnar Joint.,The journal of hand surgery Asian-Pacific volume,10.1142/s242483552172019x,34380390
R00435,exclude,E1,Review of chronic DRUJ instability,A+B,exclude,Review of chronic DRUJ instability,exclude,Narrative review of DRUJ instability,Carr LW,2020,Chronic Distal Radioulnar Joint Instability.,Hand clinics,10.1016/j.hcl.2020.07.004,33040956
R00436,exclude,E3,"Lunotriquetral ligament injury, not SL ligament",A+B,exclude,"Lunotriquetral ligament injury, not SL ligament",exclude,"Lunotriquetral ligament injury, not SL",Acar MA,2021,Arthroscopic dorsal capsulodesis for isolated lunotriquetral interosseous ligament injuries.,"The Journal of hand surgery, European volume",10.1177/1753193420983687,33459140
R00437,exclude,E2,"MRI bone texture imaging methodology study, no surgical intervention",A+B,exclude,"MRI bone texture imaging methodology study, no surgical intervention",exclude,"MRI bone texture imaging study, patients and volunteers",Jarraya M,2021,Bone Structure Analysis of the Radius Using Ultrahigh Field (7T) MRI: Relevance of Technical Parameters and Comparison with 3T MRI and Radiography.,"Diagnostics (Basel, Switzerland)",10.3390/diagnostics11010110,33445536
R00438,exclude,E1,Review of DRUJ instability with distal radius fractures,A+B,exclude,Review of DRUJ instability with distal radius fractures,exclude,Review of DRUJ instability in radius fractures,Ross PR,2020,"Instability in the Setting of Distal Radius Fractures: Diagnosis, Evaluation, and Treatment.",Hand clinics,10.1016/j.hcl.2020.06.002,33040954
R00439,exclude,E3,"Adolescent DRUJ reconstruction, not SL ligament",A+B,exclude,"Adolescent DRUJ reconstruction, not SL ligament",exclude,"DRUJ instability in adolescents, not SL",Bauer AS,2022,Extensor Retinaculum Reconstruction of the Distal Radioulnar Joint in Adolescents.,"Hand (New York, N.Y.)",10.1177/1558944720966707,33183074
R00440,exclude,E1,Editorial commentary on TFCC foveal tears,A+B,exclude,Editorial commentary on TFCC foveal tears,exclude,Editorial commentary on TFCC,Abe Y,2021,Editorial Commentary: Guidelines for Wrist Triangular Fibrocartilage Complex Foveal Tears: A Compass for a Broad Voyage.,Arthroscopy : the journal of arthroscopic & related surgery : official publication of the Arthroscopy Association of North America and the International Arthroscopy Association,10.1016/j.arthro.2021.01.019,33485941
R00441,exclude,E1,Technique review on TFCC repair with ulnar osteotomy,A+B,exclude,Technique review on TFCC repair with ulnar osteotomy,exclude,"Technique note on TFCC repair, no patient outcomes",Im JH,2021,The Combined Procedure of Ulnar Metaphyseal Shortening Osteotomy With Triangular Fibrocartilage Complex Foveal Knotless Repair.,The Journal of hand surgery,10.1016/j.jhsa.2021.01.021,33820657
R00442,exclude,E1,Narrative review of additive manufacturing biomaterials,A+B,exclude,Narrative review of additive manufacturing biomaterials,exclude,"Review of additive manufacturing, no patients",Rush MN,2021,Additive Manufacturing: The Next Generation of Scapholunate Ligament Reconstruction.,Journal of wrist surgery,10.1055/s-0041-1729993,34881104
R00443,exclude,E3,"TFCC combined tears, not SL ligament",A+B,exclude,"TFCC combined tears, not SL ligament",exclude,"Foveal TFCC tears, not SL ligament",Minhas S,2023,Foveal Triangular Fibrocartilage Complex Tears: Recognition of a Combined Tear Pattern.,The Journal of hand surgery,10.1016/j.jhsa.2022.03.010,35550309
R00444,exclude,E1,Review of DRUJ instability treatment concepts,A+B,exclude,Review of DRUJ instability treatment concepts,exclude,Review of DRUJ instability treatment,Spies CK,2020,Distal radioulnar joint instability: current concepts of treatment.,Archives of orthopaedic and trauma surgery,10.1007/s00402-020-03371-0,32193678
R00445,exclude,E1,Single case report of pancarpal dissociation,A+B,exclude,Single case report of pancarpal dissociation,exclude,Single case report of pancarpal dissociation,Park HY,2022,"Pancarpal dissociation, a very rare type of injury: A case report.",Medicine,10.1097/md.0000000000029479,35713459
R00446,exclude,E3,"TFCC foveal reattachment, not SL ligament",A+B,exclude,"TFCC foveal reattachment, not SL ligament",exclude,"TFCC foveal repair, not SL ligament",Kermarrec G,2020,Arthroscopic Foveal Reattachment of the Triangular Fibro Cartilaginous Complex.,Journal of wrist surgery,10.1055/s-0040-1702929,32509433
R00447,exclude,E3,"Forearm bipolar fracture-dislocation, not SL ligament",A+B,exclude,"Forearm bipolar fracture-dislocation, not SL ligament",exclude,"Forearm bipolar fracture-dislocation, not SL injury",Xu W,2021,[Effectiveness of open reduction and internal fixation for bipolar fracture-dislocation of forearm].,Zhongguo xiu fu chong jian wai ke za zhi = Zhongguo xiufu chongjian waike zazhi = Chinese journal of reparative and reconstructive surgery,10.7507/1002-1892.202008004,33624465
R00448,exclude,E1,Review/technique article on scaphoid nonunion,A+B,exclude,Review/technique article on scaphoid nonunion,exclude,Review/technique article on scaphoid nonunion,Löw S,2022,[Arthroscopic reconstruction of scaphoid nonunions].,Operative Orthopadie und Traumatologie,10.1007/s00064-022-00765-8,35394136
R00449,exclude,E1,"Case report of two patients, ulnar giant cell tumor",A+B,exclude,"Case report of two patients, ulnar giant cell tumor",exclude,Case report of two giant cell tumour patients,Mujaddid I,2020,Wide resection giant cell tumor of distal ulna and stabilization ulnar stump with extensor Carpi ulnaris tendon (2 case reports).,International journal of surgery case reports,10.1016/j.ijscr.2020.07.071,32799053
R00450,exclude,E3,"DRUJ interposition arthroplasty, not SL ligament",A+B,exclude,"DRUJ interposition arthroplasty, not SL ligament",exclude,"DRUJ arthritis salvage arthroplasty, not SL",Archual AJ,2023,Distal Radioulnar Achilles Allograft Interposition Arthroplasty: Does It Solve the Problem of Persistent Pain?,The Journal of hand surgery,10.1016/j.jhsa.2021.12.014,35210144
R00451,exclude,E3,"Giant cell tumor of distal radius, not SL ligament",A+B,exclude,"Giant cell tumor of distal radius, not SL ligament",exclude,"Giant cell tumour of distal radius, not SL",Bianchi G,2020,Wrist Arthrodesis and Osteoarticular Reconstruction in Giant Cell Tumor of the Distal Radius.,The Journal of hand surgery,10.1016/j.jhsa.2020.03.005,32312541
R00452,exclude,E3,"TFCC foveal repair after radius fracture, not SL ligament",A+B,exclude,"TFCC foveal repair after radius fracture, not SL ligament",exclude,"TFCC/DRUJ instability after radius fracture, not SL",Park YC,2022,Arthroscopic Foveal Repair of the Triangular Fibrocartilage Complex Improved the Clinical Outcomes in Patients With Persistent Symptomatic Distal Radio-Ulnar Joint Instability After Plate Fixation of Distal Radius Fractures: Minimum 2-Year Follow-Up.,Arthroscopy : the journal of arthroscopic & related surgery : official publication of the Arthroscopy Association of North America and the International Arthroscopy Association,10.1016/j.arthro.2021.11.047,34906676
R00453,exclude,E3,"Thumb CMC osteoarthritis chondrocyte transplant, not SL ligament",A+B,exclude,"Thumb CMC osteoarthritis chondrocyte transplant, not SL ligament",exclude,"Thumb CMC osteoarthritis, not SL injury",Messina JC,2021,Autologous chondrocyte transplantation in the treatment of thumb CMC joint osteoarthritis.,Hand surgery & rehabilitation,10.1016/j.hansur.2020.11.008,33486105
R00454,exclude,E1,"Book chapter review on mucopolysaccharidosis, unrelated",A+B,exclude,"Book chapter review on mucopolysaccharidosis, unrelated",exclude,"Genetic disease book chapter review, not SL ligament",Regier DS,1993,Mucopolysaccharidosis Type IVA,"University of Washington, Seattle, Seattle (WA)",,23844448
R00455,exclude,E3,"TFCC tears, not scapholunate ligament",A+B,exclude,"TFCC tears, not scapholunate ligament",exclude,"TFCC tear repair, not scapholunate ligament",Takagi T,2021,Arthroscopic Capsular Repair for Triangular Fibrocartilage Complex Tears.,Journal of wrist surgery,10.1055/s-0040-1721140,34109070
R00456,exclude,E3,"CPPD collagen density imaging, no SL injury or surgery",A+B,exclude,"CPPD collagen density imaging, no SL injury or surgery",exclude,"CPPD collagen density imaging, no SL injury surgery",Ziegeler K,2021,Dual-energy CT collagen density mapping of wrist ligaments reveals tissue remodeling in CPPD patients: first results from a clinical cohort.,Skeletal radiology,10.1007/s00256-020-03580-z,32803375
R00457,exclude,E3,"Thumb CMC dislocation, not SL injury",A+B,exclude,"Thumb CMC dislocation, not SL injury",exclude,"Thumb CMC dislocation, not SL ligament injury",Mazhar FN,2020,Ligament Reconstruction of Traumatic Pure Dislocation of Carpometacarpal Joint of the Thumb: A Series of Acute and Chronic Cases.,Journal of hand and microsurgery,10.1055/s-0040-1718789,33335366
R00458,exclude,E2,"Cadaveric DRUJ reconstruction technique, not SL",A+B,exclude,"Cadaveric DRUJ reconstruction technique, not SL",exclude,DRUJ reconstruction technique with cadaveric biomechanics only,Ferreira GPM,2020,Radioulnar joint reconstruction: a novel surgical technique and biomechanical assessment for chronic instability.,Journal of experimental orthopaedics,10.1186/s40634-020-00291-1,32990809
R00459,exclude,E1,"Technique note on proximal row carpectomy, no patient outcomes",A+B,exclude,"Technique note on proximal row carpectomy, no patient outcomes",exclude,"Proximal row carpectomy technique article, salvage, no SL repair",Wagner ER,2021,Proximal Row Carpectomy in Young Patients.,JBJS essential surgical techniques,10.2106/jbjs.st.19.00054,34123554
R00460,exclude,E3,Perilunate dislocation/fracture-dislocation population,A+B,exclude,Perilunate dislocation/fracture-dislocation population,exclude,Perilunate dislocation/fracture-dislocation population,Özyürekoğlu T,2021,Treatment of acute perilunate dislocation or fracture dislocation using dorsal approach and diamond-shaped Kirschner-wire fixation.,Joint diseases and related surgery,10.5606/ehc.2021.74838,33463417
R00461,exclude,E1,Systematic review and meta-analysis of DRUJ instability,A+B,exclude,Systematic review and meta-analysis of DRUJ instability,exclude,Systematic review and meta-analysis of DRUJ instability,Xiao AX,2021,Management of Acute Distal Radioulnar Joint Instability Following a Distal Radius Fracture: A Systematic Review and Meta-Analysis.,Journal of hand surgery global online,10.1016/j.jhsg.2021.02.005,35415552
R00462,exclude,E3,Proximal scaphoid fracture salvage graft,A+B,exclude,Proximal scaphoid fracture salvage graft,exclude,"Proximal scaphoid fracture salvage, not SL injury",Keating C,2021,Reconstruction of the Proximal Scaphoid With a Medial Femoral Trochlea Osteochondral Graft: Minimum 2-Year Results.,The Journal of hand surgery,10.1016/j.jhsa.2020.10.014,33257054
R00463,exclude,E3,TFCC foveal tears with DRUJ instability,A+B,exclude,TFCC foveal tears with DRUJ instability,exclude,TFCC foveal tears with DRUJ instability,Geller JS,2021,Delayed Presentation of Unstable Triangular Fibrocartilage Complex Tears Treated with Volar Foveal Ligament Repair.,Journal of wrist surgery,10.1055/s-0040-1721410,33815950
R00464,exclude,E3,"Ulnar styloid fractures, not SL injury",A+B,exclude,"Ulnar styloid fractures, not SL injury",exclude,"Ulnar styloid fractures, DRUJ, not SL ligament",Chen AC,2020,Surgical management of ulnar styloid fractures: comparison of fixation with anchor suture and tension band wire.,Journal of orthopaedic surgery and research,10.1186/s13018-020-01795-3,32693819
R00465,exclude,E1,"Review of online shoulder rehabilitation protocols, not SL",A+B,exclude,"Shoulder Latarjet/Bankart protocols, not SL ligament",exclude,"Review of online shoulder rehabilitation protocols, not SL",Beletsky A,2020,A Comparison of Physical Therapy Protocols Between Open Latarjet Coracoid Transfer and Arthroscopic Bankart Repair.,Sports health,10.1177/1941738119887396,31916920
R00466,exclude,E3,Wrist arthrodesis after distal radius tumor resection,A+B,exclude,Wrist arthrodesis after distal radius tumor resection,exclude,Distal radius tumour resection and wrist arthrodesis,Gundavda MK,2021,Does a Modified Technique to Achieve Arthrodesis of the Wrist After Resection of the Distal Radius and Translocating the Ipsilateral Ulna as a Vascularized Graft to Reconstruct the Defect Improve Grip Strength and Outcomes Scores?,Clinical orthopaedics and related research,10.1097/corr.0000000000001604,33399403
R00467,exclude,E3,Carpal tunnel syndrome self-stretching trial,A+B,exclude,Carpal tunnel syndrome self-stretching trial,exclude,Carpal tunnel syndrome self-stretching trial,Shem K,2020,Effective self-stretching of carpal ligament for the treatment of carpal tunnel syndrome: a double-blinded randomized controlled study [with consumer summary],Journal of Hand Therapy 2020 Jul-Sep;33(3):272-280,,
R00468,exclude,E3,"Scaphoid non-union mobilisation trial, not SL",A+B,exclude,"Scaphoid non-union mobilisation trial, not SL",exclude,"Scaphoid nonunion mobilisation trial, not SL ligament",Muirhead C,2021,Early mobilization versus delayed mobilisation following the use of a volar locking plate with non-vascularized bone graft in scaphoid non-union. A multicentred randomised controlled-trial,Journal of Orthopaedics 2021 Jan;23:203-207,,
R00469,exclude,E1,Systematic review of sports injury prevention,A+B,exclude,Systematic review of sports injury prevention,exclude,Systematic review summary of sports injury prevention,Stephenson SD,2021,A comprehensive summary of systematic reviews on sports injury prevention strategies,Orthopaedic Journal of Sports Medicine 2021 Oct;9(10):23259671211035776,,
R00470,exclude,E3,Suspected scaphoid fractures casting trial,A+B,exclude,Suspected scaphoid fractures casting trial,exclude,Suspected scaphoid fractures casting trial,Cohen A,2025,Can we avoid casting for suspected scaphoid fractures? A multicenter randomized controlled trial,Journal of Orthopaedics and Traumatology 2025 Mar 5;26(14):Epub,,
R00471,exclude,E1,Systematic review of Essex-Lopresti injuries,A+B,exclude,Systematic review of Essex-Lopresti injuries,exclude,Systematic review of Essex-Lopresti injuries,"Khan, Wahaj",2026,Acute Versus Chronic Essex-Lopresti Injuries: A Systematic Review of Management Strategies and Outcome Patterns.,Journal of shoulder and elbow surgery,10.1016/j.jse.2026.09.022,42843503
R00472,exclude,E1,Single case report of perilunate fracture-dislocation,A+B,exclude,Single case report of perilunate fracture-dislocation,exclude,"Single case report, perilunate dislocation","Cerdeiros, Manuel",2026,Transradial Perilunate Fracture-Dislocation With Lunotriquetral Coalition.,Cureus,10.7759/cureus.115625,42828048
R00473,exclude,E1,Narrative review of arthroscopic SL instability treatment,A+B,exclude,Narrative review of arthroscopic SL instability treatment,exclude,Narrative review of arthroscopic SL instability treatment,"Roh, Youn-Tae",2026,Arthroscopic Treatment of Scapholunate Instability: A Stage- and Ligament-Based Narrative Review.,"Medicina (Kaunas, Lithuania)",10.3390/medicina62091706,42796313
R00474,include,INC,"68 patients, arthroscopic dorsal capsuloligamentous reconstruction for SL instability, QuickDASH outcomes",A+B,include,"68 patients, arthroscopic dorsal capsuloligamentous reconstruction for SL instability, QuickDASH outcomes",include,"68 SL instability patients, arthroscopic capsuloligamentous reconstruction, QuickDASH outcomes","Houghton, Eleanor Ruth",2026,Midcarpal Ultra-wide Scapholunotriquetral Capsulo-ligamentoplasty (MUSCL) Procedure.,Journal of wrist surgery,10.1055/a-2698-9750,42788177
R00475,exclude,E1,Systematic review plus three-case series of dorsal lunate dislocation,A+B,exclude,Systematic review plus three-case series of dorsal lunate dislocation,exclude,"Systematic review plus 3 cases, dorsal lunate dislocation","Vinograd, Ofir",2026,The Dorsal Lunate Dislocation: A Systematic Review and Case Series.,Journal of wrist surgery,10.1055/a-2745-7754,42787919
R00476,exclude,E3,ECU tendon instability; SL only incidental concurrent pathology,A+B,exclude,ECU tendon instability; SL only incidental concurrent pathology,exclude,"ECU tendon instability repair; SL only incidental, 7 patients","Ecker, Jeff",2026,ECU Instability with Longitudinal Interfascicular Separation: Outcomes of Repair and Reconstruction with a Retrograde Posterior Interosseous Artery Fascial Flap.,Journal of wrist surgery,10.1055/a-2860-8926,42787886
R00477,exclude,E3,"Thumb CMC-1 instability, not SL",A+B,exclude,"Thumb CMC-1 instability, not SL",exclude,Thumb CMC joint instability capsuloplasty,"Tandioy-Delgado, Fabio A",2026,Capsuloplasty of the Dorsal Carpometacarpal Ligament Complex by Arthroscopy in Carpometacarpal Instability Arthroscopic Assisted.,Techniques in hand & upper extremity surgery,10.1097/bth.0000000000000567,42583914
R00478,exclude,E1,Single case report of FCR rupture,A+B,exclude,Single case report of FCR rupture,exclude,"Single case report, FCR rupture","Distor, Mon Gabriel",2026,Flexor Carpi Radialis Tendon Rupture from Scapho-Trapezio-Trapezoid Osteoarthritis: A Case Report and Review of Literature.,The journal of hand surgery Asian-Pacific volume,10.1142/s2424835526720082,42290073
R00479,exclude,E1,Narrative review of TFCC repairs,A+B,exclude,Narrative review of TFCC repairs,exclude,Narrative review of TFCC repairs,"Sakhat, Georges",2026,Open versus arthroscopic triangular fibrocartilage repairs: a narrative review.,Orthopedic reviews,10.52965/001c.161813,42186665
R00480,exclude,E2,Cadaveric biomechanical sectioning study,A+B,exclude,Cadaveric biomechanical sectioning study,exclude,Cadaveric ligament sectioning biomechanical study,"Rodriguez, Gustavo L Gomez",2026,The role of the dorsal scaphotriquetral ligament: a biomechanical study.,"The Journal of hand surgery, European volume",10.1177/17531934261432885,41863232
R00481,exclude,E3,"Perilunate fracture-dislocations, not isolated SL injury",A+B,exclude,"Perilunate fracture-dislocations, not isolated SL injury",exclude,"Perilunate fracture-dislocations, not isolated SL injury","Mazhar, Farid Najd",2026,Concomitant trans-styloid and trans-scaphoid perilunate fracture-dislocations: evaluation of surgical outcomes in the largest reported series.,International journal of surgery case reports,10.1097/rc9.0000000000000256,41836967
R00482,exclude,E1,Review of arthroscopic DRUJ/TFCC treatment,A+B,exclude,Review of arthroscopic DRUJ/TFCC treatment,exclude,German narrative review of arthroscopic TFCC/DRUJ stabilisation,"Broccoli, Giuseppe",2026,[Arthroscopic stabilization of the distal radioulnar joint and treatment of TFCC lesions].,"Orthopadie (Heidelberg, Germany)",10.1007/s00132-026-04769-1,41784776
R00483,exclude,E2,Finite element computational model,A+B,exclude,Finite element computational model,exclude,Finite element computational model,"Andreassen, Thor E",2026,Finite Element Modeling of the Scaphoid Shift Maneuver: Implications for Scapholunate Ligament injuries.,bioRxiv : the preprint server for biology,10.64898/2026.02.17.705556,41756899
R00484,exclude,E2,Cadaveric specimen biomechanics of 3LT,A+B,exclude,Cadaveric specimen biomechanics of 3LT,exclude,Anatomic specimen biomechanics after 3LT,"Bakker, Daniel",2025,Flexor Carpi Radialis and Dorsal Intercarpal Complex Elongation After 3 Ligament Tenodesis.,"Hand (New York, N.Y.)",10.1177/15589447251404957,41457782
R00485,exclude,E2,Cadaveric biomechanical TFCC repair study,A+B,exclude,Cadaveric biomechanical TFCC repair study,exclude,Cadaveric TFCC biomechanical study,"Vilai, Parunyu",2026,Over-the-Top Foveal Triangular Fibrocartilage Complex Repairs With Distal Radioulnar Joint Instability: A Biomechanical Study.,The Journal of hand surgery,10.1016/j.jhsa.2025.07.015,40944678
R00486,exclude,E1,Commentary-style review on wrist arthroscopy,A+B,exclude,Commentary-style review on wrist arthroscopy,exclude,Commentary/review on wrist arthroscopy,"Del Pinal, Francisco",2025,The evolving role of wrist arthroscopy.,"The Journal of hand surgery, European volume",10.1177/17531934251364401,40762263
R00487,exclude,E3,Distal radius fracture with DRUJ/TFCC injury,A+B,exclude,Distal radius fracture with DRUJ/TFCC injury,exclude,TFCC injury with distal radius fracture,"Jiang, Peilong",2025,Arthroscopic capsular suture benefits the clinical prognosis of distal radius fracture with DRUJ instability.,BMC surgery,10.1186/s12893-025-03053-x,40739659
R00488,exclude,E1,Scoping review of TFCC rehabilitation,A+B,exclude,Scoping review of TFCC rehabilitation,exclude,Scoping review of TFCC rehabilitation,"Paraj, Deepthi",2025,Clinical and functional outcomes of rehabilitation strategies following arthroscopic repair of chronic isolated peripheral TFCC tears: A scoping review.,Journal of orthopaedics,10.1016/j.jor.2025.06.028,40688004
R00489,exclude,E3,Scaphoid nonunion arthroscopic portal,A+B,exclude,Scaphoid nonunion arthroscopic portal,exclude,Scaphoid nonunion arthroscopic portal technique,"Kaempf, Ricardo",2025,Use of the trans-scaphoid portal for the arthroscopic treatment of scaphoid nonunion in the middle third with flexion deformity: technique description and patient series.,Journal of hand and microsurgery,10.1016/j.jham.2025.100324,40687291
R00490,exclude,E1,"Letter describing technique, no abstract or patient outcomes",A+B,exclude,"Letter describing technique, no abstract or patient outcomes",exclude,"Letter, technique note, no abstract or patient outcomes","de Villeneuve Bargemon, Jean Baptiste",2025,"InternalBrace for intercarpal ligament reconstruction: An ""All-dorsal"" variant technique with capsular preservation.",International journal of surgery case reports,10.1016/j.ijscr.2025.111554,40554938
R00491,exclude,E1,Single case report of lunate/scaphoid dislocation,A+B,exclude,Single case report of lunate/scaphoid dislocation,exclude,"Single case report, lunate/scaphoid dislocation","Wang, Zhiling",2025,A novel injury mechanism of trans-styloid palmar-divergent dislocation of the lunate and scaphoid: a case report.,Frontiers in surgery,10.3389/fsurg.2025.1526008,40256416
R00492,exclude,E3,"Failed thumb basal joint arthroplasty, not SL",A+B,exclude,"Failed thumb basal joint arthroplasty, not SL",exclude,Failed thumb basal joint arthroplasty revision,"Harri, Adina",2025,Failed Thumb Basal Joint Arthroplasty: An Analysis of Common Etiologies Leading to Reoperation.,Journal of hand surgery global online,10.1016/j.jhsg.2024.12.004,40182871
R00493,exclude,E3,"Palmar midcarpal instability, radiotriquetral reconstruction, not SL",A+B,exclude,"Palmar midcarpal instability, radiotriquetral reconstruction, not SL",exclude,"Palmar midcarpal instability, radiotriquetral reconstruction, not SL","Parry, Matthew W",2025,Culp Midcarpal Reconstruction to Treat Palmar Midcarpal Instability.,The Journal of hand surgery,10.1016/j.jhsa.2025.02.010,40126460
R00494,exclude,E3,"TFCC foveal tear, not scapholunate ligament injury",A+B,exclude,"TFCC foveal tear, not scapholunate ligament injury",exclude,"TFCC foveal tears, not scapholunate ligament","Zheng, Wen",2025,"Arthroscopically assisted repair of foveal triangular fibrocartilage complex tear using modified ""double loop suture"" - a retrospective cohort study.",BMC surgery,10.1186/s12893-025-02806-y,39953478
R00495,exclude,E3,"Scaphoid waist nonunion, not SL ligament injury",A+B,exclude,"Scaphoid waist nonunion, not SL ligament injury",exclude,"Scaphoid waist nonunion, not SL ligament injury","Stoltz, Michael J",2026,Cancellous Grafting Versus Corticocancellous Graft With Volar Locked Plating for Scaphoid Waist Fracture Nonunion: An Evaluation of Early Bony Bridging.,"Hand (New York, N.Y.)",10.1177/15589447241308598,39727087
R00496,exclude,E3,"TFCC repair/DRUJ instability, not SL",A+B,exclude,"TFCC repair/DRUJ instability, not SL",exclude,"TFCC repair and DRUJ instability, not SL","Yeh, Chen-Wei",2024,Effect of dorsal capsular imbrication on intraoperative DRUJ instability following arthroscopic TFCC repair surgery.,BMC musculoskeletal disorders,10.1186/s12891-024-07663-z,39010002
R00497,exclude,E1,"Editorial; TFCC reconstruction, not SL",A+B,exclude,"TFCC reconstruction/DRUJ instability, not SL; editorial-typed",exclude,"Editorial; TFCC reconstruction, not SL","Scholtmeijer, Nadia S",2025,The Comparison between Direct Graft Fixation using a Biotenodesis Screw Combined with Early Mobilization versus a Traditional Knot Fixation with 6-Week Immobilization of Adams-Berger Triangular Fibrocartilage Complex Reconstruction.,Journal of wrist surgery,10.1055/s-0044-1787749,40995551
R00498,exclude,E1,Single case report of trans-scaphoid perilunate fracture-dislocation,A+B,exclude,Single case report of trans-scaphoid perilunate fracture-dislocation,exclude,Single case report of perilunate fracture-dislocation,"Pons-Carrera, G A",2024,[Trans-scapho-perilunar fracture-dislocation: a case report].,Acta ortopedica mexicana,10.35366/115815,38862150
R00499,exclude,E1,Surgical technique description without patient outcomes,A+B,exclude,Surgical technique description without patient outcomes,exclude,Surgical technique description without patient outcomes,"Newton, William",2023,Perilunate Dislocations: Reduction and Stabilization.,JBJS essential surgical techniques,10.2106/jbjs.st.23.00031,38357468
R00500,unclear,UNC,"SL injury with distal radius fracture, arthroscopic repair; design and patient outcomes unstated, not clearly a review",ADJ,exclude,"Narrative overview of arthroscopic management, no patient data reported",unclear,SL capsuloligamentous repair with distal radius fracture; no patient data stated,"Arnaout, Ahlam",2024,Arthroscopic management of scapholunate complex injuries associated with distal radius fractures.,Journal of orthopaedics,10.1016/j.jor.2024.01.009,38333048
R00501,exclude,E1,Single DRUJ dislocation case report,A+B,exclude,Single DRUJ dislocation case report,exclude,Single DRUJ dislocation case report,"Kaempf, Ricardo",2025,Arthroscopic Treatment of Traumatic Isolated Volar Dislocation of the Distal Radioulnar Joint: Case Report and Management Proposal.,Journal of wrist surgery,10.1055/s-0043-1778111,40688637
R00502,exclude,E3,"Radial/PIN nerve injury tendon transfer, not SL ligament",A+B,exclude,"Radial/PIN nerve injury tendon transfer, not SL ligament",exclude,"Radial nerve palsy tendon transfer, not SL","Bertelli, Jayme A",2025,Anconeus Muscle Transfer to Correct or Prevent Wrist Radial Deviation in Radial and Posterior Interosseous Nerve Injuries.,The Journal of hand surgery,10.1016/j.jhsa.2023.11.025,38219087
R00503,include,INC,"21 patients, all-dorsal SL ligamentoplasty, clinical and functional results",A+B,include,"21 patients, all-dorsal SL ligamentoplasty, clinical and functional results",include,"21 patients, SL ligamentoplasty, clinical and functional results","Helfter, Laura",2024,"Ligamentoplasty in scapholunate instability: short-term results of the ""all dorsal scapholunate repair"" technique.",European journal of orthopaedic surgery & traumatology : orthopedie traumatologie,10.1007/s00590-023-03765-x,37897667
R00504,exclude,E3,"Foveal TFCC injuries, not SL ligament",A+B,exclude,"Foveal TFCC injuries, not SL ligament",exclude,"Foveal TFCC injuries, not SL","Welling, Benjamin",2024,Foveal triangular fibrocartilage complex pathology: a potentially under-recognized injury.,"The Journal of hand surgery, European volume",10.1177/17531934231206426,37882708
R00505,exclude,E2,"Anatomical variant of dorsal ligaments, not clinical study",A+B,exclude,"Anatomical variant of dorsal ligaments, not clinical study",exclude,"Anatomical variant of dorsal ligaments, not clinical","Fermin, Theodorakys Marin",2023,The Lateral-W Construct: An Anatomical Variant of the Dorsal Wrist Ligaments.,Journal of wrist surgery,10.1055/s-0042-1758706,37841349
R00506,exclude,E1,Book chapter on wrist instability,A+B,exclude,Book chapter on wrist instability,exclude,Book chapter / study guide on wrist instability,"Taqi, Muhammad",2023,Wrist Instability.,StatPearls,,34283439
R00507,exclude,E1,Systematic review of ECU instability,A+B,exclude,Systematic review of ECU instability,exclude,Systematic review of ECU instability,"Lari, Ali",2024,Operative Management of Extensor Carpi Ulnaris Instability: A Systematic Review.,Journal of wrist surgery,10.1055/s-0043-1764354,38808191
R00508,exclude,E3,"Kienbock disease lunate prosthesis, not SL injury",A+B,exclude,"Kienbock disease lunate prosthesis, not SL injury",exclude,"Kienbock disease lunate prosthesis, not SL injury","Henry, Mark",2024,Long-term Outcomes for Late-Phase Kienbock's Tenoarthroplasty.,"Hand (New York, N.Y.)",10.1177/15589447221136622,36495021
R00509,exclude,E1,Single case report of lunate dislocation,A+B,exclude,Single case report of lunate dislocation,exclude,Single case report of lunate dislocation,"Thomas, Jija",2022,Palmar lunate dislocation with Tran scaphoid fracture dislocation and trapezium fracture-A case report of rare fracture presentation.,Trauma case reports,10.1016/j.tcr.2022.100736,36478692
R00510,exclude,E1,Meta-analysis of SL reconstruction techniques,A+B,exclude,Meta-analysis of SL reconstruction techniques,exclude,Meta-analysis of SL reconstruction techniques,"Wu, Meagan",2023,Comparison of Outcomes of Scapholunate Ligament Reconstruction Techniques.,Journal of wrist surgery,10.1055/s-0042-1757442,38213567
R00511,include,INC,"22 patients, SLIC ligamentoplasty for SL instability, outcomes",A+B,include,"22 patients, SLIC ligamentoplasty for SL instability, outcomes",include,"22 patients, SLIC ligamentoplasty with clinical and radiological outcomes","Metairie, F",2022,"Radiological and functional correlation following ""SLIC"" scapholunate-intercarpal ligamentoplasty at minimum 12 months' follow-up.",Hand surgery & rehabilitation,10.1016/j.hansur.2022.08.004,35988914
R00512,exclude,E1,"New surgical technique note, no patient outcomes",A+B,exclude,"New surgical technique note, no patient outcomes",exclude,"New technique note, no patient outcomes","Lui, Hayman",2022,Arthroscopic-Assisted Volar Scapholunate Capsulodesis: A New Technique.,The Journal of hand surgery,10.1016/j.jhsa.2022.05.018,35965143
R00513,exclude,E2,Cadaveric ECU subsheath anatomy study,A+B,exclude,Cadaveric ECU subsheath anatomy study,exclude,Cadaveric ECU groove anatomy study,"Shoap, Seth C",2024,An Analysis of Extensor Carpi Ulnaris Groove Morphology and Tendon Instability.,"Hand (New York, N.Y.)",10.1177/15589447221105539,35815616
R00514,exclude,E1,Single case report of Essex-Lopresti reconstruction,A+B,exclude,Single case report of Essex-Lopresti reconstruction,exclude,Single case report of Essex-Lopresti injury,"Thatcher, Keely M",2022,Simultaneous Reconstruction of the Distal Radioulnar Joint Ligaments and Interosseous Membrane Combined with Ulna Shortening Osteotomy for Chronic Essex-Lopresti Injury.,The journal of hand surgery Asian-Pacific volume,10.1142/s2424835522720262,35808872
R00515,exclude,E1,"TFCC reconstruction technique note, no patient outcomes",A+B,exclude,"TFCC reconstruction technique note, no patient outcomes",exclude,"TFCC surgical technique description, no outcomes","Tang, Camelia Q Y",2024,All-Arthroscopic Foveal Triangular Fibrocartilage Complex Tendon Reconstruction.,Journal of wrist surgery,10.1055/s-0042-1751017,38264134
R00516,exclude,E1,Systematic review of volar DRUJ dislocation,A+B,exclude,Systematic review of volar DRUJ dislocation,exclude,Systematic review plus 3 cases of DRUJ dislocation,"O'Malley, O",2023,Isolated volar dislocation of the distal radioulnar joint: a case series and systematic review.,Annals of the Royal College of Surgeons of England,10.1308/rcsann.2022.0023,35617051
R00517,exclude,E1,Single Monteggia/TFCC case report,A+B,exclude,Single Monteggia/TFCC case report,exclude,Single Monteggia case report,"Jasti, Ramprasad",2021,Monteggia Fracture-Dislocation with Associated TFCC Injury and DRUJ Subluxation - A Very Rare Case Report.,Journal of orthopaedic case reports,10.13107/jocr.2021.v11.i09.2426,35415170
R00518,exclude,E2,Cadaveric MCP collateral ligament study,A+B,exclude,Cadaveric MCP collateral ligament study,exclude,Cadaver study of MCP collateral ligament,"Artuso, M",2022,Validation of the spontaneous lateral laxity sign for radial collateral ligament sprain of the metacarpophalangeal joint of the fingers: Anatomical study.,Hand surgery & rehabilitation,10.1016/j.hansur.2022.01.008,35134575
R00519,exclude,E2,Cadaveric scaphoid hamate graft kinematics,A+B,exclude,Cadaveric scaphoid hamate graft kinematics,exclude,Cadaveric scaphoid graft kinematics,"Burnier, Marion",2023,Does Proximal Hamate Graft for Proximal Scaphoid Reconstruction Restore Native Wrist Kinematics?,"Hand (New York, N.Y.)",10.1177/15589447211063570,35130742
R00520,exclude,E1,Single ECU instability case report,A+B,exclude,Single ECU instability case report,exclude,Single ECU case report,"Christie, Brian M",2022,Use of Tendon Allograft for Recurrent Extensor Carpi Ulnaris Instability in Ehlers-Danlos Syndrome: A Case Report.,Journal of wrist surgery,10.1055/s-0041-1729760,35127269
R00521,exclude,E3,"TFCC repair for DRUJ instability, not SL",A+B,exclude,"TFCC repair for DRUJ instability, not SL",exclude,"TFCC repair for DRUJ instability, not SL","Yeh, Chen-Wei",2022,"Midterm Results of Arthroscopy-Assisted ""Tent Form"" Triangular Fibrocartilage Complex Repair With Dorsal Distal Radioulnar Joint Capsule Imbrication for Posttraumatic Chronic Distal Radioulnar Joint Instability.",Arthroscopy : the journal of arthroscopic & related surgery : official publication of the Arthroscopy Association of North America and the International Arthroscopy Association,10.1016/j.arthro.2022.01.009,35042008
R00522,exclude,E3,"TFCC/DRUJ instability anchors, not SL",A+B,exclude,"TFCC/DRUJ instability anchors, not SL",exclude,"TFCC/DRUJ instability anchors, not SL","Monsivais, Jose J",2022,Comparative Study of 2 Bone Anchors Using a Limited Open Procedure for the Management of Distal Radioulnar Joint Instability.,"Hand (New York, N.Y.)",10.1177/15589447211057300,34963344
R00523,exclude,E3,"Total wrist fusion with fibula graft, not SL",A+B,exclude,"Total wrist fusion with fibula graft, not SL",exclude,"Total wrist fusion for distal radius defects, not SL","Innocenti, Marco",2021,The role of VFG in wrist arthrodesis: Long term results in a series of 11 patients and literature review.,Injury,10.1016/j.injury.2021.11.004,34823846
R00524,exclude,E3,"TFCC reconstruction for DRUJ instability, not SL",A+B,exclude,"TFCC reconstruction for DRUJ instability, not SL",exclude,"TFCC reconstruction, not SL","Yeh, Kuang-Ting",2021,Arthroscopic triangular fibrocartilage complex reconstruction with free tendon graft for chronic distal radioulnar joint instability.,Journal of orthopaedic surgery and research,10.1186/s13018-021-02827-2,34789297
R00525,exclude,E1,"Editorial-type TFCC technique note, not SL",A+B,exclude,"Irreparable TFCC tear reconstruction, not SL",exclude,"Editorial-type TFCC technique note, not SL","Atzei, Andrea",2023,Allinside Anatomic Arthroscopic (3A) Reconstruction of Irreparable TFCC Tear.,Journal of wrist surgery,10.1055/s-0041-1735981,36644726
R00526,exclude,E1,Review of lunotriquetral ligament tears,A+B,exclude,Review of lunotriquetral ligament tears,exclude,Review of lunotriquetral ligament tears,"Faucher, Gregory K",2021,LT Ligament Tears.,Hand clinics,10.1016/j.hcl.2021.06.008,34602133
R00527,include,INC,"20 patients, ECRL tenodesis (Dynadesis) for SL instability, 20-year results",A+B,include,"20 patients, ECRL tenodesis (Dynadesis) for SL instability, 20-year results",include,"20 patients, ECRL tenodesis for SL instability, 20-year results","Seradge, Houshang",2023,Dynadesis for Treatment of Dynamic Scaphoid Instability with 20-Year Results.,Journal of wrist surgery,10.1055/s-0041-1735304,36644733
R00528,unclear,UNC,"SL repair with distal radius fracture fixation, 42 adults, SL outcomes",A+B,unclear,"SL repair with distal radius fracture fixation, 42 adults, SL outcomes",unclear,SL repair with distal radius fracture fixation; separate SL results possible,"Duethman, Nicholas C",2021,Early Outcomes of Scapholunate Injuries With Concomitant Distal Radius Fractures.,"Hand (New York, N.Y.)",10.1177/1558944719890037,34549615
R00529,exclude,E1,Systematic review of scaphoid nonunion grafting,A+B,exclude,Systematic review of scaphoid nonunion grafting,exclude,Systematic review of scaphoid nonunion grafting,"Rancy, Schneider K",2022,Predictors of Failure for Vascularized and Nonvascularized Bone Grafting of Scaphoid Nonunions: A Systematic Review.,Journal of hand and microsurgery,10.1055/s-0041-1735349,36398155
R00530,exclude,E2,Cadaveric kinematic study of dorsal approaches,A+B,exclude,Cadaveric kinematic study of dorsal approaches,exclude,Cadaveric kinematic study of dorsal approaches,"Loisel, Francois",2021,"Is the Dorsal Fiber-Splitting Approach to the Wrist Safe? A Kinematic Analysis and Introduction of the ""Window"" Approach.",The Journal of hand surgery,10.1016/j.jhsa.2021.05.029,34325942
R00531,exclude,E3,"TFCC foveal tears, not SL ligament",A+B,exclude,"TFCC foveal tears, not SL ligament",exclude,"TFCC foveal tears, not SL","Lo, I-Ning",2021,The rein-type arthroscopic capsular suture for triangular fibrocartilage complex foveal tears: midterm results for 90 patients.,"The Journal of hand surgery, European volume",10.1177/17531934211024177,34167370
R00532,include,INC,"50 cases three-ligament tenodesis for SL instability, 9-year results",A+B,include,"50 cases three-ligament tenodesis for SL instability, 9-year results",include,50 cases of three-ligament tenodesis for SL instability,"Goeminne, S",2021,Long-term follow-up of the three-ligament tenodesis for scapholunate ligament lesions: 9-year results.,Hand surgery & rehabilitation,10.1016/j.hansur.2021.03.020,33878482
R00533,exclude,E3,"Radiocarpal fracture-dislocation volar ligament repair, not SL",A+B,exclude,"Radiocarpal fracture-dislocation volar ligament repair, not SL",exclude,"Radiocarpal fracture dislocations, not SL ligament injury","Bohm, Kyle C",2021,Volar Radiocarpal Ligament Repair with Suture Anchors for Radiocarpal Fracture Dislocations: Case Series.,Journal of wrist surgery,10.1055/s-0040-1718915,33815955
R00534,exclude,E1,Three cases DRUJ toe-joint reconstruction after Darrach,A+B,exclude,Three cases DRUJ toe-joint reconstruction after Darrach,exclude,"Three-case DRUJ reconstruction series, not SL","Vilkki, Simo K",2021,Distal Radio-Ulnar Joint Reconstruction after failed Darrach operation using free autogenous second toe Metatarso-phalangeal joint transfer. Development of the technique and a long-term (over 25 year) follow-up.,Injury,10.1016/j.injury.2021.03.024,33775414
R00535,exclude,E1,"Thumb UCL reconstruction technique note, no SL",A+B,exclude,"Thumb UCL reconstruction technique note, no SL",exclude,Technique note on thumb UCL reconstruction tensioning,"Azarpira, Mohammadreza",2021,Easy tensioning of two-limb ligament reconstructions with docking fixation.,Hand surgery & rehabilitation,10.1016/j.hansur.2021.01.003,33684572
R00536,exclude,E3,"TFCC foveal reconstruction, not SL ligament",A+B,exclude,"TFCC foveal reconstruction, not SL ligament",exclude,"TFCC foveal reconstruction, not SL","Liu, Bo",2021,The medium term outcomes of an all-arthroscopic triangular fibrocartilage complex foveal reconstruction using tendon graft.,International orthopaedics,10.1007/s00264-021-04976-9,33619584
R00537,exclude,E3,"Ulnar stump after Darrach/Sauve-Kapandji, not SL",A+B,exclude,"Ulnar stump after Darrach/Sauve-Kapandji, not SL",exclude,"Ulnar stump after Darrach/Sauve-Kapandji, not SL","Sakamoto, Kazuaki",2021,Treatment of Proximal Ulnar Stump after Darrach or Sauve-Kapandji Procedure by Transfer of Insertion-Released Pronator Quadratus Pedicle.,The journal of hand surgery Asian-Pacific volume,10.1142/s2424835521500119,33559564
R00538,exclude,E1,"Review of ligamentization literature, systematic review of mostly non-wrist studies",A+B,exclude,"Review of ligamentization literature, systematic review of mostly non-wrist studies",exclude,"Review of ligamentization literature, no patient study","Lindsay, Tim A J",2021,Ligamentization and Remnant Integration: Review and Analysis of Current Evidence and Implications for Scapholunate Reconstruction.,Journal of wrist surgery,10.1055/s-0040-1716863,34877079
R00539,exclude,E1,"DRUJ reconstruction technique note, no patient outcomes",A+B,exclude,"DRUJ reconstruction technique note, no patient outcomes",exclude,"DRUJ reconstruction technique note, no patient outcomes","Hearon, Bernard F",2020,The Original Anatomic Reconstruction of Palmar and Dorsal Radioulnar Ligaments for Distal Radioulnar Joint Instability.,The Journal of hand surgery,10.1016/j.jhsa.2020.08.001,33004247
R00540,exclude,E3,"TFCC foveal avulsion repair, not SL ligament",A+B,exclude,"TFCC foveal avulsion repair, not SL ligament",exclude,"TFCC foveal avulsion repair, not SL ligament","Liu, Bo",2021,Arthroscopic ligament-specific repair for triangular fibrocartilage complex foveal avulsions: a minimum 2-year follow-up study.,"The Journal of hand surgery, European volume",10.1177/1753193420957901,32967517
R00541,exclude,E3,"Scaphoid nonunion arthroscopy, not SL ligament repair",A+B,exclude,"Scaphoid nonunion arthroscopy, not SL ligament repair",exclude,"Scaphoid nonunion population, SL injury incidental","Karthik, Karuppaiah",2020,Role of Wrist Arthroscopy in the Management of Established Scaphoid Nonunion.,Journal of hand and microsurgery,10.1055/s-0039-1692929,32788824
R00542,exclude,E3,"Pediatric forearm single-bone salvage, not SL injury",A+B,exclude,"Pediatric forearm single-bone salvage, not SL injury",exclude,"Pediatric forearm salvage, not SL injury","Wang, Kemble K",2020,Single-Bone Forearm as a Salvage Procedure in Recalcitrant Pediatric Forearm Pathologies.,The Journal of hand surgery,10.1016/j.jhsa.2020.05.007,32718788
R00543,exclude,E1,Single case report of DRUJ dislocation,A+B,exclude,Single case report of DRUJ dislocation,exclude,"Single case report, TFCC and DRUJ","Tomori, Yuji",2020,Habitual volar dislocation of the ulnar head with a locked distal radioulnar joint after distal radius fracture: A case report.,Medicine,10.1097/md.0000000000021343,32702933
R00544,exclude,E1,Narrative review of chronic SL injury management,A+B,exclude,Narrative review of chronic SL injury management,exclude,Narrative review of chronic SL ligament injury management,"Wahed, Karim",2020,Management of chronic scapholunate ligament injury.,Journal of clinical orthopaedics and trauma,10.1016/j.jcot.2020.05.022,32684689
R00545,exclude,E1,"Single case report, elbow injury",A+B,exclude,"Single case report, elbow injury",exclude,"Single case report, elbow injury","Ramzi, Zakaria",2020,Terrible triad of the elbow with an ipsilateral Essex-Lopresti injury: case report.,Journal of surgical case reports,10.1093/jscr/rjaa103,32577203
R00546,exclude,E1,"Surgical technique video note, no patient outcomes",A+B,exclude,"Surgical technique video note, no patient outcomes",exclude,"Arthroscopic technique video note, no patient outcomes","Corella, Fernando",2020,"Arthroscopic ""S""-shaped Ligamentoplasty for Floating Lunate.",Techniques in hand & upper extremity surgery,10.1097/bth.0000000000000291,32427686
R00547,exclude,E1,"Literature review plus three-case series, fibular reconstruction",A+B,exclude,"Literature review plus three-case series, fibular reconstruction",exclude,"Literature review plus three-case series, fibular fusion","Tos, Pierluigi",2020,"Fibulo-scapho-lunate fusion after resection of the distal radius: Case series, review of the literature and critical analysis of bone fixation.",Injury,10.1016/j.injury.2020.03.017,32178846
R00548,exclude,E1,Review article of carpal ligament surgical techniques,A+B,exclude,Review article of carpal ligament surgical techniques,exclude,Narrative review of carpal ligament surgical techniques,"Gire, Jacob D",2020,Surgical Techniques for the Treatment of Acute Carpal Ligament Injuries in the Athlete.,Clinics in sports medicine,10.1016/j.csm.2019.12.001,32115087
R00549,exclude,E2,Cadaveric capitate osteotomy study,A+B,exclude,Cadaveric capitate osteotomy study,exclude,Cadaveric biomechanical study,"Nayar, Suresh K",2020,The Effects of Capitate Height Alteration on Dorsal Intercalated Segment Instability.,Journal of wrist surgery,10.1055/s-0039-1697651,32025351
R00550,exclude,E2,Cadaveric biomechanical study of native SLIL,A+B,exclude,Cadaveric biomechanical study of native SLIL,exclude,Cadaveric biomechanical study of native SL ligament,"Pang, Eric Quan",2020,The Relationship Between the Tensile and the Torsional Properties of the Native Scapholunate Ligament and Carpal Kinematics.,The Journal of hand surgery,10.1016/j.jhsa.2019.10.024,31864824
R00551,exclude,E1,Narrative review of arthroscopy in SL dissociation,A+B,exclude,Narrative review of arthroscopy in SL dissociation,exclude,Narrative review of arthroscopy in SL dissociation,"Mathoulin, Christophe",2020,Role of wrist arthroscopy in scapholunate dissociation.,"Orthopaedics & traumatology, surgery & research : OTSR",10.1016/j.otsr.2019.07.008,31740161
R00552,exclude,E2,Cadaveric kinematics of flexible anchor repair,A+B,exclude,Cadaveric kinematics of flexible anchor repair,exclude,Cadaveric kinematics after anchor repair,"Loisel, Francois",2020,Scapholunate kinematics after flexible anchor repair.,Medical engineering & physics,10.1016/j.medengphy.2019.11.001,31734015
R00553,exclude,E2,"Cadaver study, trapeziometacarpal osteoarthritis surgery",A+B,exclude,"Cadaver study, trapeziometacarpal osteoarthritis surgery",exclude,"Cadaver study, trapeziometacarpal osteoarthritis surgery","Shah, Darshan S",2020,The Effect of Surgical Treatments for Trapeziometacarpal Osteoarthritis on Wrist Biomechanics: A Cadaver Study.,The Journal of hand surgery,10.1016/j.jhsa.2019.10.003,31733980
R00554,exclude,E1,"Technique note on DRUJ ligament reconstruction, no patient outcomes",A+B,exclude,"Technique note on DRUJ ligament reconstruction, no patient outcomes",exclude,DRUJ ligament reconstruction technique note,"Spies, Christian K",2020,[Reconstruction of the deep fibers of the distal radioulnar ligaments facilitating a tendon graft-Adams' procedure].,Operative Orthopadie und Traumatologie,10.1007/s00064-019-00638-7,31720725
R00555,include,INC,"ANAFAB reconstruction case series, ten patients, outcomes reported",A+B,include,"ANAFAB reconstruction case series, ten patients, outcomes reported",include,"ANAFAB SL reconstruction, ten patients, outcomes, 24-month follow-up","Sandow, Michael",2020,Anatomical anterior and posterior reconstruction for scapholunate dissociation: preliminary outcome in ten patients.,"The Journal of hand surgery, European volume",10.1177/1753193419886536,31718405
R00556,include,INC,"Three-ligament tenodesis cohort, 203 patients, PRWE outcomes",A+B,include,"Three-ligament tenodesis cohort, 203 patients, PRWE outcomes",include,"Three-ligament tenodesis SL reconstruction, 203 patients, PRWE outcomes","Blackburn, Julia",2020,Three-ligament tenodesis for chronic scapholunate injuries: short-term outcomes in 203 patients.,"The Journal of hand surgery, European volume",10.1177/1753193419885063,31711344
R00557,exclude,E2,Finite element virtual surgery study,A+B,exclude,Finite element virtual surgery study,exclude,"Finite element virtual surgery, not clinical","Leonardo-Diaz, Roberto",2020,Performance evaluation of surgical techniques for treatment of scapholunate instability in a type II wrist.,International journal for numerical methods in biomedical engineering,10.1002/cnm.3278,31680425
R00558,exclude,E3,"Pediatric TFCC tears, not SL ligament",A+B,exclude,"Pediatric TFCC tears, not SL ligament",exclude,"Pediatric TFCC tears, not SL ligament","Wu, Mark",2020,Early Results of Surgical Treatment of Triangular Fibrocartilage Complex Tears in Children and Adolescents.,The Journal of hand surgery,10.1016/j.jhsa.2019.06.019,31519316
R00559,exclude,E1,Scoping review of dart thrower's motion,A+B,exclude,Scoping review of dart thrower's motion,exclude,Scoping review of dart thrower's motion,"Bergner, Jamie L",2020,"Dart thrower's motion and the injured scapholunate interosseous ligament: A scoping review of studies examining motion, orthoses, and rehabilitation.",Journal of hand therapy : official journal of the American Society of Hand Therapists,10.1016/j.jht.2018.09.005,30879716
R00560,exclude,E1,Narrative overview of TFCC repair,A+B,exclude,Narrative overview of TFCC repair,exclude,Narrative overview of TFCC repair,"Dunn, John C",2020,Surgical Repair of Acute TFCC Injury.,"Hand (New York, N.Y.)",10.1177/1558944719828007,30762446
R00561,exclude,E2,Cadaveric hamate osteotomy kinematics study,A+B,exclude,Cadaveric hamate osteotomy kinematics study,exclude,"Cadaveric hamate osteotomy kinematics, scaphoid nonunion","Kakar, Sanjeev",2020,The Effect of Proximal Hamate Osteotomy on Carpal Kinematics for Reconstruction of Proximal Pole Scaphoid Nonunion With Avascular Necrosis.,"Hand (New York, N.Y.)",10.1177/1558944718793175,30124083
R00562,exclude,E1,Systematic review and meta-analysis,A+B,exclude,Systematic review and meta-analysis,exclude,Systematic review and meta-analysis,"Daly, Lauren T",2020,Chronic Scapholunate Interosseous Ligament Disruption: A Systematic Review and Meta-Analysis of Surgical Treatments.,"Hand (New York, N.Y.)",10.1177/1558944718787289,30027766
